,거래소코드,회사명_y,매출액(요약)(백만원),상장주식수(주),1주당_매출액(백만원)
0,058820,CMG제약,64460.0,138892244,0.00046410078881006485
1,000990,DB하이텍보통주,935920.0,44398588,0.021079949659660348
2,050120,ES큐브,30293.0,13564086,0.0022333240883314954
3,097230,HJ중공업보통주,1694634.0,83274281,0.020350028600066808
4,023150,MH에탄올보통주,51277.0,7378526,0.006949490995898097
5,002360,SH에너지화학보통주,91354.0,111133730,0.0008220186616610457
6,009160,SIMPAC보통주,272087.0,65429516,0.004158474899921314
7,100840,SNT에너지보통주,229991.0,7506711,0.03063805173797153
8,036530,SNT홀딩스보통주,25310.0,16303886,0.00155239063864897
9,011810,STX보통주,788462.0,19726902,0.03996887093574044
10,002710,TCC스틸보통주,323435.0,23000000,0.014062391304347827
11,079940,가비아,64097.0,13535684,0.0047354090122080274
12,217730,강스템바이오텍,295.0,25531688,1.1554269345606917e-05
13,035250,강원랜드보통주,477475.0,213940500,0.0022318121159855195
14,114190,강원에너지,38345.0,18154911,0.0021121006872465526
15,011420,갤럭시아에스엠보통주,19540.0,27549644,0.0007092650634614371
16,002100,경농보통주,165655.0,21691750,0.007636774349695161
17,009450,경동나비엔보통주,746325.0,13604730,0.054857759029396394
18,267290,경동도시가스보통주,1086023.0,5895406,0.18421513293571298
19,012320,경동인베스트보통주,7701.0,2365023,0.003256205119358247
20,000050,경방보통주,226062.0,27415270,0.008245842554167805
21,214390,경보제약보통주,215285.0,23906860,0.009005155842297984
22,012610,경인양행보통주,214380.0,41436365,0.005173716372080418
23,198440,고려시멘트,70183.0,31979960,0.0021945931139376036
24,348150,고바이오랩,4591.0,15749514,0.000291501058381865
25,098460,고영테크놀러지,157078.0,13730951,0.011439702901860185
26,035290,골드앤에스,4139.0,36223910,0.0001142615471383404
27,038530,골드퍼시픽,14335.0,69513992,0.0002062174763319592
28,215000,골프존,281031.0,6275415,0.04478285499843437
29,121440,골프존뉴딘홀딩스,57481.0,42836818,0.0013418597058259556
30,014200,광림,104253.0,52922234,0.0019699281780130445
31,017040,광명전기보통주,112536.0,43337615,0.0025967280386795626
32,029480,광무,25007.0,79665776,0.00031389890685305067
33,037710,광주신세계보통주,147508.0,1600000,0.0921925
34,053270,구영테크,84841.0,26394174,0.00321438359844108
35,005320,국동보통주,167078.0,42352414,0.003944946325845795
36,001140,국보보통주,53289.0,50834861,0.0010482766934289444
37,066620,국보디자인,253811.0,7500000,0.03384146666666667
38,043650,국순당,50346.0,17858304,0.0028191926848148627
39,006050,국영지앤엠,64386.0,34895243,0.0018451225572494222
40,307750,국전약품,80623.0,38538019,0.002092037994999172
41,035080,그래디언트,169182.0,81189163,0.0020838002727038827
42,204020,그리티,119858.0,20147430,0.005949046602966235
43,186230,그린플러스,55545.0,9607742,0.005781275142484051
44,083450,글로벌스탠다드테크놀로지,154150.0,9317745,0.016543702365754805
45,008870,금비보통주,79341.0,1000000,0.079341
46,001570,금양보통주,120928.0,47815112,0.002529074908367882
47,214330,금호에이치티보통주,181174.0,125257661,0.0014464105313286985
48,036190,금화피에스시,205790.0,6000000,0.03429833333333333
49,049080,기가레인,37871.0,72049635,0.0005256237592320905
50,035460,기산텔레콤,26787.0,14577340,0.001837578049218856
51,013700,까뮤이앤씨보통주,161729.0,45152280,0.0035818567744530286
52,308100,까스텔바작,67130.0,6596700,0.010176300271347796
53,187790,나노,36340.0,25797855,0.001408644245810359
54,286750,나노브릭,8652.0,4560103,0.0018973255647953566
55,121600,나노신소재,48524.0,10848333,0.00447294529030405
56,039860,나노엔텍,27440.0,26796327,0.0010240209413775255
57,190510,나무가,388515.0,6871090,0.056543430518302046
58,089600,나스미디어,82058.0,8754691,0.009373032126433702
59,138610,나이벡,6357.0,9902979,0.0006419280501352169
60,130580,나이스디앤비,60301.0,15400000,0.003915649350649351
61,034310,NICE보통주,38981.0,37882300,0.0010290029908426891
62,267320,나인테크,65866.0,39396554,0.0016718721134848494
63,008350,남선알미늄보통주,268475.0,110179090,0.002436714625252396
64,004270,남성보통주,66948.0,36212160,0.0018487712414835239
65,168330,내츄럴엔도텍,13273.0,20665822,0.0006422681856061666
66,094860,네오리진,9473.0,51094062,0.00018540314919569323
67,253590,네오셈,47307.0,37575588,0.0012589822945684843
68,212560,네오오토,117499.0,7874963,0.014920578039541265
69,095660,네오위즈,224298.0,22033719,0.010179761301303698
70,042420,네오위즈홀딩스,990.0,8856866,0.00011177768750255452
71,950220,네오이뮨텍,0.0,98392010,0.0
72,311390,네오크레마,22125.0,7315995,0.0030241956152239034
73,085910,네오티스,38130.0,12486662,0.0030536583756331356
74,092730,네오팜,81466.0,8207361,0.009925967677064529
75,290660,네오펙트,2701.0,18906280,0.00014286258322631422
76,306620,네온테크,33816.0,37207622,0.000908846042351215
77,153460,네이블커뮤니케이션즈,11837.0,6530014,0.0018127066802613287
78,007390,네이처셀,16720.0,61306455,0.00027272821434545514
79,033640,네패스,269153.0,23059202,0.011672259950712952
80,330860,네패스아크,67845.0,10782436,0.006292177389228186
81,005720,넥센보통주,353361.0,53543977,0.006599453753687366
82,089140,넥스턴바이오사이언스,9685.0,11846520,0.0008175396656570874
83,137940,넥스트아이,18393.0,77116173,0.00023851027980862068
84,160550,넥스트엔터테인먼트월드,64241.0,27906106,0.00230204099418242
85,348210,넥스틴,49445.0,9563400,0.005170232344145388
86,225570,넥슨게임즈,81404.0,28850967,0.0028215345433655653
87,217270,넵튠,7493.0,31687822,0.00023646308035938854
88,104620,노랑풍선,19910.0,4765650,0.004177814149171676
89,090350,노루페인트 보통주,555014.0,20000000,0.0277507
90,000320,노루홀딩스보통주,19069.0,13291151,0.0014347139687149743
91,194700,노바렉스,222803.0,9003740,0.02474560571495845
92,285490,노바텍,18917.0,10081744,0.0018763618675499002
93,106520,노블엠앤비,28569.0,126917740,0.0002250985559623107
94,278650,노터스,43576.0,7619368,0.005719109511445043
95,006280,녹십자보통주,1227761.0,11686538,0.10505771683624354
96,142280,녹십자엠에스,110991.0,21117283,0.005255931835549109
97,234690,녹십자웰빙,75603.0,17752276,0.004258777860371256
98,005250,녹십자홀딩스보통주,78785.0,47028210,0.0016752710766580314
99,065560,녹원씨엔아이,16813.0,17260625,0.0009740666980483036
100,004370,농심보통주,2105700.0,6082642,0.3461818071818134
101,072710,농심홀딩스보통주,19291.0,4637790,0.004159524256165113
102,069140,누리플랜,37510.0,7102743,0.005281058317892115
103,040160,누리플렉스,67365.0,12055535,0.005587889712070016
104,332290,누보,,5205000,
105,060260,뉴보텍,42439.0,33433750,0.0012693460948891464
106,012340,뉴인텍,47852.0,30044502,0.0015927040494796685
107,270870,뉴트리,171098.0,9113224,0.018774694882952508
108,144960,뉴파워프라즈마,82235.0,43692624,0.0018821254589790717
109,085670,뉴프렉스,157437.0,22044315,0.007141841331880804
110,119860,다나와,161056.0,13074822,0.012318026203339518
111,064260,다날,195201.0,68949040,0.0028310909042388406
112,340360,다보링크,,6845000,
113,039560,다산네트웍스,31680.0,35090068,0.0009028195670638199
114,023590,다우기술보통주,246162.0,44866617,0.005486529104701609
115,032190,다우데이타,199692.0,38300000,0.005213890339425587
116,068240,다원시스,247510.0,27064407,0.00914522161893294
117,145210,다이나믹디자인보통주,42506.0,157607815,0.00026969474832196614
118,019680,대교보통주,586646.0,84702850,0.006925929883114913
119,006370,대구백화점보통주,85152.0,10821611,0.007868699031964833
120,008060,대덕보통주,5793.0,33890150,0.00017093462259683124
121,000490,대동보통주,637485.0,23728210,0.026866122644733842
122,048470,대동스틸,106358.0,10000000,0.0106358
123,004780,대륙제관,212222.0,15903199,0.013344610728948308
124,017650,대림제지,128737.0,9000000,0.014304111111111111
125,007720,대명소노시즌,129379.0,100800450,0.0012835160954142565
126,036480,대성미생물연구소,24801.0,3800000,0.0065265789473684215
127,025440,대성엘텍,292572.0,100791343,0.002902749296633541
128,104040,대성파인텍,32088.0,31301281,0.0010251337636948468
129,009190,대양금속보통주,140495.0,29565939,0.004751920782898185
130,047040,대우건설보통주,7637256.0,415622638,0.01837545720981637
131,003090,대웅보통주,87608.0,58141980,0.001506794230261852
132,069620,대웅제약보통주,944752.0,11586575,0.08153850469185242
133,007680,대원,146058.0,12133331,0.012037749567699093
134,290380,대유,33636.0,9444400,0.00356147558341451
135,002880,대유에이텍,370576.0,107410543,0.003450089624814577
136,290120,대유에이피,136361.0,10884773,0.012527684316429933
137,000300,대유플러스보통주,104127.0,118955127,0.0008753468860572945
138,012800,대창보통주,421320.0,91140499,0.004622752833512575
139,096350,대창솔루션,25433.0,163761009,0.0001553055892565977
140,140520,대창스틸,169290.0,20000000,0.0084645
141,131220,대한과학,41679.0,7454490,0.005591126958383471
142,003490,대한항공보통주,7405006.0,347820825,0.0212897143234595
143,016090,대현보통주,253199.0,44282310,0.005717836309804073
144,069460,대호에이엘보통주,121426.0,27134839,0.004474911386059818
145,021040,대호특수강,141665.0,73112826,0.001937621724538455
146,161570,더 미동,26281.0,15582830,0.0016865357576255405
147,298540,더네이쳐홀딩스,290420.0,7272328,0.039934942428339316
148,192080,더블유게임즈보통주,238873.0,18374502,0.013000243489592262
149,073570,더블유아이,25376.0,77842364,0.00032599215512005774
150,299170,더블유에스아이,26098.0,29237963,0.0008926066429456799
151,012510,더존비즈온보통주,303185.0,30280485,0.010012554290329233
152,317330,덕산테코피아,78379.0,18377428,0.004264960254503514
153,004830,덕성보통주,107265.0,15680000,0.0068408801020408165
154,090410,덕신하우징,119512.0,46084095,0.0025933459255302726
155,263800,데이타솔루션,92735.0,15898580,0.005832910863737517
156,206560,덱스터스튜디오,24095.0,25348136,0.0009505629920874655
157,261200,덴티스,41479.0,73789453,0.000562126405788643
158,145720,덴티움보통주,178843.0,11068830,0.01615735357756872
159,002150,도화엔지니어링보통주,609393.0,33720000,0.018072153024911032
160,006620,동구바이오제약,139216.0,9604000,0.014495626822157435
161,075970,동국알앤에스,63879.0,18400000,0.003471684782608696
162,100130,동국에스엔씨,161229.0,57143000,0.0028215004462488844
163,004140,동방보통주,555088.0,39971766,0.013887002140460845
164,099410,동방선기,21555.0,13541002,0.001591831978165279
165,007590,동방아그로보통주,128961.0,13617577,0.009470186950292258
166,026960,동서보통주,441093.0,99700000,0.004424202607823471
167,102260,동성케미컬보통주,212658.0,43993012,0.004833904075492717
168,033500,동성화인텍,387129.0,27493533,0.014080729457360027
169,088130,동아엘텍,89155.0,10662938,0.008361204013377926
170,028100,동아지질보통주,314648.0,11500000,0.027360695652173913
171,001520,동양보통주,444361.0,238684063,0.0018617120657946902
172,084670,동양고속보통주,83399.0,2895569,0.028802283765297945
173,060380,동양에스텍,136642.0,19700000,0.006936142131979696
174,088910,동우팜투테이블,276147.0,25831764,0.010690210703380536
175,094170,동운아나텍,70719.0,16162146,0.004375594676598021
176,013120,동원개발,630616.0,90808100,0.006944490634646029
177,049770,동원F&B보통주,1781268.0,3859124,0.4615731445789252
178,032960,동일기연,24726.0,3407309,0.00725675305644425
179,005290,동진쎄미켐,679979.0,51414494,0.013225434057563613
180,000150,두산보통주,1549336.0,16523835,0.09376370558045394
181,131970,두산테스나,132519.0,14759577,0.008978509343458826
182,016740,두올보통주,236980.0,27066680,0.008755414406199799
183,073190,듀오백,43212.0,11968040,0.0036106162746782264
184,030350,드래곤플라이,4169.0,17107393,0.0002436958103435164
185,203650,드림시큐리티,24875.0,50605754,0.0004915448942821799
186,223250,드림씨아이에스,23489.0,5595970,0.0041974849757950815
187,060570,드림어스컴퍼니,221815.0,56859847,0.0039010833075227938
188,192650,드림텍보통주,401396.0,65914378,0.006089657707154575
189,217620,디딤,78229.0,37049478,0.002111473743300783
190,016670,디모아,4891.0,86559394,5.650455454898402e-05
191,187870,디바이스이엔지,126173.0,7036609,0.017930938041320756
192,012030,DB Inc.보통주,224893.0,201173933,0.0011179032822309042
193,066670,디스플레이테크,36225.0,18691918,0.0019380033659467156
194,003160,디아이보통주,101864.0,31496785,0.003234107862119896
195,092200,디아이씨 보통주,351404.0,38888569,0.009036177186154626
196,078590,디아크,37468.0,78724637,0.000475937412070887
197,004840,디알비동일보통주,108822.0,19930000,0.005460210737581535
198,263690,디알젬,105933.0,11325610,0.009353403481136998
199,214680,디알텍,47664.0,51782343,0.000920468198976628
200,263720,디앤씨미디어,55064.0,12275111,0.0044858250161648235
201,141020,디에스앤엘,0.0,174440126,0.0
202,109740,디에스케이,32091.0,20354763,0.0015765843110037685
203,196490,디에이테크놀로지,33373.0,23570996,0.0014158502254211064
204,066900,디에이피,301340.0,22744503,0.013248915573138705
205,127120,디엔에이링크,13813.0,16393692,0.0008425801826702612
206,092070,디엔에프,83155.0,10761828,0.007726847149015948
207,007340,디엔오토모티브보통주,167728.0,9994005,0.016782861325364554
208,068790,디엠에스,223495.0,24573061,0.009095122500204594
209,039840,디오,77006.0,15523602,0.004960575515914412
210,219550,디와이디,30388.0,79827864,0.0003806690856716397
211,079810,디이엔티,22808.0,13036859,0.0017495011643525484
212,043360,디지아이,15466.0,9000000,0.0017184444444444445
213,197140,디지캡,15675.0,7409323,0.002115577900976918
214,068930,디지털대성,100643.0,29656989,0.003393567701697566
215,033130,디지틀조선일보,28389.0,37115267,0.0007648873979540548
216,263020,디케이앤디,37512.0,7763202,0.004832026784824097
217,290550,디케이티,134497.0,8231333,0.016339637820508537
218,187220,디티앤씨,43483.0,11241818,0.0038679686862036016
219,131180,딜리,27574.0,29350000,0.0009394889267461669
220,317120,라닉스,9127.0,9595500,0.0009511750299619614
221,171120,라이온켐텍,132571.0,18893576,0.00701672356784126
222,069540,라이트론,17240.0,23174379,0.0007439250044197517
223,347700,라이프시맨틱스,2665.0,9776917,0.0002725808145860295
224,214260,라파스,14811.0,8430916,0.0017567486142668247
225,115390,락앤락보통주,213217.0,53007638,0.004022382585694537
226,084650,랩지노믹스,119369.0,11450097,0.01042515185679213
227,217500,러셀,29130.0,31812000,0.0009156921916258016
228,141080,레고켐바이오사이언스,49394.0,24115838,0.002048197537236732
229,038390,레드캡투어,223607.0,8589480,0.02603265855441773
230,294140,레몬,80147.0,37000000,0.0021661351351351353
231,228670,레이,47098.0,6653267,0.0070789282919203455
232,228850,레이언스,87104.0,16591014,0.005250070911880371
233,281740,레이크머티리얼즈,46501.0,65730548,0.0007074488409863858
234,277810,레인보우로보틱스,5427.0,15870214,0.0003419613623357568
235,215100,로보로보,4386.0,17798454,0.00024642589744030576
236,090360,로보스타,130208.0,9750000,0.013354666666666667
237,108490,로보티즈,17015.0,11251000,0.0015123100168873878
238,067730,로지시스,32853.0,9673922,0.003396037305241866
239,038060,루멘스,135925.0,48103069,0.0028257032830899
240,085370,루트로닉,91878.0,25857703,0.0035532158444236133
241,060240,룽투코리아,51381.0,25429284,0.0020205445029439287
242,039980,리노스,85635.0,41540606,0.0020614769076791996
243,016100,리더스코스메틱,32440.0,18374829,0.0017654586064447186
244,012700,리드코프,321047.0,26446135,0.012139656702198638
245,302550,리메드,16633.0,6088916,0.0027316849173153316
246,042500,링네트,146692.0,15356878,0.009552201951464353
247,219420,링크제니시스,12855.0,10000000,0.0012855
248,027740,마니커보통주,215406.0,198472594,0.0010853186107901629
249,195500,마니커에프앤지,92298.0,10768000,0.008571508172362555
250,305090,마이크로디지탈,2290.0,7261600,0.00031535749697036465
251,098120,마이크로컨텍솔루션,38530.0,8312766,0.004635039648656055
252,147760,마이크로프랜드,51025.0,10819866,0.004715862470015803
253,169330,마크로밀엠브레인,37115.0,8968459,0.004138392113962945
254,038290,마크로젠,90534.0,10652628,0.008498747914599102
255,127160,매직마이크로,17122.0,80909216,0.000211619897540473
256,093520,매커스,80181.0,16163092,0.004960746372043171
257,100590,머큐리,117810.0,14763600,0.007979761033894172
258,067280,멀티캠퍼스,250841.0,5926779,0.04232332604269537
259,235980,메드팩토,0.0,20372842,0.0
260,041920,메디아나,67137.0,8650496,0.007761057863040454
261,054180,메디콕스,16190.0,43760276,0.0003699702442461743
262,086900,메디톡스,123329.0,5977449,0.020632380134067225
263,065650,메디프론디비티,31415.0,41712505,0.0007531314650127102
264,140410,메지온,28634.0,8892706,0.003219942276288005
265,241770,메카로,71443.0,10102240,0.007071995913777538
266,090370,메타랩스보통주,23796.0,63689937,0.0003736226022644676
267,059210,메타바이오메드,41841.0,23862351,0.0017534315876922605
268,058110,멕아이씨에스,64052.0,16050530,0.003990647037823673
269,096640,멜파스,50236.0,33853229,0.001483935254743351
270,012690,모나리자보통주,117131.0,36571255,0.003202815982114915
271,005360,모나미보통주,93093.0,18897307,0.004926257482084617
272,080420,모다이노칩,136405.0,79721622,0.0017110163664256605
273,080160,모두투어네트워크,42692.0,18900000,0.0022588359788359787
274,101330,모베이스,15785.0,23958188,0.0006588561705918661
275,012860,모베이스전자,607684.0,56953560,0.010669815899129045
276,363260,모비데이즈,,6810000,
277,348030,모비릭스,43727.0,9304000,0.004699806534823732
278,250060,모비스,772.0,32171314,2.3996533060477417e-05
279,033200,모아텍,26867.0,14331185,0.0018747228509017225
280,009680,모토닉보통주,178558.0,33000000,0.0054108484848484845
281,006920,모헨즈,31729.0,10920000,0.0029055860805860807
282,033920,무학보통주,136005.0,28500000,0.004772105263157894
283,218150,미래생명자원,32095.0,18671428,0.0017189365483989763
284,007120,미래아이앤지보통주,5773.0,129484148,4.458460814832716e-05
285,049950,미래컴퍼니,54226.0,8362306,0.006484574948584757
286,059090,미코,46650.0,31316603,0.001489625167838287
287,214610,미코바이오메드,45722.0,18262333,0.0025036231679709266
288,201490,미투온,17080.0,31257770,0.0005464241371025508
289,018700,바른손,3450.0,29471487,0.00011706229821386346
290,035620,바른손이앤에이,11462.0,73488503,0.00015596997533069901
291,064520,바른전자,22920.0,73686477,0.0003110475752559048
292,053030,바이넥스,132969.0,31761048,0.004186543214820871
293,301300,바이브컴퍼니,25571.0,5394170,0.004740488342043354
294,064550,바이오니아,158174.0,25132038,0.006293719594089425
295,314930,바이오다인,3671.0,5918200,0.000620289953026258
296,208710,바이오로그디바이스,73370.0,29358842,0.0024990767687635635
297,086820,바이오솔루션,7744.0,8091426,0.000957062451043858
298,038460,바이오스마트,60086.0,20087800,0.002991168769103635
299,086040,바이오톡스텍,25404.0,14625123,0.0017370110323174717
300,043150,바텍,153218.0,14854256,0.010314754236092336
301,323990,박셀바이오,0.0,15046000,0.0
302,003610,방림보통주,79948.0,42314090,0.0018893942892308448
303,267790,배럴,25896.0,7885500,0.0032840022826707248
304,046310,백금티앤에이,50622.0,16418641,0.0030832028058838733
305,035150,백산보통주,204722.0,24200000,0.008459586776859504
306,066410,버킷스튜디오,23256.0,41210734,0.0005643189951433527
307,206400,베노홀딩스,9431.0,22457437,0.0004199499702481632
308,177350,베셀,68728.0,11192368,0.006140612960545972
309,299910,베스파,66101.0,8071688,0.008189241209521478
310,007210,벽산보통주,268645.0,68560000,0.003918392648774796
311,225530,보광산업,56898.0,36338727,0.0015657675625235855
312,250000,보라티알,44164.0,6750733,0.006542104390738013
313,002760,보락보통주,38293.0,59900000,0.0006392821368948247
314,003850,보령보통주,541445.0,52120000,0.010388430544896392
315,226340,본느,24435.0,30699596,0.000795938813005878
316,008470,부-스타,100596.0,8404800,0.011968874928612221
317,014470,부방,4886.0,60052260,8.136246662490305e-05
318,338220,뷰노,1257.0,10855069,0.0001157984348141868
319,100120,뷰웍스,147531.0,10001865,0.014750349059900329
320,337930,브랜드엑스코퍼레이션,120908.0,19062968,0.006342559039075132
321,064480,브리지텍,44326.0,11952500,0.003708512863417695
322,251630,브이원텍,30445.0,15050580,0.002022845631198266
323,018290,브이티지엠피,105877.0,34159521,0.003099487255690734
324,044480,블루베리엔에프티,11799.0,20127806,0.0005862039807021192
325,033560,블루콤,54245.0,18088047,0.0029989417873582482
326,369370,블리츠웨이,,4210000,
327,121800,비덴트,10707.0,45673805,0.00023442321041568576
328,082800,비보존 헬스케어,28165.0,159753474,0.00017630289529728786
329,002070,비비안보통주,165674.0,26735890,0.006196689169502119
330,100220,비상교육 보통주,142791.0,12996741,0.010986677352422427
331,200780,비씨월드제약,57425.0,8892384,0.00645777330353705
332,141000,비아트론,91302.0,12114710,0.0075364577443455105
333,090460,비에이치,323300.0,33472688,0.00965862078360722
334,032790,비엔지티,13982.0,21962565,0.0006366287362154648
335,142760,비엘,15527.0,27412216,0.0005664262969473172
336,065170,비엘팜텍,28316.0,86996089,0.00032548589626827935
337,086670,비엠티,88157.0,8146529,0.01082141854524792
338,335890,비올,12154.0,54740000,0.00022203142126415784
339,001460,BYC보통주,160911.0,624615,0.25761629163564753
340,138580,비즈니스온커뮤니케이션,16223.0,11376440,0.0014260172778127428
341,027410,BGF보통주,51633.0,95716791,0.0005394351342179869
342,282330,BGF리테일보통주,6167809.0,17283906,0.3568527276183983
343,082920,비츠로셀,112282.0,21539152,0.005212925745637526
344,054220,비츠로시스,7440.0,21559978,0.0003450838400669982
345,042370,비츠로테크,37813.0,24276949,0.0015575680453091532
346,050090,비케이홀딩스,10110.0,79138942,0.00012775000201544265
347,307870,비투엔,,4750000,
348,032850,비트컴퓨터,35751.0,16623293,0.0021506569125623906
349,238200,비피도,12300.0,4090000,0.0030073349633251835
350,093190,빅솔론,66000.0,19238905,0.0034305486720787905
351,065450,빅텍,67287.0,28652800,0.0023483568796068797
352,005180,빙그레보통주,907529.0,9851241,0.09212331725515598
353,143240,사람인에이치알,68196.0,11659263,0.0058490832568061975
354,003960,사조대림보통주,1086177.0,9164467,0.11852047696827323
355,006090,사조오양보통주,327621.0,9422739,0.03476918972286084
356,122350,삼기,326094.0,38339428,0.008505447707774878
357,023600,삼보판지,175035.0,16170000,0.010824675324675325
358,068290,삼성출판사보통주,56764.0,10000000,0.0056764
359,145990,삼양사보통주,1524770.0,10313449,0.14784287971948085
360,225190,삼양옵틱스,38577.0,10092700,0.0038222675795376855
361,272550,삼양패키징보통주,367569.0,14209804,0.02586728149100438
362,000070,삼양홀딩스보통주,114140.0,8564271,0.013327462430836204
363,060310,삼에스코리아,19470.0,45211895,0.0004306388838600992
364,023000,삼원강재 보통주,245989.0,40000000,0.006149725
365,002450,삼익악기보통주,107889.0,90530915,0.0011917365465708592
366,032280,삼일,83449.0,16213590,0.005146855199866285
367,002290,삼일기업공사,64692.0,12400000,0.005217096774193549
368,004440,삼일씨엔에스보통주,186071.0,12731947,0.014614496902948151
369,032750,삼진,117133.0,6000000,0.019522166666666667
370,054090,삼진엘앤디,65093.0,24959232,0.0026079728735243137
371,004690,삼천리보통주,2394992.0,4055025,0.5906232390675766
372,038500,삼표시멘트,535842.0,107357173,0.00499120817944787
373,046390,삼화네트웍스,27890.0,43172933,0.0006460066078901797
374,027580,상보,57210.0,46818277,0.001221958680794682
375,038540,상상인,97549.0,55328313,0.0017630936985192373
376,101000,상상인인더스트리,27890.0,63572160,0.0004387140534472952
377,089980,상아프론테크,109742.0,15724765,0.006978927824994523
378,042940,상지카일룸,17160.0,58462739,0.0002935202881958712
379,042600,새로닉스,62731.0,12423574,0.005049352142950169
380,294630,서남,1404.0,20631160,6.805240228857709e-05
381,038070,서린바이오사이언스,60880.0,8000676,0.0076093570093327114
382,006730,서부티엔디,84105.0,58140444,0.0014465833800650027
383,079650,서산,21931.0,20000000,0.00109655
384,007860,서연보통주,13028.0,23479844,0.0005548588823673616
385,200880,서연이화보통주,1024103.0,27028437,0.03788983432523309
386,019770,서연탑메탈,136822.0,11650000,0.011744377682403433
387,043710,서울리거,13302.0,36458459,0.00036485359954462147
388,063170,서울옥션,27067.0,16917500,0.0015999408896113492
389,018680,서울제약,52232.0,8524523,0.006127263660383108
390,021050,서원보통주,194684.0,47474590,0.00410080424075279
391,093920,서원인텍,118074.0,18600000,0.006348064516129032
392,189860,서전기전,61377.0,9698780,0.006328321706441428
393,178320,서진시스템,58599.0,18100666,0.0032373946903390184
394,122690,서진오토모티브,130756.0,19541246,0.006691282633666246
395,140070,서플러스글로벌,112207.0,36988000,0.0030336054936736237
396,011370,서한,485236.0,100894865,0.004809323051277188
397,008490,서흥보통주,386223.0,11569113,0.03338397680098725
398,035890,서희건설,1258385.0,229808457,0.005475799352327578
399,357550,석경에이티,6655.0,5455000,0.0012199816681943171
400,003100,선광,77813.0,6600000,0.011789848484848485
401,002820,선앤엘보통주,192983.0,12607989,0.015306406120754072
402,171090,선익시스템,65079.0,8999295,0.007231566472707029
403,136490,선진보통주,929637.0,23779604,0.039093880621393025
404,014620,성광벤드,168177.0,28600000,0.005880314685314685
405,037350,성도이엔지,339390.0,15470000,0.021938590820943762
406,011300,성안보통주,29613.0,56857860,0.0005208250890905849
407,015750,성우하이텍,1152011.0,80000000,0.0144001375
408,080470,성창오토텍,71767.0,7300000,0.009831095890410958
409,148150,세경하이테크,101643.0,11642000,0.00873071637175743
410,053060,세동,109842.0,12393991,0.008862520555323947
411,340440,세림비앤지,,4710000,
412,011560,세보엠이씨,638235.0,10530000,0.06061111111111111
413,001430,세아베스틸지주보통주,1394365.0,35862119,0.03888127748390997
414,306200,세아제강보통주,1150466.0,2836300,0.40562211331664494
415,003030,세아제강지주보통주,13300.0,4141657,0.003211275100762811
416,019440,세아특수강보통주,471793.0,8570000,0.05505169194865811
417,058650,세아홀딩스보통주,71490.0,4000000,0.0178725
418,013000,세우글로벌보통주,27452.0,28705031,0.0009563480352973665
419,100700,세운메디칼,61384.0,43800000,0.0014014611872146118
420,024830,세원물산,155790.0,8350000,0.01865748502994012
421,021820,세원정공보통주,50534.0,10000000,0.0050534
422,067830,세이브존I&C보통주,134723.0,41040895,0.0032826525834780164
423,258830,세종메디칼,13993.0,6777741,0.0020645521863405522
424,039310,세중,2926.0,18121667,0.0001614641743499646
425,075580,세진중공업보통주,267296.0,56849456,0.004701821597026364
426,067770,세진티에스,18671.0,8396593,0.0022236399930305067
427,053450,세코닉스,310806.0,14395759,0.021590108586841444
428,222810,세토피아,8043.0,120052271,6.699581718033472e-05
429,252500,세화피앤씨,36599.0,20743195,0.0017643858624479015
430,347000,센코,20126.0,8170644,0.0024632085304414192
431,308170,센트랄모텍보통주,231861.0,8610000,0.026929268292682926
432,012600,센트럴인사이트보통주,28087.0,13589892,0.0020667566747403143
433,331920,셀레믹스,5265.0,8105648,0.0006495470812450775
434,049180,셀루메드,16536.0,39492906,0.0004187081092487851
435,299660,셀리드,0.0,9698692,0.0
436,268600,셀리버리,762.0,16370214,4.654795593997733e-05
437,108860,셀바스에이아이,13673.0,22055945,0.0006199235625587568
438,208370,셀바스헬스케어,19506.0,21680564,0.0008996998417568841
439,068270,셀트리온보통주,1689787.0,135027731,0.01251437010372336
440,068760,셀트리온제약,233568.0,35811354,0.006522177296060908
441,091990,셀트리온헬스케어,2116978.0,151971142,0.013930131550896683
442,068940,셀피글로벌,27667.0,34679722,0.0007977860952864616
443,290690,소룩스,57631.0,8256843,0.0069797863420680275
444,950200,소마젠,19006.0,18963553,0.0010022383463689532
445,032680,소프트센,47615.0,35775801,0.0013309275730821512
446,066910,손오공,81662.0,26896161,0.003036195388628139
447,043100,솔고바이오메디칼,16668.0,57759208,0.00028857736414945304
448,154040,솔루에타,46433.0,12980146,0.0035772324902971046
449,248070,솔루엠보통주,745788.0,49092219,0.015191572415987144
450,035610,솔본,3541.0,27345997,0.00012948878770081048
451,304100,솔트룩스,19329.0,5080915,0.003804236048034655
452,086980,쇼박스,46686.0,62600000,0.0007457827476038338
453,050960,수산아이앤티,18064.0,6751000,0.0026757517404828912
454,017550,수산중공업보통주,56155.0,53985163,0.0010401932101233074
455,253840,수젠텍,41352.0,15294966,0.0027036346468504737
456,236200,슈프리마,55440.0,7193273,0.007707200880600527
457,317770,슈프리마아이디,8239.0,3032020,0.002717330360617674
458,094840,슈프리마에이치큐,17681.0,10471840,0.0016884329783495547
459,192440,슈피겐코리아,241905.0,6216363,0.038914233290430436
460,136510,스마트솔루션즈,13635.0,5637679,0.002418548484225512
461,099440,스맥,108462.0,30734609,0.003528985841336065
462,033790,스카이문스테크놀로지,25068.0,17117100,0.001464500411868833
463,159910,스킨앤스킨,26287.0,260411958,0.00010094390519501412
464,115570,스타플렉스,57212.0,7690607,0.00743920473377459
465,204630,스튜디오 산타클로스 엔터테인먼트,14977.0,29453855,0.0005084903147652489
466,013810,스페코,29288.0,14655470,0.0019984347141374518
467,049830,승일,132799.0,6132112,0.021656323302640265
468,020710,시공테크,96247.0,20047970,0.004800835196780522
469,048870,시너지이노베이션,20603.0,73402475,0.0002806853583615539
470,025320,시노펙스,84152.0,73242958,0.001148943219906547
471,134790,시디즈보통주,227490.0,2000000,0.113745
472,269620,시스웍,18772.0,74356685,0.00025245880716710274
473,131090,시큐브,14714.0,40000000,0.00036785
474,139050,시티랩스,20486.0,70396824,0.00029100744658594257
475,290520,신도기연,41261.0,8061280,0.005118417918742433
476,029530,신도리코보통주,322077.0,10080029,0.031951991407961226
477,011930,신성이엔지보통주,366980.0,202080923,0.001816005165415837
478,004170,신세계보통주,1459802.0,9845181,0.14827579096819044
479,035510,신세계아이앤씨 보통주,480308.0,1720000,0.2792488372093023
480,031430,신세계인터내셔날보통주,1211404.0,7140000,0.16966442577030813
481,031440,신세계푸드보통주,1226180.0,3872480,0.31663946618187827
482,005800,신영와코루보통주,177640.0,900000,0.1973777777777778
483,009270,신원보통주,690238.0,85042499,0.008116388959830544
484,138070,신진에스엠,35386.0,8972183,0.003943967705518267
485,226330,신테카바이오,610.0,13404016,4.550874901969678e-05
486,001770,SHD보통주,77327.0,1214878,0.06365001259385716
487,187270,신화콘텍,38033.0,10143845,0.0037493672271214713
488,004080,신흥보통주,116614.0,9600000,0.012147291666666667
489,222800,심텍,1030769.0,31854143,0.032359024695782904
490,036710,심텍홀딩스,4256.0,40663579,0.00010466368442384277
491,160980,싸이맥스,159710.0,10924243,0.014619777315462499
492,356890,싸이버원,20600.0,4640830,0.004438861151992208
493,217330,싸이토젠,643.0,5633864,0.0001141312605345106
494,102280,쌍방울,89572.0,239359627,0.0003742151553402947
495,208640,썸에이지,7218.0,135101716,5.3426412437278e-05
496,222420,쎄노텍,23408.0,40158175,0.0005828950145269301
497,037760,쎄니트,54573.0,33832921,0.0016130147320120541
498,099320,쎄트렉아이,81736.0,7268487,0.01124525640618192
499,015540,쎌마테라퓨틱스보통주,9628.0,13452340,0.000715711913317683
500,049960,쎌바이오텍,42743.0,9400000,0.004547127659574468
501,050890,쏠리드,128418.0,52185175,0.0024608138230828966
502,066790,씨씨에스충북방송,19274.0,55976167,0.0003443251125072569
503,004920,씨아이테크보통주,16543.0,25070772,0.0006598520380624896
504,352700,씨앤투스성진,148169.0,9995531,0.014823524633158558
505,065770,씨에스,42958.0,18835150,0.002280735752038078
506,083660,씨에스에이코스믹,45590.0,37072045,0.0012297676052130386
507,359090,씨엔알리서치,,7010000,
508,115530,씨엔플러스,18077.0,67963000,0.0002659829613171873
509,115480,씨유메디칼시스템,23332.0,26969925,0.0008651117865548384
510,189330,씨이랩,11162.0,2981142,0.0037442027249959915
511,035760,씨제이이엔엠,2718282.0,21929154,0.12395744952130848
512,096530,씨젠,1068569.0,26234020,0.04073218667973875
513,060590,씨티씨바이오,98624.0,21045926,0.0046861326035262125
514,260930,씨티케이,90364.0,10122151,0.008927351508587453
515,013990,아가방앤컴퍼니,119561.0,32887536,0.0036354502204117693
516,123860,아나패스,100956.0,10926453,0.009239594953641406
517,025980,아난티,59134.0,85178787,0.0006942338824336628
518,058220,아리온테크놀로지,553.0,38974244,1.4188857646603742e-05
519,125210,아모그린텍,111774.0,16496790,0.006775499960901484
520,090430,아모레퍼시픽 보통주,3016951.0,58458490,0.05160843189757382
521,002790,아모레G보통주,52398.0,82458180,0.0006354493877987605
522,052710,아모텍,206701.0,9743406,0.02121445005986613
523,074430,아미노로직스,17651.0,87826844,0.0002009750003085617
524,083930,아바코,199782.0,15412798,0.012962085145085272
525,149950,아바텍,75727.0,15607500,0.004851962197661381
526,050860,아세아텍,112951.0,17500000,0.006454342857142857
527,012170,아센디오보통주,14999.0,62022534,0.00024183146080422965
528,246720,아스타,873.0,11492523,7.596243227009422e-05
529,067390,아스트,52807.0,25679652,0.0020563752187919056
530,127710,아시아경제,39098.0,25508734,0.0015327299269340454
531,227610,아우딘퓨쳐스,38715.0,20000000,0.00193575
532,143160,아이디스,148204.0,10716390,0.013829657188661481
533,054800,아이디스홀딩스,7150.0,10347756,0.00069097106657714
534,122900,아이마켓코리아보통주,2079858.0,33428840,0.06221747449208528
535,339950,아이비김영,45257.0,42486655,0.0010652050626249584
536,099190,아이센스,171305.0,13737238,0.012470119539313507
537,289010,아이스크림에듀,115520.0,12864037,0.008980073673606506
538,040910,아이씨디,293847.0,18045413,0.01628375033588868
539,052860,아이앤씨테크놀로지,21521.0,17694054,0.0012162842952779505
540,095340,아이에스시,116524.0,16224248,0.007182089425654736
541,069920,아이에스이커머스,20767.0,25826362,0.0008041008640705958
542,038880,아이에이,45467.0,277757775,0.00016369298753203217
543,003560,IHQ보통주,79482.0,146235748,0.0005435196324225729
544,307180,아이엘사이언스,15403.0,21222023,0.0007258026249429661
545,101390,아이엠,21368.0,42546444,0.000502227636227366
546,052220,아이엠비씨,34996.0,23000000,0.0015215652173913043
547,078860,아이오케이컴퍼니,20968.0,58545827,0.0003581467898642887
548,090150,아이윈,81604.0,9658393,0.00844902459446411
549,123010,아이윈플러스,8053.0,49586441,0.0001624032666510589
550,031310,아이즈비전,17456.0,15772574,0.0011067312158434001
551,059100,아이컴포넌트,29117.0,7070860,0.004117886650280164
552,262840,아이퀘스트,15270.0,9860000,0.00154868154158215
553,052770,아이톡시,8492.0,10862507,0.0007817716481103304
554,124500,아이티센,119508.0,19907333,0.006003214996202656
555,099520,아이티엑스에이아이,31499.0,29301683,0.0010749894468519096
556,084850,아이티엠반도체,359031.0,23119914,0.015529080255229323
557,032080,아즈텍더블유비이,36046.0,21491029,0.0016772579851807002
558,059120,아진엑스텍,22650.0,9748596,0.002323411494332107
559,158430,아톤,24287.0,4353577,0.005578631088872438
560,067160,아프리카티비,186974.0,11494767,0.016266010437619136
561,053800,안랩,172627.0,10013855,0.017238815620957165
562,065660,안트로젠,4151.0,9093534,0.00045647819648554676
563,297570,알로이스,25625.0,17329414,0.0014786997413761365
564,001780,알루코 보통주,233613.0,83207283,0.002807602791212399
565,096610,알에프세미,32461.0,9494724,0.0034188460875745307
566,061040,알에프텍,96788.0,28899918,0.00334907524651108
567,148250,알엔투테크놀로지,23849.0,7297633,0.0032680459540785347
568,347860,알체라,4563.0,13368794,0.00034131724970853765
569,196170,알테오젠,26212.0,28082900,0.0009333793874564236
570,123750,알톤스포츠,43594.0,12746297,0.0034201305681171557
571,085810,알티캐스트,23967.0,28416379,0.0008434220278382407
572,117670,알파홀딩스,61386.0,21677018,0.0028318470741685964
573,291650,압타머사이언스,229.0,8466126,2.7048971394944984e-05
574,310200,애니플러스,11219.0,28407439,0.0003949317641762779
575,205500,액션스퀘어,6335.0,41332645,0.0001532686814502193
576,052790,액토즈소프트,44224.0,11330638,0.003903045883206224
577,290740,액트로,32919.0,10065011,0.0032706372601083097
578,238090,앤디포스,62478.0,55161726,0.0011326331594482739
579,092600,앤씨앤,80886.0,20947500,0.0038613677049767277
580,129890,앱코,153174.0,9688732,0.015809499117118733
581,255440,야스,54935.0,13058000,0.004206999540511564
582,030960,양지사,48851.0,15980000,0.003057008760951189
583,263540,어스앤에어로스페이스,16801.0,19914943,0.0008436378652954216
584,238120,얼라인드제네틱스,6939.0,7189448,0.0009651645021982216
585,019990,에너토크,22758.0,9756088,0.0023326972860433404
586,011090,에넥스보통주,231275.0,59991641,0.0038551204158592694
587,217480,에스디생명공학,100635.0,22415066,0.004489614262121735
588,121890,에스디시스템,22592.0,9609200,0.0023510802147941557
589,034120,에스비에스보통주,756842.0,18252582,0.04146492808524296
590,046140,에스비에스콘텐츠허브,139395.0,21463555,0.006494497300190951
591,042110,에스씨디,176807.0,48329564,0.0036583611637795864
592,065420,에스아이리소스,13426.0,66340075,0.00020238144138365837
593,103230,에스앤더블류,33496.0,7200000,0.0046522222222222225
594,101490,에스앤에스텍,87374.0,21451447,0.00407310518493228
595,095910,에스에너지,165375.0,14742182,0.011217810226464441
596,275630,에스에스알,10339.0,5930038,0.0017434964160432025
597,031330,에스에이엠티,1240458.0,99995067,0.0124051919481188
598,060540,에스에이티,16717.0,26133306,0.0006396817915039146
599,351320,에스에이티,,4330000,
600,056190,에스에프에이,835409.0,35908760,0.02326476881964178
601,036540,에스에프에이반도체,543234.0,164460303,0.003303131455376195
602,214310,에스엘바이오닉스,28634.0,39826913,0.0007189610703696769
603,063440,에스엠라이프디자인그룹,25072.0,45129154,0.0005555610459704164
604,010580,에스엠벡셀보통주,70710.0,64581636,0.001094893291337494
605,041510,에스엠엔터테인먼트,302602.0,23452501,0.012902760349525196
606,048550,에스엠컬처앤콘텐츠,130340.0,94610120,0.0013776538915710075
607,007820,에스엠코어,104036.0,20033946,0.0051929859449556266
608,012750,에스원보통주,2189076.0,37999178,0.05760850932091215
609,306040,에스제이그룹,92039.0,9865828,0.009329069997976855
610,123700,SJM보통주,59080.0,15604898,0.0037859907831502646
611,025530,SJM홀딩스보통주,4242.0,14934008,0.00028404966704182827
612,001380,SG글로벌보통주,80058.0,44964143,0.0017804853969973363
613,004060,에스지세계물산보통주,166834.0,202424960,0.0008241770184862578
614,040610,에스지엔지,40389.0,34087196,0.0011848730532132946
615,096630,에스코넥,39784.0,65265724,0.000609569580504462
616,041910,에스텍파마,61102.0,11898263,0.0051353714403522596
617,039440,에스티아이,260179.0,15830000,0.016435818066961465
618,098660,에스티오,68274.0,12500976,0.005461493566582321
619,052020,에스티큐브,10122.0,30575903,0.0003310450062586868
620,050760,에스폴리텍,135170.0,16334678,0.008275033030954145
621,317830,에스피시스템스,28462.0,8145700,0.003494113458634617
622,005610,SPC삼립보통주,1265461.0,8629009,0.14665195041516355
623,058610,에스피지,225916.0,21312605,0.010600111999448214
624,043340,에쎈테크,50019.0,72000000,0.0006947083333333333
625,054630,에이디칩스,20188.0,53009461,0.0003808376772591595
626,200710,에이디테크놀로지,279706.0,13293181,0.021041314340036445
627,096690,에이루트,20862.0,12852860,0.001623140686197469
628,078520,에이블씨엔씨보통주,225578.0,27033459,0.008344400174613246
629,195990,에이비프로바이오,24998.0,251469584,9.940764844149103e-05
630,003800,에이스침대,289067.0,11090000,0.026065554553651938
631,088800,에이스테크놀로지,133755.0,40957928,0.0032656681265712463
632,241840,에이스토리,22096.0,9374340,0.002357072604578029
633,015260,에이엔피보통주,82078.0,21826409,0.003760490330773147
634,078150,에이치비테크놀러지,243263.0,78990426,0.0030796517036127896
635,072990,에이치시티,51157.0,6927600,0.007384519891448698
636,036640,에이치알에스,64996.0,16354800,0.00397412380463228
637,227100,에이치앤비디자인,39425.0,3405431,0.01157709552770266
638,239610,에이치엘사이언스,143036.0,5142148,0.02781639112682093
639,044780,에이치케이,48429.0,18505787,0.0026169651687874716
640,045660,에이텍,98158.0,8260000,0.011883535108958837
641,224110,에이텍티앤,26676.0,5340000,0.0049955056179775284
642,230980,에이트원,6850.0,19141267,0.0003578655477717332
643,089530,에이티세미콘,126968.0,142615812,0.0008902799641879822
644,200470,에이팩트,49630.0,17553680,0.002827327375228442
645,262260,에이프로,48649.0,6880626,0.007070432254274539
646,007460,에이프로젠보통주,72537.0,184916591,0.0003922687499684655
647,109960,에이프로젠헬스케어앤게임즈,10493.0,178695217,5.8720094338059425e-05
648,244920,에이플러스에셋보통주,244048.0,22607693,0.010794909502707773
649,230240,에치에프알,72240.0,12882020,0.0056078161654771535
650,230360,에코마케팅,56182.0,32597874,0.0017234866298335898
651,086520,에코프로,101777.0,22090191,0.004607339067371576
652,247540,에코프로비엠,855210.0,21035166,0.04065620399667871
653,073540,에프알텍,24257.0,11400000,0.00212780701754386
654,064850,에프앤가이드,21072.0,12080000,0.0017443708609271523
655,064090,에프앤리퍼블릭,32137.0,109894095,0.0002924360949512346
656,007700,F&F홀딩스,803491.0,15400000,0.05217474025974026
657,214270,에프에스엔,32380.0,109158448,0.00029663301918693457
658,036810,에프에스티,162731.0,20233814,0.00804252722694792
659,173940,에프엔씨엔터테인먼트,52138.0,14364880,0.0036295465050874076
660,054940,엑사이엔씨,142311.0,33173548,0.004289893863628937
661,043090,엑서지21,4588.0,32590313,0.0001407780281214237
662,950130,엑세스바이오,108819.0,36315527,0.002996486874608759
663,205100,엑셈,28993.0,33882273,0.0008556981994684949
664,092870,엑시콘,67418.0,10374180,0.006498634108912704
665,317870,엔바이오니아,8190.0,7673055,0.001067371470685405
666,236810,엔비티,44169.0,8487713,0.005203875295971954
667,036570,엔씨소프트보통주,2242431.0,21954022,0.10214214962524862
668,008260,NI스틸보통주,192572.0,28600117,0.006733259168135571
669,217820,엔에스,60343.0,11293534,0.0053431459098631125
670,031860,엔에스엔,11133.0,53983921,0.00020622807298491713
671,104200,엔에이치엔벅스,67747.0,14827550,0.00456899487777819
672,265740,엔에프씨,33276.0,8931800,0.003725564835755391
673,053290,엔이능률,75364.0,16526307,0.004560244463569508
674,354200,엔젠바이오,2479.0,12364912,0.00020048666743443058
675,208860,엔지스테크널러지,3011.0,11443863,0.0002631104549224331
676,183490,엔지켐생명과학,25818.0,8294060,0.0031128301459116526
677,085310,엔케이 보통주,69335.0,79983352,0.000866867895208993
678,182400,엔케이맥스,9326.0,34326789,0.0002716828538783514
679,069410,엔텔스,55532.0,10244824,0.0054204933144776325
680,227950,엔투텍,46260.0,58616478,0.0007891978770884188
681,291230,엔피,,7550000,
682,198080,엔피디,136122.0,21535185,0.006320911568672385
683,048830,엔피케이,58089.0,18723923,0.0031023947278569775
684,096870,엘디티,12087.0,6678400,0.0018098646382367035
685,138690,엘아이에스,205913.0,16085519,0.012801141200355425
686,290650,엘앤씨바이오,27878.0,21877008,0.0012743058831445324
687,066970,엘앤에프,355968.0,28078729,0.012677496905219606
688,156100,엘앤케이바이오메드,19029.0,13389743,0.001421162452483218
689,006260,LS보통주,165747.0,32200000,0.005147422360248447
690,000680,LS네트웍스보통주,179430.0,78803016,0.0022769433088703104
691,093050,LF보통주,1115870.0,29240000,0.0381624487004104
692,108320,엘엑스세미콘,1161896.0,16264300,0.07143842649237901
693,108320,엘엑스세미콘,1161896.0,16264300,0.07143842649237901
694,001120,LX인터내셔널보통주,3258240.0,38760000,0.08406191950464396
695,108670,엘엑스하우시스보통주,2596510.0,8967670,0.2895412074708369
696,073110,엘엠에스,92103.0,8895755,0.010353589998825283
697,083310,엘오티베큠,164961.0,17059023,0.009670014513726842
698,003550,LG보통주,1016202.0,172557131,0.005889075659237751
699,051900,LG생활건강보통주,4418257.0,15618197,0.28289161674679864
700,032640,LG유플러스보통주,12352879.0,436611361,0.028292619256877285
701,037560,엘지헬로비전보통주,1056007.0,77446865,0.013635245274292251
702,051910,LG화학보통주,20830009.0,70592343,0.2950746230366656
703,058630,엠게임,42216.0,19543877,0.002160062714271073
704,086960,MDS테크,104466.0,8828608,0.011832669431013361
705,097520,엠씨넥스,1165039.0,17863482,0.06521903176547551
706,179290,엠아이텍,40203.0,31183148,0.0012892540547862583
707,009780,엠에스씨,145253.0,17600000,0.008253011363636363
708,123040,엠에스오토텍,229457.0,34727204,0.0066074136000122555
709,347890,엠투아이코퍼레이션,33223.0,16798204,0.001977770956942778
710,033310,엠투엔,21403.0,22189819,0.0009645414412798951
711,259630,엠플러스,158541.0,11402436,0.013904134169224891
712,065150,엠피대산,46748.0,124435974,0.0003756791424319144
713,050540,엠피씨플러스,110691.0,50785593,0.0021795748254824945
714,115960,연우,245653.0,12398000,0.019813921600258105
715,090740,연이비앤티,5457.0,19126082,0.00028531719146660564
716,060850,영림원소프트랩,43812.0,8131000,0.005388267125814783
717,143540,영우디에스피,101612.0,43232374,0.0023503682680021225
718,111770,영원무역보통주,1140635.0,44311468,0.02574130471145754
719,009970,영원무역홀딩스보통주,24236.0,13635592,0.0017774072442179262
720,000670,영풍보통주,1233370.0,1842040,0.6695674361034505
721,012160,영흥보통주,186390.0,95314676,0.001955522568213944
722,036000,예림당,16702.0,23034277,0.0007250933033409297
723,250930,예선테크,19117.0,33000440,0.0005792953063656121
724,015360,예스코홀딩스보통주,18004.0,6000000,0.0030006666666666667
725,122640,예스티,63475.0,16684210,0.0038044953881544285
726,045060,오공,57222.0,16941974,0.0033775284981549377
727,080520,오디텍,37086.0,11746609,0.0031571664639556828
728,007310,오뚜기보통주,2305213.0,3671981,0.6277845664234102
729,322310,오로스테크놀로지,17537.0,9309542,0.0018837661401602786
730,046120,오르비텍,47522.0,23790573,0.0019975138892199024
731,014940,오리엔탈정공,69049.0,45573661,0.0015151075969077842
732,002630,오리엔트바이오보통주,30480.0,118570046,0.0002570632383831579
733,065500,오리엔트정공,50503.0,117214562,0.00043085943536605973
734,271560,오리온보통주,769223.0,39536132,0.01945620274638905
735,001800,오리온홀딩스보통주,26052.0,62645422,0.0004158643867065019
736,010470,오리콤,82969.0,11845050,0.007004529318153997
737,039200,오스코텍,23410.0,29914859,0.0007825542483753642
738,031510,오스템,106708.0,28000000,0.003811
739,138080,오이솔루션,103172.0,10624095,0.009711133042390905
740,080580,오킨스전자,43141.0,17679298,0.002440198700197259
741,067170,오텍,135123.0,15391605,0.008779006477881936
742,173130,오파스넷,111973.0,11860430,0.009440888736749005
743,049480,오픈베이스,60406.0,31422383,0.0019223876177691553
744,309930,오하임아이엔티,27806.0,19747691,0.0014080633528243884
745,131030,옵투스제약,60827.0,16564797,0.003672064318083705
746,082210,옵트론텍,140225.0,23675951,0.005922676559011294
747,153710,옵티팜,13046.0,14474458,0.0009013118142316625
748,321820,와이더플래닛,28799.0,6862282,0.00419670890820284
749,057030,와이비엠넷,52604.0,16312697,0.003224727339691285
750,122990,와이솔,185506.0,28186941,0.006581274640621698
751,065530,와이어블,88960.0,52860000,0.0016829360575104048
752,067900,와이엔텍,99975.0,18199659,0.005493234790827675
753,066430,와이오엠,31802.0,15855736,0.0020057094795221113
754,193250,와이제이엠게임즈,4642.0,54147235,8.572921590548437e-05
755,273060,와이즈버즈,12270.0,47552972,0.0002580280366072598
756,019210,와이지-원,273250.0,30573819,0.008937385283794608
757,122870,와이지엔터테인먼트,153643.0,18422769,0.008339842941090995
758,037270,와이지플러스보통주,70471.0,63400100,0.001111528215255181
759,011690,와이투솔루션보통주,107392.0,147235637,0.0007293886329978659
760,040300,와이티엔,126730.0,42000000,0.0030173809523809524
761,332570,와이팜,37354.0,37141356,0.0010057252621579029
762,032820,우리기술,33130.0,127567627,0.00025970538748047733
763,115440,우리넷,52351.0,9136944,0.005729596241369105
764,046970,우리로,97351.0,28163495,0.00345663775039284
765,006980,우성보통주,349917.0,30900000,0.011324174757281553
766,017370,우신시스템보통주,113378.0,18314054,0.006190764753669504
767,103840,우양,133059.0,12858000,0.010348343443770416
768,215380,우정바이오,37344.0,12092926,0.003088086373802337
769,065680,우주일렉트로닉스,194647.0,9934220,0.019593586612738596
770,105840,우진보통주,39615.0,20202234,0.0019609217475651457
771,010400,우진아이엔에스보통주,140431.0,7622000,0.018424429283652583
772,049800,우진플라임 보통주,199854.0,10000000,0.0199854
773,016880,웅진보통주,160112.0,79378330,0.0020170744332867674
774,095720,웅진씽크빅 보통주,632552.0,115505985,0.005476356917782226
775,005820,원림보통주,38434.0,2200000,0.01747
776,307280,원바이오젠,0.0,34737566,0.0
777,053080,원방테크,162717.0,4294143,0.03789277627689623
778,032940,원익,46108.0,18193230,0.002534349315652031
779,104830,원익머트리얼즈,268589.0,12608000,0.02130306154822335
780,240810,원익아이피에스,1090819.0,49083901,0.02222355961479101
781,014190,원익큐브,192316.0,35399906,0.005432669792964987
782,074600,원익큐엔씨,236824.0,26288000,0.009008825319537431
783,131390,원익피앤이,118888.0,14818910,0.008022722318982975
784,030530,원익홀딩스,346742.0,77237981,0.004489268045471049
785,012620,원일특강,238844.0,4400000,0.054282727272727274
786,008370,원풍,73605.0,12000000,0.00613375
787,101160,월덱스,118013.0,16510993,0.007147541035236342
788,336060,웨이버스,,5930000,
789,095270,웨이브일렉트로닉스,28210.0,14707614,0.001918054145288284
790,065950,웰크론,123680.0,28231302,0.004380952745289608
791,024070,WISCOM보통주,94517.0,15326438,0.006166925413458757
792,017940,E1보통주,3563456.0,6860000,0.5194542274052478
793,023810,인팩보통주,177828.0,10000000,0.0177828
794,078930,GS보통주,306286.0,92915378,0.0032963972874328726
795,009070,KCTC 보통주,353271.0,30000000,0.0117757
796,033180,KH 필룩스보통주,68068.0,93434440,0.0007285108146417959
797,084870,TBH글로벌보통주,173140.0,20856819,0.008301361775254415
798,095570,AJ네트웍스보통주,453555.0,46822295,0.00968673150258867
799,000590,CS홀딩스보통주,3347.0,1154482,0.00289913571627795
800,267250,에이치디현대보통주,375932.0,15798617,0.02379524739412317
801,024120,KB오토시스,116834.0,11500000,0.010159478260869565
802,044180,KD,16239.0,16525360,0.0009826714818920738
803,016380,KG스틸보통주,2098691.0,100008897,0.020985042960727784
804,001940,KISCO홀딩스보통주,14277.0,18476380,0.0007727163004874331
805,011070,LG이노텍보통주,9290257.0,23667107,0.3925387669899832
806,010120,LS ELECTRIC보통주,1854586.0,30000000,0.061819533333333336
807,010060,OCI보통주,1221978.0,23849371,0.051237326133255254
808,096770,SK이노베이션 보통주,3808248.0,92465564,0.04118558126136558
809,064960,SNT모티브보통주,877370.0,14623136,0.05999875813231854
810,003570,SNT중공업보통주,227823.0,33252697,0.006851263823803525
811,077970,STX엔진보통주,557770.0,23008904,0.02424148494860946
812,071970,STX중공업보통주,226484.0,28365976,0.00798435421365371
813,078890,가온미디어,375718.0,15316776,0.024529835782673846
814,000500,가온전선보통주,771379.0,4160347,0.1854121783591609
815,036620,감성코퍼레이션,10908.0,69111364,0.00015783221989367768
816,000860,강남제비스코보통주,259900.0,6500000,0.03998461538461538
817,094480,갤럭시아머니트리,81230.0,39229838,0.002070617778232987
818,039240,경남스틸,297525.0,25000000,0.011901
819,053950,경남제약,70474.0,17442567,0.004040345667011054
820,011040,경동제약,171998.0,30768766,0.0055900194372436
821,009140,경인전자보통주,10514.0,1570797,0.006693417418036831
822,024910,경창산업,418937.0,35819005,0.011695941861031595
823,013580,계룡건설산업보통주,1571293.0,8930907,0.17593879322671258
824,012200,계양전기보통주,363208.0,32600000,0.011141349693251534
825,002140,고려산업보통주,183906.0,24939425,0.00737410746238135
826,049720,고려신용정보,131118.0,14300000,0.00916909090909091
827,010130,고려아연보통주,5652149.0,18870000,0.2995309485956545
828,002240,고려제강보통주,437063.0,23000000,0.019002739130434782
829,014570,고려제약,66789.0,11000000,0.006071727272727273
830,009290,광동제약보통주,764315.0,52420851,0.014580362306594374
831,017900,광전자보통주,144622.0,57943763,0.0024959027945768725
832,026910,광진실업,42978.0,6405405,0.006709645994281392
833,339770,교촌에프앤비보통주,435824.0,24982540,0.017445143688351945
834,007690,국도화학보통주,837636.0,5810616,0.1441561445464646
835,060480,국일신동,25189.0,11090000,0.002271325518485122
836,078130,국일제지,100061.0,126348384,0.0007919452297862393
837,002720,국제약품보통주,126515.0,19276090,0.006563312372996806
838,114090,그랜드코리아레저보통주,184462.0,61855670,0.0029821356716368927
839,900290,그레이트리치과기유한공사,,67375000,
840,083420,그린케미칼보통주,242398.0,24000000,0.010099916666666667
841,014530,극동유화보통주,617375.0,34869420,0.01770534181526392
842,900070,글로벌에스엠테크리미티드,,53743968,
843,204620,글로벌텍스프리,7943.0,48736691,0.0001629778271159197
844,019660,글로본,4218.0,32010854,0.0001317678060072999
845,014280,금강공업보통주,251476.0,29021513,0.008665158153539411
846,053260,금강철강,174224.0,18720000,0.009306837606837606
847,002990,금호건설보통주,1829136.0,36633924,0.049930113956670324
848,011780,금호석유화학보통주,3489720.0,30467691,0.11453838100169783
849,001210,금호전기보통주,42992.0,11981820,0.0035881026421695533
850,073240,금호타이어보통주,1708313.0,287260287,0.005946916706937635
851,092440,기신정기 보통주,108347.0,29200000,0.003710513698630137
852,000270,기아보통주,34362327.0,405363347,0.08476920090162962
853,004540,깨끗한나라보통주,590216.0,37240693,0.015848684663306346
854,247660,나노씨엠에스,4237.0,4208920,0.0010066715451944918
855,091970,나노캠텍,21071.0,28080425,0.0007503803806388258
856,051490,나라엠앤디,89206.0,14200000,0.006282112676056338
857,242040,나무기술,64144.0,32400660,0.0019797127589376265
858,036800,나이스정보통신,208781.0,10000000,0.0208781
859,030190,나이스평가정보,381901.0,60714820,0.006290078764953928
860,001260,남광토건보통주,237962.0,9828901,0.02421043817615011
861,003920,남양유업보통주,936005.0,720000,1.3000069444444444
862,025860,남해화학보통주,1009845.0,49678843,0.02032746616099735
863,111710,남화산업,17714.0,20588000,0.0008604041189042161
864,091590,남화토건,74204.0,11740000,0.0063206132879045996
865,035420,NAVER보통주,4126629.0,164263395,0.025122024295187617
866,002350,넥센타이어보통주,1208580.0,97667877,0.012374385899675079
867,251270,넷마블보통주,1378429.0,85940234,0.016039390816645904
868,054050,농업회사법인농우바이오,98345.0,16030561,0.006134844563456014
869,154030,농업회사법인 아시아종묘,22647.0,10619969,0.002132492100494832
870,214870,뉴지랩파마,54315.0,29903344,0.0018163520441058364
871,093640,다믈멀티미디어,8872.0,13140876,0.0006751452490686313
872,058730,다스코보통주,195878.0,15400000,0.012719350649350649
873,353200,대덕전자보통주,614383.0,49416925,0.012432643269487124
874,020400,대동금속,111120.0,2887758,0.03847967869883834
875,008830,대동기어,156401.0,8987520,0.01740201968952503
876,008110,대동전자보통주,15714.0,10490447,0.0014979342634303381
877,005750,대림B&Co보통주,230292.0,16672240,0.013812900965916997
878,006570,대림통상보통주,132463.0,15225000,0.008700361247947454
879,317850,대모엔지니어링,38386.0,8324420,0.0046112521953481445
880,290670,대보마그네틱,15797.0,7416850,0.0021298799355521547
881,078140,대봉엘에스,61216.0,11086579,0.0055216311542090665
882,001680,대상보통주,2604922.0,34648025,0.07518240938697084
883,084690,대상홀딩스 보통주,25992.0,36212538,0.0007177624501215574
884,128820,대성산업보통주,715757.0,45235478,0.015822912272530867
885,117580,대성에너지보통주,741783.0,27500000,0.026973927272727273
886,016710,대성홀딩스보통주,36132.0,16089459,0.0022456939043133768
887,020180,대신정보통신,175864.0,38428915,0.004576345702188053
888,045390,대아티아이,113381.0,71151522,0.0015935147529240485
889,108380,대양전기공업,168100.0,9567333,0.017570204779116604
890,006580,대양제지공업,108046.0,26850000,0.004024059590316573
891,014160,대영포장보통주,260706.0,108394549,0.002405157846083201
892,009320,대우전자부품보통주,75949.0,47646375,0.001594014235080843
893,042660,대우조선해양보통주,7041551.0,107290669,0.06563060017828763
894,000430,대원강업보통주,602545.0,62000000,0.009718467741935483
895,048910,대원미디어,211694.0,12578946,0.016829231956318122
896,005710,대원산업,522814.0,20037600,0.02609164770231964
897,006340,대원전선보통주,358785.0,71016967,0.005052102548958476
898,003220,대원제약보통주,306359.0,21224823,0.014433995515533864
899,024890,대원화성보통주,102198.0,41249152,0.0024775782057289324
900,120240,대정화금,80192.0,7190391,0.011152661934517886
901,003310,대주산업,85169.0,35392350,0.002406423987104558
902,078600,대주전자재료,116293.0,15387644,0.007557557219285811
903,015230,대창단조보통주,193396.0,14286115,0.013537340277605213
904,010170,대한광통신,111274.0,73741625,0.0015089713577643563
905,060900,대한그린파워,3845.0,153287035,2.5083660858858678e-05
906,054670,대한뉴팜,149513.0,14354920,0.010415453377657277
907,001070,대한방직보통주,168898.0,5300000,0.03186754716981132
908,023910,대한약품공업,166080.0,6000000,0.02768
909,006650,대한유화보통주,1866482.0,6500000,0.2871510769230769
910,001440,대한전선보통주,1448316.0,856473009,0.0016910235171228847
911,084010,대한제강 보통주,770678.0,24646734,0.031268970566242164
912,001790,대한제당보통주,1114809.0,8969658,0.12428667848874506
913,001130,대한제분보통주,312555.0,1690000,0.18494378698224853
914,005880,대한해운보통주,500046.0,244271090,0.0020470944801531774
915,003830,대한화섬보통주,86893.0,1328000,0.06543147590361446
916,067080,대화제약,82325.0,18616650,0.004422116761071407
917,089230,더이앤엠,34251.0,167851954,0.00020405481845031128
918,213420,덕산네오룩스,144163.0,24010012,0.006004286878323926
919,077360,덕산하이메탈,55234.0,22718501,0.0024312343494845897
920,024900,덕양산업보통주,1216102.0,32564980,0.03734385834107683
921,263600,덕우전자,132037.0,15930310,0.008288413722017964
922,194480,데브시스터즈,71251.0,11224370,0.006347884112872259
923,067990,도이치모터스,1164363.0,29064418,0.040061459341797244
924,005160,동국산업,278919.0,54244482,0.0051418870586689355
925,001230,동국제강보통주,4613656.0,95432737,0.048344584311775525
926,086450,동국제약,500483.0,44460000,0.011256927575348628
927,005960,동부건설보통주,1090216.0,22706407,0.048013584888177155
928,002210,동성제약보통주,87800.0,26100970,0.0033638596573230804
929,025950,동신건설,35499.0,8400000,0.004226071428571429
930,000640,동아쏘시오홀딩스보통주,54495.0,6155346,0.008853279734396735
931,170900,동아에스티보통주,586577.0,8443868,0.0694678078814117
932,282690,동아타이어공업보통주,143438.0,13733015,0.010444756668510156
933,041930,동아화성,125678.0,15800000,0.007954303797468355
934,079960,동양이엔피,428478.0,7860000,0.05451374045801527
935,008970,동양철관보통주,147758.0,118885290,0.0012428619217735011
936,228340,동양파일,46951.0,20000000,0.00234755
937,092780,동양피스톤보통주,266029.0,13168460,0.020201982616038627
938,018500,동원금속보통주,260456.0,46754933,0.005570663527632475
939,006040,동원산업보통주,702071.0,3677641,0.1909025377952878
940,030720,동원수산보통주,98783.0,4653805,0.021226286877082303
941,014820,동원시스템즈보통주,581843.0,25618511,0.022711819590139334
942,163560,동일고무벨트보통주,238595.0,13650000,0.01747948717948718
943,109860,동일금속,58685.0,7000000,0.008383571428571428
944,004890,동일산업보통주,282032.0,2425215,0.1162915452856757
945,002690,동일제강보통주,122913.0,15000000,0.0081942
946,023790,동일철강,21920.0,7345085,0.0029843085546321113
947,025900,동화기업,380917.0,20201177,0.018856178528607517
948,000020,동화약품보통주,267439.0,27931470,0.009574827246829473
949,241560,두산밥캣보통주,203908.0,100249166,0.0020340119338249658
950,034020,두산에너빌리티보통주,3451445.0,374637429,0.009212760746337494
951,336260,두산퓨얼셀보통주,461839.0,65493726,0.0070516525506580585
952,024090,디씨엠보통주,165376.0,11700000,0.014134700854700855
953,001530,DI동일보통주,272439.0,2465609,0.11049562197412485
954,110990,디아이티,28575.0,18900000,0.0015119047619047618
955,155660,DSR보통주,163970.0,16000000,0.010248125
956,069730,DSR제강보통주,176207.0,14400000,0.012236597222222222
957,180400,디엑스앤브이엑스,7697.0,23078062,0.0003335202063327501
958,000210,DL보통주,859871.0,15441262,0.05568657535893116
959,001880,DL건설보통주,1734637.0,22053284,0.07865663000576241
960,013570,디와이보통주,43212.0,26319633,0.001641816206175823
961,310870,디와이씨,,3420000,
962,210540,디와이파워보통주,171990.0,11041708,0.015576394521572206
963,104460,디와이피엔에프,207929.0,10713625,0.019407903487381722
964,113810,디젠스,49594.0,32628051,0.001519980460984323
965,105740,디케이락,71191.0,8449912,0.008425058154451786
966,042510,라온시큐어,28480.0,37923889,0.0007509778335233498
967,300120,라온피플,15042.0,10497456,0.0014329186042789795
968,171010,램테크놀러지,40454.0,11606968,0.003485320197315957
969,900260,로스웰인터내셔널,,141781250,
970,071280,로체시스템즈,179792.0,15296603,0.011753720744403185
971,032350,롯데관광개발 보통주,14066.0,69275662,0.00020304389151849607
972,023530,롯데쇼핑 보통주,8708084.0,28288755,0.30782846399567604
973,004000,롯데정밀화학보통주,1260405.0,25800000,0.04885290697674419
974,286940,롯데정보통신보통주,835877.0,15396331,0.054290661846643856
975,280360,롯데제과보통주,1531185.0,6416717,0.23862436195955034
976,004990,롯데지주보통주,290498.0,104909237,0.002769041204636728
977,005300,롯데칠성음료보통주,2161963.0,8975123,0.24088394108916392
978,011170,롯데케미칼보통주,9171306.0,34275419,0.2675767727303348
979,071840,롯데하이마트보통주,4051729.0,23607712,0.1716273478768294
980,058470,리노공업,201335.0,15242370,0.01320890386468771
981,001080,만호제강보통주,194930.0,4150000,0.046971084337349395
982,267980,매일유업,1460442.0,7843638,0.18619446741422793
983,005990,매일홀딩스,13990.0,13718304,0.001019805363695104
984,072870,메가스터디,40056.0,11920959,0.003360132351768008
985,215200,메가스터디교육,411986.0,11845380,0.034780310973561
986,133750,메가엠디,76248.0,23407077,0.0032574763606750216
987,014100,메디앙스,66656.0,11800000,0.005648813559322034
988,078160,메디포스트,48627.0,16264194,0.002989819231128207
989,017180,명문제약 보통주,120447.0,33953454,0.0035474152349861078
990,257370,명성티엔에스,17465.0,6440809,0.0027116158855199713
991,009900,명신산업보통주,148453.0,40779120,0.0036404169584826744
992,087260,모바일어플라이언스,39231.0,32462446,0.001208504128123925
993,118990,모트렉스,235114.0,39001039,0.006028403499711892
994,001810,무림에스피,124594.0,22137500,0.005628187464709204
995,009200,무림페이퍼보통주,404975.0,41609310,0.009732797780112191
996,009580,무림피앤피보통주,484812.0,62368324,0.007773369058305944
997,008420,문배철강보통주,152678.0,20503505,0.0074464341584524205
998,279600,미디어젠,11880.0,4638281,0.00256129372066936
999,095500,미래나노텍,266915.0,26900089,0.009922457877369848
1000,025560,미래산업보통주,39425.0,18662929,0.002112476557136342
1001,207760,미스터블루,28876.0,24761635,0.0011661588582498692
1002,002840,미원상사보통주,282330.0,4970000,0.056806841046277666
1003,268280,미원스페셜티케미칼보통주,371990.0,5100000,0.07293921568627451
1004,107590,미원홀딩스 보통주,23712.0,2320000,0.010220689655172414
1005,134380,미원화학보통주,160234.0,2199268,0.07285787816673547
1006,003650,미창석유공업보통주,277578.0,1739672,0.15955766374351027
1007,950190,미투젠,112956.0,13452425,0.008396701709914755
1008,206640,바디텍메드,127271.0,23486560,0.0054188863758677305
1009,032980,바이온,15667.0,62785551,0.00024953193450512204
1010,001340,백광산업보통주,171019.0,44918407,0.0038073255803572907
1011,002410,범양건영보통주,149130.0,24831982,0.006005561698619144
1012,019010,베뉴지,33904.0,48200000,0.000703402489626556
1013,006910,보성파워텍,82080.0,46073059,0.0017815183489335927
1014,000890,보해양조보통주,78562.0,127449373,0.0006164173126218518
1015,003000,부광약품보통주,166144.0,64837978,0.0025624488166487856
1016,026940,부국철강 보통주,138930.0,20000000,0.0069465
1017,011390,부산산업보통주,23073.0,1056000,0.021849431818181816
1018,005030,부산주공보통주,152725.0,56849517,0.0026864784093064502
1019,288330,브릿지바이오테라퓨틱스,6340.0,19548634,0.00032431933607228003
1020,126340,비나텍,46690.0,4901300,0.009526044110746128
1021,148140,비디아이,196499.0,20379605,0.00964194350184903
1022,318410,비비씨,21272.0,5403683,0.003936574369740046
1023,083650,비에이치아이,235216.0,26000000,0.009046769230769231
1024,030790,비케이탑스보통주,7777.0,13127849,0.0005924047420106676
1025,072950,빛샘전자,21643.0,6230859,0.0034735178568476672
1026,008040,사조동아원보통주,391913.0,141144600,0.0027766772515562055
1027,007160,사조산업보통주,382029.0,5000000,0.0764058
1028,014710,사조씨푸드보통주,214457.0,17218543,0.012455002725840393
1029,100090,삼강엠앤티,368686.0,35528466,0.010377200073878788
1030,014970,삼륭물산,38833.0,15125000,0.002567471074380165
1031,018310,삼목에스폼,116454.0,14700000,0.00792204081632653
1032,053700,삼보모터스,253523.0,17084542,0.014839320831661744
1033,009620,삼보산업,242163.0,38092246,0.0063572780665125395
1034,001470,삼부토건보통주,376332.0,137546368,0.0027360373485107218
1035,006400,삼성SDI보통주,9101398.0,68764530,0.13235599807051687
1036,006660,삼성공조보통주,54737.0,8126314,0.006735772208654502
1037,028260,삼성물산보통주,19088823.0,186887081,0.1021409446702204
1038,207940,삼성바이오로직스보통주,1164777.0,66165000,0.017604126048515075
1039,018260,삼성에스디에스보통주,4549427.0,77377800,0.058794990294373836
1040,028050,삼성엔지니어링보통주,5020786.0,196000000,0.025616255102040818
1041,009150,삼성전기보통주,5597799.0,74693696,0.07494339281323018
1042,005930,삼성전자보통주,166311191.0,5969782550,0.02785883566228053
1043,001360,삼성제약,48269.0,66847367,0.0007220778045005123
1044,010140,삼성중공업보통주,6825532.0,630000000,0.010834177777777778
1045,006110,삼아알미늄보통주,155607.0,11000000,0.014146090909090909
1046,009300,삼아제약,53653.0,6370000,0.00842276295133438
1047,003230,삼양식품보통주,636777.0,7533015,0.08453149237058469
1048,002170,삼양통상보통주,198235.0,3000000,0.06607833333333334
1049,002810,삼영무역보통주,217526.0,18466948,0.011779206829412203
1050,054540,삼영엠텍,62653.0,13000000,0.004819461538461538
1051,065570,삼영이엔씨,35290.0,9597602,0.003676960140668471
1052,005680,삼영전자공업보통주,174103.0,20000000,0.00870515
1053,003720,삼영화학공업보통주,97063.0,34000000,0.0028547941176470587
1054,004380,삼익THK보통주,263856.0,21000000,0.012564571428571428
1055,000520,삼일제약보통주,122680.0,6694896,0.018324407130446835
1056,009770,삼정펄프 보통주,146331.0,2499971,0.05853307898371621
1057,037460,삼지전자,76157.0,16318522,0.004666905495485436
1058,005500,삼진제약보통주,235165.0,13900000,0.016918345323741008
1059,000250,삼천당제약,118445.0,22768041,0.005202248186394253
1060,024950,삼천리자전거,104539.0,13273577,0.00787572181937092
1061,017480,삼현철강,224920.0,15702890,0.01432347803493497
1062,010960,삼호개발 보통주,355733.0,25000000,0.01422932
1063,004450,삼화왕관보통주,106547.0,2154379,0.04945601493516229
1064,009470,삼화전기보통주,151541.0,6613820,0.022912779603920276
1065,011230,삼화전자공업보통주,32130.0,10457940,0.003072306783171447
1066,001820,삼화콘덴서공업보통주,188917.0,10395000,0.018173833573833575
1067,000390,삼화페인트공업보통주,480660.0,27044153,0.01777315784302803
1068,041650,상신브레이크보통주,276365.0,21471450,0.01287127790624294
1069,091580,상신이디피,98320.0,13333226,0.007374059361177857
1070,263810,상신전자,80872.0,14244718,0.005677332468076939
1071,075180,새론오토모티브,106767.0,19200000,0.00556078125
1072,007540,샘표보통주,18279.0,2875800,0.0063561443772167745
1073,248170,샘표식품보통주,309028.0,4568286,0.0676463776567404
1074,100660,서암기계공업,31804.0,12600000,0.002524126984126984
1075,017390,서울도시가스보통주,1271968.0,5000000,0.2543936
1076,092190,서울바이오시스,252259.0,38223653,0.006599552376639669
1077,046890,서울반도체,993091.0,58305400,0.01703257331224895
1078,004410,서울식품공업보통주,61566.0,365526864,0.00016843084890198385
1079,027040,서울전자통신,33571.0,69588847,0.00048241925893670865
1080,065710,서호전기,58650.0,5150000,0.011388349514563106
1081,007610,선도전기보통주,79667.0,18000000,0.004425944444444444
1082,086710,선진뷰티사이언스,43725.0,6115650,0.0071496897304456596
1083,014910,성문전자보통주,18965.0,19486857,0.0009732200528797436
1084,003080,성보화학보통주,51756.0,20020000,0.0025852147852147853
1085,004980,성신양회보통주,495995.0,24516073,0.02023142123944565
1086,081580,성우전자,21951.0,15508143,0.0014154499349148379
1087,045300,성우테크론,36620.0,9405602,0.0038934243656067948
1088,000180,성창기업지주보통주,6470.0,69751600,9.275772885496533e-05
1089,043260,성호전자,72901.0,53405384,0.0013650496361939837
1090,002420,세기상사보통주,2234.0,407592,0.005480971167245677
1091,017510,세명전기공업,14312.0,15246000,0.0009387380296471205
1092,004360,세방보통주,577262.0,19308690,0.02989648702216463
1093,004490,세방전지보통주,1077016.0,14000000,0.07692971428571428
1094,091090,세원이앤씨보통주,109932.0,70886407,0.0015508191859688982
1095,033530,세종공업보통주,332069.0,27820961,0.011935928453370106
1096,036630,세종텔레콤,253482.0,600326126,0.000422240493994426
1097,027970,세하보통주,189517.0,57562997,0.0032923407375748696
1098,060230,소니드,21285.0,77559832,0.00027443329170697534
1099,258790,소프트캠프,18357.0,24991284,0.0007345360886619511
1100,336370,솔루스첨단소재보통주,126049.0,30589758,0.004120627564297828
1101,357780,솔브레인,453415.0,7778566,0.058290306979461255
1102,036830,솔브레인홀딩스,22375.0,20964056,0.0010673030066319228
1103,328380,솔트웨어,,6482000,
1104,004430,송원산업보통주,618476.0,24000000,0.025769833333333332
1105,253450,스튜디오드래곤 주식회사,498610.0,30004345,0.01661792650364472
1106,033170,시그네틱스,201307.0,85728319,0.002348197215904817
1107,016590,신대양제지보통주,189038.0,4029782,0.04691022988340312
1108,004970,신라교역보통주,316974.0,16000000,0.019810875
1109,001000,신라섬유,4179.0,24277540,0.00017213440900519576
1110,025870,신라에스지,58764.0,4000000,0.014691
1111,215600,신라젠,1670.0,71617125,2.331844513445632e-05
1112,065350,신성델타테크,130275.0,27483948,0.004740039531438496
1113,005390,신성통상보통주,1020453.0,143708390,0.0071008588990524495
1114,034300,신세계건설,956756.0,4000000,0.239189
1115,006880,신송홀딩스보통주,1644.0,11828858,0.00013898214011868264
1116,002800,신신제약,66958.0,15170500,0.004413697636861013
1117,017000,신원종합개발,123807.0,10468027,0.01182715711375219
1118,002700,신일전자보통주,172442.0,71047521,0.0024271360572876285
1119,012790,신일제약,61438.0,10902000,0.005635479728490185
1120,019170,신풍제약보통주,187327.0,52984990,0.0035354729707413363
1121,002870,신풍제지보통주,23989.0,34958700,0.0006862097274784245
1122,056700,신화인터텍,240937.0,29135091,0.008269649818495504
1123,243840,신흥에스이씨,144718.0,7125302,0.020310437368128396
1124,003410,쌍용C&E보통주,992644.0,503859595,0.0019700805737360226
1125,003620,쌍용자동차보통주,2929789.0,149840002,0.019552782707517584
1126,010280,쌍용정보통신,94411.0,40464034,0.0023332078062211986
1127,004770,써니전자보통주,15913.0,34845011,0.0004566794368353048
1128,013720,씨비아이,16710.0,8178771,0.0020430942497350764
1129,222080,씨아이에스,118057.0,57491676,0.002053462487334688
1130,264660,씨앤지하이테크,119183.0,8405480,0.014179202139556575
1131,056730,씨앤티85,897.0,70703912,1.2686709612333756e-05
1132,297090,씨에스베어링,103344.0,9580400,0.010787023506325414
1133,112610,씨에스윈드보통주,684457.0,42171403,0.016230358757568487
1134,001040,CJ보통주,165163.0,29176998,0.005660726302274141
1135,000120,씨제이대한통운보통주,6936120.0,22812344,0.3040511751006385
1136,311690,씨제이바이오사이언스,5312.0,3909848,0.0013586205908771901
1137,079160,씨제이씨지브이 보통주,325760.0,35100000,0.00928091168091168
1138,011150,CJ씨푸드보통주,149050.0,35930773,0.004148254756445123
1139,097950,씨제이제일제당 주식회사 보통주,5980828.0,15054186,0.3972867081621019
1140,051500,씨제이프레시웨이,1926275.0,11871586,0.16225928026802822
1141,900120,씨케이에이치푸드앤헬스리미티드,,110404457,
1142,101240,씨큐브,36972.0,10138184,0.0036468069626670813
1143,008700,아남전자보통주,264727.0,77124820,0.003432448853689383
1144,092040,아미코젠,33983.0,19214510,0.0017686113255034866
1145,036010,아비코전자,74175.0,13292934,0.00558003221862081
1146,002030,아세아보통주,20343.0,2191024,0.009284699756826033
1147,183190,아세아시멘트보통주,352859.0,3895809,0.0905739988793085
1148,002310,아세아제지보통주,428031.0,8956502,0.04778997425557433
1149,267850,아시아나IDT보통주,195855.0,11100000,0.017644594594594595
1150,020560,아시아나항공 보통주,3559874.0,74411764,0.04784020440638929
1151,332370,아이디피,17129.0,6636863,0.0025808879887983223
1152,214430,아이쓰리시스템,66532.0,7106760,0.009361790745712533
1153,010780,아이에스동서보통주,931924.0,30892606,0.030166571250091364
1154,185490,아이진,3363.0,11669149,0.00028819582302017056
1155,175250,아이큐어,48874.0,9033027,0.005410589384931541
1156,052460,아이크래프트,80545.0,14607936,0.005513783740564033
1157,119830,아이텍,40122.0,14574192,0.002752948499649243
1158,013310,아진산업,263541.0,38806582,0.006791141770743942
1159,001540,안국약품,131884.0,13042420,0.010111927081017174
1160,260660,알리코제약,124809.0,10300375,0.012116937490139923
1161,131370,알서포트,36459.0,53267083,0.0006844564775585702
1162,140670,알에스오토메이션,93256.0,9103140,0.01024437721489508
1163,327260,알에프머트리얼즈,10327.0,3596588,0.002871332496243662
1164,218410,알에프에이치아이씨,54484.0,23847620,0.0022846724327207496
1165,293780,압타바이오,341.0,11095233,3.073391969325926e-05
1166,018250,애경산업보통주,583711.0,26409935,0.022101947619333408
1167,161000,애경케미칼보통주,718100.0,32040000,0.022412609238451935
1168,196300,애니젠,8516.0,5021165,0.0016960207441898444
1169,900100,애머릿지코퍼레이션,29220.0,125230931,0.00023332893692214107
1170,174900,앱클론 주식회사,2771.0,15278069,0.0001813710881918389
1171,102120,어보브반도체,137877.0,17459653,0.007896892338009238
1172,038680,에스넷시스템,203011.0,16075215,0.012628820205515137
1173,099220,에스디엔,78730.0,48178714,0.001634124148685247
1174,097780,에스맥,97622.0,261145602,0.00037382211016519435
1175,151910,에스비더블유생명과학,39906.0,148625347,0.00026850063468649126
1176,950110,SBI핀테크솔루션즈,30566.0,24048040,0.0012710391366614494
1177,036120,에스씨아이평가정보,47301.0,35500000,0.0013324225352112677
1178,298060,에스씨엠생명과학,320.0,11910486,2.6867081662326795e-05
1179,080000,에스엔유프리시젼,101697.0,34322870,0.002962951524741375
1180,091340,에스엔케이폴리텍,17608.0,11703721,0.0015044787892671057
1181,005850,에스엘보통주,1739395.0,48203277,0.03608457989277368
1182,109610,에스와이,224937.0,46869082,0.004799261910015647
1183,005090,SGC에너지보통주,69991.0,14677004,0.0047687525328738755
1184,016250,에스지씨이테크건설,1135495.0,1581383,0.7180392099826545
1185,049470,에스지에이,37878.0,48812249,0.0007759937469793698
1186,184230,에스지에이 솔루션즈,18882.0,38943605,0.0004848549588565311
1187,255220,에스지이,113526.0,37133006,0.0030572800920022473
1188,034730,SK보통주,3473984.0,70360297,0.04937420886668514
1189,018670,SK가스보통주,3631780.0,9230244,0.3934652215044369
1190,001740,SK네트웍스보통주,8062953.0,248187647,0.03248732601103229
1191,006120,에스케이디스커버리보통주,21010.0,19037855,0.0011035907143950828
1192,210980,SK디앤디보통주,547883.0,18990164,0.02885088301501767
1193,068400,에스케이렌터카보통주,863536.0,47285840,0.01826204208278842
1194,302440,에스케이바이오사이언스보통주,225611.0,76500000,0.0029491633986928104
1195,326030,에스케이바이오팜보통주,63013.0,78313250,0.0008046275694087527
1196,011790,SKC보통주,556765.0,37868298,0.01470266765092004
1197,285130,SK케미칼보통주,921134.0,11741396,0.0784518297483536
1198,017670,SK텔레콤보통주,11746630.0,80745711,0.14547682910365356
1199,000660,에스케이하이닉스보통주,30524987.0,728002365,0.04192979098357737
1200,069510,에스텍,197955.0,10910000,0.018144362969752522
1201,234300,에스트래픽,84721.0,20826160,0.004068008696754466
1202,237690,에스티팜,109050.0,18656000,0.005845304459691252
1203,288620,에스퓨얼셀,46952.0,6874316,0.0068300613471943975
1204,010950,S-Oil보통주,16735504.0,112582792,0.14865063925577543
1205,023960,에쓰씨엔지니어링보통주,72470.0,28782587,0.0025178417770438774
1206,298690,에어부산보통주,189918.0,82070000,0.0023140977214572925
1207,298380,에이비엘바이오,8104.0,46704400,0.0001735168420962479
1208,312610,에이에프더블류,11316.0,20256888,0.0005586247996237131
1209,012630,HDC보통주,52839.0,59741721,0.00088445727902616
1210,039570,에이치디씨랩스보통주,260213.0,16460000,0.0158088092345079
1211,294870,HDC현대산업개발보통주,3659512.0,65907330,0.055525113822696204
1212,089470,에이치디씨현대이피보통주,569314.0,31900000,0.017846833855799372
1213,297890,에이치비솔루션,21082.0,7109450,0.002965348936978247
1214,082740,에이치에스디엔진보통주,829749.0,40599422,0.02043745844460544
1215,204320,만도보통주,3009766.0,46957120,0.06409605188733891
1216,028300,에이치엘비,48730.0,53102772,0.000917654543533057
1217,003580,에이치엘비글로벌보통주,14638.0,32936179,0.0004444352819433001
1218,067630,에이치엘비생명과학,14824.0,47090453,0.00031479841572133526
1219,047920,에이치엘비제약,40571.0,22357821,0.0018146222746841026
1220,115450,에이치엘비테라퓨틱스,43049.0,27088019,0.001589226587592101
1221,011200,에이치엠엠보통주,6223944.0,340648197,0.0182708849035828
1222,006840,AK홀딩스보통주,45515.0,13247561,0.0034357267726489427
1223,071670,에이테크솔루션,190074.0,10000000,0.0190074
1224,003060,에이프로젠제약보통주,31831.0,398575767,7.986185472234191e-05
1225,265520,에이피시스템,583332.0,14480227,0.04028472758058282
1226,054620,에이피에스홀딩스,4535.0,20394221,0.00022236691462743295
1227,211270,에이피위성,45379.0,15062304,0.0030127528962368573
1228,089970,에이피티씨,93030.0,23564595,0.003947871796650865
1229,038870,에코바이오홀딩스,16272.0,11610994,0.0014014304029439685
1230,128540,에코캡,65888.0,14558800,0.004525647718218535
1231,038110,에코플라스틱,850692.0,25669370,0.03314035365885489
1232,083500,에프엔에스테크,91838.0,8385722,0.010951710538460493
1233,070300,엑스큐어,10118.0,7366074,0.0013735946720057387
1234,067570,엔브이에이치코리아,363532.0,32543588,0.011170618310433379
1235,101400,엔시트론,10347.0,32295909,0.00032038113557974167
1236,181710,NHN보통주,290425.0,19565025,0.014844090411333489
1237,060250,엔에이치엔한국사이버결제,622150.0,22971393,0.02708368621789719
1238,004250,NPC보통주,324575.0,36720000,0.008839188453159041
1239,900140,엘브이엠씨홀딩스보통주,,84348589,
1240,061970,엘비세미콘,234124.0,43784592,0.005347177838267854
1241,079550,LIG넥스원보통주,1599434.0,22000000,0.07270154545454545
1242,229640,엘에스전선아시아보통주,33651.0,30624879,0.001098812504695937
1243,034220,LG디스플레이보통주,22799273.0,357815700,0.06371792238294742
1244,066570,LG전자보통주,28435323.0,163647814,0.17375925962567396
1245,037950,엘컴텍,36164.0,84447519,0.00042824230277268416
1246,170920,엘티씨,59645.0,8019363,0.007437623162837248
1247,323230,엠에프엠코리아,61085.0,18133724,0.003368585515032654
1248,033160,엠케이전자,476531.0,21807689,0.0218515130145152
1249,014440,영보화학보통주,86457.0,20000000,0.00432285
1250,007530,영신금속공업,108310.0,12832968,0.008439980525159886
1251,003520,영진약품보통주,208464.0,182892731,0.0011398156660474385
1252,036560,영풍정밀,90841.0,15750000,0.00576768253968254
1253,006740,영풍제지보통주,98155.0,22200000,0.004421396396396397
1254,012280,영화금속보통주,179398.0,53394505,0.003359858846898197
1255,265560,영화테크,32687.0,5345090,0.006115332014989458
1256,053280,예스이십사,612986.0,17200000,0.035638720930232556
1257,900300,오가닉티코스메틱스홀딩스컴퍼니리미티드,,64411060,
1258,039830,오로라월드,102898.0,10762890,0.009560443338174041
1259,053980,오상자이엘,63728.0,17747882,0.0035907383202119555
1260,052420,오성첨단소재,79547.0,67859018,0.0011722391856598927
1261,241790,오션브릿지,68198.0,10002634,0.006818004137710127
1262,048260,오스템임플란트,429272.0,14285717,0.030049034290683486
1263,244460,올리패스,270.0,17028203,1.5856047757946037e-05
1264,226950,올릭스,2474.0,13643160,0.00018133628866039833
1265,057540,옴니시스템,85829.0,46449355,0.001847797455960368
1266,109080,옵티시스,20411.0,5636000,0.003621540099361249
1267,051390,와이더블유,16652.0,11355368,0.0014664430073952689
1268,232140,와이아이케이,135986.0,81320296,0.0016722270661680817
1269,155650,와이엠씨,145612.0,19974358,0.0072899464403311486
1270,251370,와이엠티,70202.0,14954978,0.00469422288685413
1271,079000,와토스 코리아,18311.0,7200000,0.0025431944444444443
1272,082850,우리바이오,31052.0,44917878,0.0006913060318655302
1273,215360,우리산업,274230.0,9132163,0.030029030362248244
1274,072470,우리산업홀딩스,2681.0,18887341,0.00014194692625076234
1275,073560,우리손에프앤지 농업회사법인,77033.0,69237643,0.001112588422456842
1276,037400,우리엔터프라이즈,25855.0,24923346,0.0010373807754384182
1277,153490,우리이앤엘,114377.0,49900000,0.002292124248496994
1278,101170,우림피티에스,60110.0,13500000,0.004452592592592592
1279,066590,우수AMS,183576.0,35618100,0.0051540087764366995
1280,046940,우원개발,167003.0,18074350,0.009239779023865313
1281,018620,우진비앤지,25410.0,28889293,0.0008795646193210751
1282,336570,원텍,,5610000,
1283,008290,원풍물산,29083.0,40693679,0.000714681019624694
1284,010600,웰바이오텍보통주,16233.0,48525642,0.0003345241676555253
1285,023800,인지컨트롤스보통주,311645.0,15160128,0.02055688448013104
1286,234080,JW생명과학보통주,178531.0,15834554,0.01127477287961505
1287,001060,JW중외제약보통주,542635.0,21539926,0.025192054977347646
1288,096760,JW홀딩스 보통주,88888.0,68441182,0.0012987502173764328
1289,006360,GS건설보통주,8890992.0,85490868,0.10399931838333891
1290,000040,KR모터스보통주,20218.0,96137368,0.0002103032402551316
1291,001390,KG케미칼보통주,143438.0,13866096,0.010344512254927414
1292,025000,KPX케미칼보통주,573784.0,4840000,0.1185504132231405
1293,092230,KPX홀딩스보통주,77880.0,4224646,0.018434680680937527
1294,021240,코웨이보통주,2592547.0,73799619,0.03512954450347501
