회사명,거래소코드,회계년도,[제조]1주당매출액
(주)BNK금융지주,138930,2020/12,
(주)CMG제약,058820,2020/12,464.1
(주)DB하이텍,000990,2020/12,21026.63
(주)ES큐브,050120,2020/12,363.68
(주)HJ중공업,097230,2020/12,20350.03
(주)JB금융지주,175330,2020/12,
(주)KB금융지주,105560,2020/12,
(주)MH에탄올,023150,2020/12,6949.54
(주)SH에너지화학,002360,2020/12,821.98
(주)SIMPAC,009160,2020/12,4158.48
(주)SNT에너지,100840,2020/12,30638.08
(주)SNT홀딩스,036530,2020/12,1552.37
(주)STX,011810,2020/12,39968.87
(주)TCC스틸,002710,2020/12,14062.4
(주)가비아,079940,2020/12,4735.41
(주)가온칩스,399720,2020/12,427457.65
(주)강스템바이오텍,217730,2020/12,12.2
(주)강원랜드,035250,2020/12,2231.81
(주)강원에너지,114190,2020/12,2112.11
(주)갤럭시아에스엠,011420,2020/12,709.25
(주)경농,002100,2020/12,7636.79
(주)경동나비엔,009450,2020/12,58583.49
(주)경동도시가스,267290,2020/12,184215.2
(주)경동인베스트,012320,2020/12,3256.04
(주)경방,000050,2020/12,8245.84
(주)경보제약,214390,2020/12,9005.16
(주)경인양행,012610,2020/12,5245.59
(주)고려시멘트,198440,2020/12,2194.58
(주)고바이오랩,348150,2020/12,646.82
(주)고영테크놀러지,098460,2020/12,11440.25
(주)골드앤에스,035290,2020/12,1071.8
(주)골드퍼시픽,038530,2020/12,321.14
(주)골프존,215000,2020/12,44782.93
(주)골프존뉴딘홀딩스,121440,2020/12,1341.86
(주)공구우먼,366030,2020/12,3268341.05
(주)광림,014200,2020/12,1969.93
(주)광명전기,017040,2020/12,2596.73
(주)광무,029480,2020/12,403.76
(주)광주신세계,037710,2020/12,92192.78
(주)구영테크,053270,2020/12,3214.39
(주)국동,005320,2020/12,4301.05
(주)국보,001140,2020/12,1296.07
(주)국보디자인,066620,2020/12,33841.43
(주)국순당,043650,2020/12,2819.17
(주)국영지앤엠,006050,2020/12,1845.12
(주)국전약품,307750,2020/12,2092.04
(주)그래디언트,035080,2020/12,2891.99
(주)그리티,204020,2020/12,5949.04
(주)그린플러스,186230,2020/12,11500.82
(주)글로벌스탠다드테크놀로지,083450,2020/12,16543.74
(주)금비,008870,2020/09,79341.22
(주)금양,001570,2020/12,2745.37
(주)금호에이치티,214330,2020/12,7032.26
(주)금화피에스시,036190,2020/12,34298.36
(주)기가레인,049080,2020/12,724.44
(주)기산텔레콤,035460,2020/12,1837.58
(주)까뮤이앤씨,013700,2020/12,3581.85
(주)까스텔바작,308100,2020/12,10176.34
(주)나노,187790,2020/12,1408.64
(주)나노브릭,286750,2020/12,1897.31
(주)나노신소재,121600,2020/12,4444.96
(주)나노엔텍,039860,2020/12,1028.13
(주)나래나노텍,137080,2020/12,9612.71
(주)나무가,190510,2020/12,56548.24
(주)나스미디어,089600,2020/12,9372.99
(주)나이벡,138610,2020/12,641.94
(주)나이스디앤비,130580,2020/12,3915.65
(주)나이스홀딩스,034310,2020/12,1028.99
(주)나인테크,267320,2020/12,1671.87
(주)남선알미늄,008350,2020/12,2429.92
(주)남성,004270,2020/12,1848.76
(주)내츄럴엔도텍,168330,2020/12,642.27
(주)네오리진,094860,2020/12,187.06
(주)네오셈,253590,2020/12,1260.31
(주)네오오토,212560,2020/12,14920.63
(주)네오위즈,095660,2020/12,10230.52
(주)네오위즈홀딩스,042420,2020/12,111.74
(주)네오이뮨텍,950220,2020/12,0
(주)네오크레마,311390,2020/12,3030.44
(주)네오티스,085910,2020/12,3462.04
(주)네오팜,092730,2020/12,9925.99
(주)네오펙트,290660,2020/12,222.2
(주)네온테크,306620,2020/12,908.83
(주)네이블커뮤니케이션즈,153460,2020/12,1812.72
(주)네이처셀,007390,2020/12,273.24
(주)네패스,033640,2020/12,11657.1
(주)네패스아크,330860,2020/12,8310.19
(주)넥센,005720,2020/12,6183.64
(주)넥스턴바이오사이언스,089140,2020/12,817.57
(주)넥스트아이,137940,2020/12,238.51
(주)넥스트엔터테인먼트월드,160550,2020/12,2302.05
(주)넥스트칩,396270,2020/12,
(주)넥스틴,348210,2020/12,18556.65
(주)넥슨게임즈,225570,2020/12,2822.73
(주)넵튠,217270,2020/12,320.62
(주)노랑풍선,104620,2020/12,4177.71
(주)노루페인트,090350,2020/12,27122.64
(주)노루홀딩스,000320,2020/12,1414.96
(주)노바렉스,194700,2020/12,24745.6
(주)노바텍,285490,2020/12,3770.99
(주)노블엠앤비,106520,2020/12,308.23
(주)노터스,278650,2020/12,5765.1
(주)녹십자,006280,2020/12,105057.68
(주)녹십자엠에스,142280,2020/12,5255.92
(주)녹십자웰빙,234690,2020/12,4258.78
(주)녹십자홀딩스,005250,2020/12,1590.22
(주)녹원씨엔아이,065560,2020/12,974.07
(주)농심,004370,2020/12,346181.83
(주)농심홀딩스,072710,2020/12,4159.55
(주)누리플랜,069140,2020/12,6606.35
(주)누리플렉스,040160,2020/12,5587.93
(주)누보,332290,2020/12,
(주)뉴로메카,348340,2020/12,28576.23
(주)뉴보텍,060260,2020/12,1269.33
(주)뉴인텍,012340,2020/12,1592.69
(주)뉴트리,270870,2020/12,18858.66
(주)뉴파워프라즈마,144960,2020/12,1991.26
(주)뉴프렉스,085670,2020/12,7441.71
(주)다나와,119860,2020/12,12318.02
(주)다날,064260,2020/12,2909.55
(주)다보링크,340360,2020/12,
(주)다산네트웍스,039560,2020/12,987.57
(주)다우기술,023590,2020/12,5486.53
(주)다우데이타,032190,2020/12,5213.89
(주)다원시스,068240,2020/12,9190.12
(주)다이나믹디자인,145210,2020/12,567.74
(주)대교,019680,2020/12,5633.8
(주)대구백화점,006370,2020/12,7865.62
(주)대덕,008060,2020/12,71.24
(주)대동,000490,2020/12,26866.11
(주)대동스틸,048470,2020/12,10635.78
(주)대륙제관,004780,2020/12,13344.59
(주)대림제지,017650,2020/12,2860.82
(주)대명소노시즌,007720,2020/12,1283.51
(주)대성미생물연구소,036480,2020/12,6526.58
(주)대성엘텍,025440,2020/12,2935.66
(주)대성파인텍,104040,2020/12,1025.12
(주)대성하이텍,129920,2020/12,643130.98
(주)대양금속,009190,2020/12,3494.2
(주)대우건설,047040,2020/12,18375.46
(주)대웅,003090,2020/12,1506.8
(주)대웅제약,069620,2020/12,81538.47
(주)대원,007680,2020/12,12205.25
(주)대유,290380,2020/12,3715.68
(주)대유에이텍,002880,2020/12,3393.69
(주)대유에이피,290120,2020/12,12528.56
(주)대유플러스,000300,2020/12,919.49
(주)대창,012800,2020/12,4622.65
(주)대창솔루션,096350,2020/12,157.2
(주)대창스틸,140520,2020/12,8464.49
(주)대한과학,131220,2020/12,5591.09
(주)대한항공,003490,2020/12,77171.31
(주)대현,016090,2020/12,5717.84
(주)대호에이엘,069460,2020/12,4474.93
(주)대호특수강,021040,2020/12,1831.36
(주)더 미동,161570,2020/12,1905.54
(주)더네이쳐홀딩스,298540,2020/12,46975.39
(주)더블유게임즈,192080,2020/12,13033.26
(주)더블유아이,073570,2020/12,1593.22
(주)더블유에스아이,299170,2020/12,892.59
(주)더존비즈온,012510,2020/12,9631.65
(주)더코디,224060,2020/12,136.7
(주)덕산테코피아,317330,2020/12,4264.97
(주)덕성,004830,2020/12,6283.09
(주)덕신하우징,090410,2020/12,2727.03
(주)데이타솔루션,263800,2020/12,5868.03
(주)덱스터스튜디오,206560,2020/12,954.11
(주)덴티스,261200,2020/12,562.13
(주)덴티움,145720,2020/12,16157.39
(주)도화엔지니어링,002150,2020/12,18072.16
(주)동구바이오제약,006620,2020/12,14495.61
(주)동국알앤에스,075970,2020/12,3471.66
(주)동국에스엔씨,100130,2020/12,2821.51
(주)동남합성,023450,2020/12,34493.55
(주)동방,004140,2020/12,14000.96
(주)동방선기,099410,2020/12,1591.83
(주)동방아그로,007590,2020/12,9469.94
(주)동서,026960,2020/12,4424.2
(주)동성케미컬,102260,2020/12,4782.86
(주)동성화인텍,033500,2020/12,14346.81
(주)동아엘텍,088130,2020/12,8361.16
(주)동아지질,028100,2020/12,27360.67
(주)동양,001520,2020/12,1853.74
(주)동양고속,084670,2020/12,28802.28
(주)동양에스텍,060380,2020/12,13664.2
(주)동우팜투테이블,088910,2020/12,10690.19
(주)동운아나텍,094170,2020/12,4487.57
(주)동원개발,013120,2020/12,6944.49
(주)동원에프앤비,049770,2020/12,461573.21
(주)동일기연,032960,2020/12,7256.73
(주)동진쎄미켐,005290,2020/12,13225.43
(주)두산,000150,2020/12,72353.79
(주)두산테스나,131970,2020/12,15454.27
(주)두올,016740,2020/12,7166.74
(주)듀오백,073190,2020/12,3610.58
(주)드래곤플라이,030350,2020/12,258.35
(주)드림시큐리티,203650,2020/12,491.54
(주)드림씨아이에스,223250,2020/12,4790.83
(주)드림어스컴퍼니,060570,2020/12,3901.09
(주)드림텍,192650,2020/12,6397.4
(주)디딤,217620,2020/12,2114.19
(주)디모아,016670,2020/12,77.54
(주)디바이스이엔지,187870,2020/12,17930.9
(주)디비아이엔씨,012030,2020/12,1117.91
(주)디스플레이테크,066670,2020/12,1938.01
(주)디아이,003160,2020/12,3234.12
(주)디아이씨,092200,2020/12,9036.17
(주)디아크,078590,2020/12,497.71
(주)디알비동일,004840,2020/12,5460.23
(주)디알젬,263690,2020/12,9353.45
(주)디알텍,214680,2020/12,920.51
(주)디앤씨미디어,263720,2020/12,4485.8
(주)디어유,376300,2020/12,
(주)디에스앤엘,141020,2020/12,0
(주)디에스케이,109740,2020/12,1576.57
(주)디에이테크놀로지,196490,2020/12,497.99
(주)디에이피,066900,2020/12,13248.9
(주)디엔에이링크,127120,2020/12,1041.04
(주)디엔에프,092070,2020/12,7726.87
(주)디엔오토모티브,007340,2020/12,16782.84
(주)디엠에스,068790,2020/12,9096.35
(주)디오,039840,2020/12,4960.55
(주)디와이디,219550,2020/12,529.69
(주)디이엔티,079810,2020/12,1638.79
(주)디지비금융지주,139130,2020/12,
(주)디지아이,043360,2020/12,1718.45
(주)디지캡,197140,2020/12,2116.18
(주)디지털대성,068930,2020/12,4446.8
(주)디지틀조선일보,033130,2020/12,764.9
(주)디케이앤디,263020,2020/12,4832.07
(주)디케이티,290550,2020/12,16339.64
(주)디티앤씨,187220,2020/12,3970.47
(주)딜리,131180,2020/12,939.49
(주)딥노이드,315640,2020/12,755.41
(주)라닉스,317120,2020/12,967.3
(주)라온테크,232680,2020/12,4249.63
(주)라이온켐텍,171120,2020/12,7016.72
(주)라이트론,069540,2020/12,952.12
(주)라이프시맨틱스,347700,2020/12,2902.15
(주)라파스,214260,2020/12,1769.36
(주)락앤락,115390,2020/12,3934.87
(주)래몽래인,200350,2020/12,7702.81
(주)랩지노믹스,084650,2020/12,10701.47
(주)러셀,217500,2020/12,915.68
(주)레고켐바이오사이언스,141080,2020/12,2049.65
(주)레드캡투어,038390,2020/12,26032.66
(주)레몬,294140,2020/12,2367.81
(주)레이,228670,2020/12,7078.98
(주)레이언스,228850,2020/12,5250.09
(주)레이크머티리얼즈,281740,2020/12,707.45
(주)레인보우로보틱스,277810,2020/12,422.17
(주)로보로보,215100,2020/12,246.44
(주)로보스타,090360,2020/12,13354.66
(주)로보티즈,108490,2020/12,1512.27
(주)로지시스,067730,2020/12,3517.14
(주)루닛,328130,2020/12,891.05
(주)루멘스,038060,2020/12,2848.46
(주)루트로닉,085370,2020/12,3488.24
(주)룽투코리아,060240,2020/12,2020.54
(주)리노스,039980,2020/12,2061.48
(주)리더스기술투자,019570,2020/03,
(주)리더스코스메틱,016100,2020/12,1783.64
(주)리드코프,012700,2020/12,12139.64
(주)리메드,302550,2020/12,2760.81
(주)리파인,377450,2020/12,208321.2
(주)링네트,042500,2020/12,9640.09
(주)링크제니시스,219420,2020/12,1146.55
(주)마니커,027740,2020/12,1359.26
(주)마니커에프앤지,195500,2020/12,8669.54
(주)마이크로디지탈,305090,2020/12,630.77
(주)마이크로컨텍솔루션,098120,2020/12,4635.05
(주)마이크로프랜드,147760,2020/12,4715.9
(주)마인즈랩,377480,2020/12,15343.77
(주)마크로밀엠브레인,169330,2020/06,4920.57
(주)마크로젠,038290,2020/12,8533.29
(주)매직마이크로,127160,2020/12,270.67
(주)매커스,093520,2020/12,4960.73
(주)맥스트,377030,2020/12,
(주)머큐리,100590,2020/12,7979.76
(주)멀티캠퍼스,067280,2020/12,42323.25
(주)메드팩토,235980,2020/12,0
(주)메디아나,041920,2020/12,7761.1
(주)메디콕스,054180,2020/12,519.76
(주)메디톡스,086900,2020/12,20632.43
(주)메디프론디비티,065650,2020/12,894.18
(주)메리츠금융지주,138040,2020/12,
(주)메지온,140410,2020/12,3289.04
(주)메카로,241770,2020/12,7072.34
(주)메타랩스,090370,2020/12,398.3
(주)메타바이오메드,059210,2020/12,1753.41
(주)멕아이씨에스,058110,2020/12,10389.94
(주)멜파스,096640,2020/12,2215.51
(주)모나리자,012690,2020/12,3202.81
(주)모나미,005360,2020/12,4926.28
(주)모다이노칩,080420,2020/12,1711.02
(주)모두투어네트워크,080160,2020/12,2258.83
(주)모베이스,101330,2020/12,658.86
(주)모베이스전자,012860,2020/12,11686.24
(주)모비데이즈,363260,2020/12,
(주)모비릭스,348030,2020/12,5889.14
(주)모비스,250060,2020/12,23.99
(주)모아데이타,288980,2020/12,48231.84
(주)모아텍,033200,2020/03,1874.72
(주)모코엠시스,333050,2020/12,
(주)모토닉,009680,2020/12,5410.84
(주)모헨즈,006920,2020/12,2905.55
(주)무학,033920,2020/12,4772.12
(주)미래생명자원,218150,2020/12,1718.94
(주)미래아이앤지,007120,2020/12,44.58
(주)미래컴퍼니,049950,2020/12,6484.52
(주)미코,059090,2020/12,1489.63
(주)미코바이오메드,214610,2020/12,3524.04
(주)미투온,201490,2020/12,546.43
(주)바른손,018700,2020/03,204.05
(주)바른손이앤에이,035620,2020/12,156.15
(주)바른전자,064520,2020/12,352.82
(주)바이넥스,053030,2020/12,4189.18
(주)바이브컴퍼니,301300,2020/12,54122.65
(주)바이오니아,064550,2020/12,6330.91
(주)바이오다인,314930,2020/12,4093.26
(주)바이오로그디바이스,208710,2020/12,2541.38
(주)바이오솔루션,086820,2020/12,958.01
(주)바이오스마트,038460,2020/12,3002.1
(주)바이오에프디엔씨,251120,2020/12,1173.88
(주)바이오톡스텍,086040,2020/12,1741.47
(주)바텍,043150,2020/12,10314.75
(주)박셀바이오,323990,2020/12,0
(주)방림,003610,2020/09,1889.4
(주)배럴,267790,2020/12,3295.69
(주)백금티앤에이,046310,2020/12,3115.64
(주)백산,035150,2020/12,8459.58
(주)밸로프,331520,2020/12,
(주)버킷스튜디오,066410,2020/12,738.15
(주)베노홀딩스,206400,2020/12,113.2
(주)베셀,177350,2020/12,6140.64
(주)베스파,299910,2020/12,8209.4
(주)벽산,007210,2020/12,3918.4
(주)보광산업,225530,2020/12,1575.65
(주)보라티알,250000,2020/12,6542.07
(주)보락,002760,2020/12,639.28
(주)보령,003850,2020/12,11692.24
(주)본느,226340,2020/12,795.95
(주)부-스타,008470,2020/12,11968.93
(주)부방,014470,2020/12,81.36
(주)뷰노,338220,2020/12,141.52
(주)뷰웍스,100120,2020/12,14750.39
(주)브랜드엑스코퍼레이션,337930,2020/12,8514.66
(주)브리지텍,064480,2020/12,3708.51
(주)브이씨,365900,2020/12,122837.13
(주)브이원텍,251630,2020/12,2022.83
(주)브이티지엠피,018290,2020/12,3086.32
(주)블루베리엔에프티,044480,2020/12,836.33
(주)블루콤,033560,2020/12,2998.93
(주)블리츠웨이,369370,2020/12,
(주)비덴트,121800,2020/12,315
(주)비보존헬스케어,082800,2020/12,214.71
(주)비비안,002070,2020/12,24122.78
(주)비상교육,100220,2020/12,10986.7
(주)비스토스,419540,2020/12,123070.74
(주)비씨월드제약,200780,2020/12,6498.85
(주)비아트론,141000,2020/12,7536.46
(주)비에이치,090460,2020/12,9658.63
(주)비엔지티,032790,2020/12,777.17
(주)비엘,142760,2020/12,809.31
(주)비엘팜텍,065170,2020/12,427.39
(주)비엠티,086670,2020/12,10821.43
(주)비올,335890,2020/12,222.04
(주)비와이씨,001460,2020/12,191561.29
(주)비즈니스온커뮤니케이션,138580,2020/12,1699.67
(주)비지에프,027410,2020/12,539.44
(주)비지에프리테일,282330,2020/12,356852.72
(주)비츠로셀,082920,2020/12,5212.93
(주)비츠로시스,054220,2020/03,142.27
(주)비츠로테크,042370,2020/12,1691.57
(주)비케이홀딩스,050090,2020/12,130.92
(주)비투엔,307870,2020/12,
(주)비트나인,357880,2020/12,2490.26
(주)비트컴퓨터,032850,2020/12,2150.64
(주)비피도,238200,2020/12,3007.39
(주)빅솔론,093190,2020/12,3430.53
(주)빅텍,065450,2020/12,2348.35
(주)빙그레,005180,2020/12,92123.36
(주)사람인에이치알,143240,2020/12,5849.11
(주)사조대림,003960,2020/12,118471.57
(주)사조오양,006090,2020/12,34769.21
(주)산돌,419120,2020/12,
(주)삼기,122350,2020/12,8827.35
(주)삼보판지,023600,2020/12,10824.69
(주)삼성출판사,068290,2020/12,5676.36
(주)삼양사,145990,2020/12,142801.39
(주)삼양옵틱스,225190,2020/12,3823.31
(주)삼양패키징,272550,2020/12,25867.3
(주)삼양홀딩스,000070,2020/12,12870.57
(주)삼에스코리아,060310,2020/03,434.58
(주)삼영에스앤씨,361670,2020/12,31310.58
(주)삼원강재,023000,2020/12,6149.73
(주)삼익악기,002450,2020/12,1191.74
(주)삼일,032280,2020/12,5146.87
(주)삼일기업공사,002290,2020/12,5217.08
(주)삼일씨엔에스,004440,2020/12,14614.49
(주)삼진,032750,2020/12,19522.18
(주)삼진엘앤디,054090,2020/12,2607.97
(주)삼천리,004690,2020/12,590623.33
(주)삼표시멘트,038500,2020/12,4991.21
(주)삼화네트웍스,046390,2020/12,646.52
(주)상보,027580,2020/12,1225.11
(주)상상인,038540,2020/12,1763.09
(주)상상인인더스트리,101000,2020/12,440.68
(주)상상인증권,001290,2020/12,
(주)상아프론테크,089980,2020/12,6978.96
(주)상지카일룸,042940,2020/12,372.71
(주)새로닉스,042600,2020/12,5049.37
(주)새빗켐,107600,2020/12,5963.36
(주)샘씨엔에스,252990,2020/12,898.55
(주)샤페론,378800,2020/12,0
(주)서남,294630,2020/12,70.68
(주)서린바이오사이언스,038070,2020/12,7609.39
(주)서부티엔디,006730,2020/12,1446.58
(주)서산,079650,2020/12,1096.56
(주)서연,007860,2020/12,554.85
(주)서연이화,200880,2020/12,37889.85
(주)서연탑메탈,019770,2020/12,11744.4
(주)서울리거,043710,2020/12,385.1
(주)서울옥션,063170,2020/12,1599.93
(주)서울제약,018680,2020/12,6155.43
(주)서원,021050,2020/12,4100.8
(주)서원인텍,093920,2020/12,6348.06
(주)서전기전,189860,2020/12,6328.35
(주)서진시스템,178320,2020/12,3237.38
(주)서진오토모티브,122690,2020/12,6491.96
(주)서플러스글로벌,140070,2020/12,3033.6
(주)서한,011370,2020/12,4809.33
(주)서흥,008490,2020/12,33383.96
(주)서희건설,035890,2020/12,5475.8
(주)석경에이티,357550,2020/12,1504.01
(주)선광,003100,2020/12,11789.81
(주)선앤엘,002820,2020/12,15306.37
(주)선익시스템,171090,2020/12,7231.57
(주)선진,136490,2020/12,39093.87
(주)성광벤드,014620,2020/12,5880.32
(주)성도이엔지,037350,2020/12,21938.58
(주)성안,011300,2020/12,520.82
(주)성우하이텍,015750,2020/12,14400.14
(주)성창오토텍,080470,2020/12,9831.03
(주)세경하이테크,148150,2020/12,8730.7
(주)세동,053060,2020/12,5130.15
(주)세림비앤지,340440,2020/12,
(주)세보엠이씨,011560,2020/12,60611.14
(주)세아메카닉스,396300,2020/12,1325236.22
(주)세아베스틸지주,001430,2020/12,38881.28
(주)세아제강,306200,2020/12,405622.17
(주)세아제강지주,003030,2020/12,3211.35
(주)세아특수강,019440,2020/12,55051.7
(주)세아홀딩스,058650,2020/12,17872.55
(주)세우글로벌,013000,2020/12,956.21
(주)세운메디칼,100700,2020/12,1401.47
(주)세원물산,024830,2020/12,18657.47
(주)세원정공,021820,2020/06,5053.4
(주)세이브존아이앤씨,067830,2020/12,3282.65
(주)세종메디칼,258830,2020/12,2064.62
(주)세중,039310,2020/12,161.49
(주)세진중공업,075580,2020/12,6965.78
(주)세진티에스,067770,2020/12,2223.63
(주)세코닉스,053450,2020/12,24109.1
(주)세토피아,222810,2020/12,163.75
(주)세화피앤씨,252500,2020/12,1764.39
(주)센코,347000,2020/12,3146.02
(주)센트랄모텍,308170,2020/12,27072.11
(주)센트럴인사이트,012600,2020/12,0
(주)셀레믹스,331920,2020/12,743.84
(주)셀루메드,049180,2020/12,607.89
(주)셀리드,299660,2020/12,0
(주)셀리버리,268600,2020/12,94.56
(주)셀바스에이아이,108860,2020/12,619.93
(주)셀바스헬스케어,208370,2020/12,899.93
(주)셀트리온,068270,2020/12,12527.32
(주)셀트리온제약,068760,2020/12,6523.58
(주)셀트리온헬스케어,091990,2020/12,13990.82
(주)셀피글로벌,068940,2020/12,887.35
(주)소룩스,290690,2020/12,929526.04
(주)소마젠,950200,2020/12,1526.42
(주)소프트센,032680,2020/12,1411.52
(주)손오공,066910,2020/12,3036.19
(주)솔고바이오메디칼,043100,2020/12,171.22
(주)솔루에타,154040,2020/12,3577.25
(주)솔루엠,248070,2020/12,18865.33
(주)솔본,035610,2020/12,129.48
(주)솔트룩스,304100,2020/12,4540.41
(주)쇼박스,086980,2020/12,745.79
(주)수산아이앤티,050960,2020/12,2675.75
(주)수산인더스트리,126720,2020/12,43540.04
(주)수산중공업,017550,2020/12,1040.18
(주)수젠텍,253840,2020/12,3086.78
(주)슈프리마,236200,2020/12,7707.19
(주)슈프리마아이디,317770,2020/12,2732.99
(주)슈프리마에이치큐,094840,2020/12,1688.43
(주)슈피겐코리아,192440,2020/12,38914.24
(주)스마트솔루션즈,136510,2020/12,2410.22
(주)스맥,099440,2020/12,3675.18
(주)스카이문스테크놀로지,033790,2020/12,1464.48
(주)스코넥엔터테인먼트,276040,2020/12,972.51
(주)스킨앤스킨,159910,2020/12,189.04
(주)스타플렉스,115570,2020/12,7439.2
(주)스튜디오산타클로스엔터테인먼트,204630,2020/12,520.14
(주)스페코,013810,2020/12,1998.42
(주)승일,049830,2020/12,21656.28
(주)시공테크,020710,2020/12,4800.86
(주)시너지이노베이션,048870,2020/12,315.78
(주)시노펙스,025320,2020/12,1159.74
(주)시디즈,134790,2020/12,113745.16
(주)시스웍,269620,2020/12,1042.91
(주)시큐브,131090,2020/12,367.85
(주)시티랩스,139050,2020/12,394.12
(주)신도기연,290520,2020/12,5577.87
(주)신도리코,029530,2020/12,31951.94
(주)신성이엔지,011930,2020/12,2007.22
(주)신세계,004170,2020/12,148275.8
(주)신세계아이앤씨,035510,2020/12,279248.75
(주)신세계인터내셔날,031430,2020/12,169664.47
(주)신세계푸드,031440,2020/12,316639.52
(주)신영와코루,005800,2020/12,197377.55
(주)신원,009270,2020/12,8107.73
(주)신진에스엠,138070,2020/12,3943.95
(주)신테카바이오,226330,2020/12,46.13
(주)신한금융지주회사,055550,2020/12,
(주)신화다이나믹스,001770,2020/12,63649.98
(주)신화콘텍,187270,2020/12,3749.35
(주)신흥,004080,2020/12,12147.29
(주)실리콘투,257720,2020/12,913004.74
(주)심텍,222800,2020/12,35875.91
(주)심텍홀딩스,036710,2020/12,106.93
(주)싸이맥스,160980,2020/12,14685.15
(주)싸이버원,356890,2020/12,5150.02
(주)싸이토젠,217330,2020/12,114.07
(주)쌍방울,102280,2020/12,642.74
(주)썸에이지,208640,2020/12,57.78
(주)쎄노텍,222420,2020/12,582.91
(주)쎄니트,037760,2020/12,1613.02
(주)쎄트렉아이,099320,2020/12,11245.29
(주)쎌마테라퓨틱스,015540,2020/12,897.18
(주)쎌바이오텍,049960,2020/12,4547.15
(주)쏘카,403550,2020/12,550551.51
(주)쏠리드,050890,2020/12,2460.81
(주)씨씨에스충북방송,066790,2020/12,290.9
(주)씨아이테크,004920,2020/12,576.13
(주)씨앤씨인터내셔널,352480,2020/12,17258.64
(주)씨앤투스성진,352700,2020/12,23361.79
(주)씨에스,065770,2020/12,2280.74
(주)씨에스에이코스믹,083660,2020/12,1422.87
(주)씨엔알리서치,359090,2020/12,
(주)씨엔플러스,115530,2020/12,300.8
(주)씨유메디칼시스템,115480,2020/12,1014.45
(주)씨이랩,189330,2020/12,4989.77
(주)씨제이이엔엠,035760,2020/12,123957.46
(주)씨젠,096530,2020/12,40732.19
(주)씨티씨바이오,060590,2020/12,4710.84
(주)씨티케이,260930,2020/12,8927.38
(주)아가방앤컴퍼니,013990,2020/12,3635.46
(주)아나패스,123860,2020/12,9968.26
(주)아난티,025980,2020/12,696.89
(주)아리온테크놀로지,058220,2020/12,14.34
(주)아모그린텍,125210,2020/12,6775.49
(주)아모레퍼시픽,090430,2020/12,43713.59
(주)아모레퍼시픽그룹,002790,2020/12,545.84
(주)아모센스,357580,2020/12,49867.48
(주)아모텍,052710,2020/12,21214.45
(주)아미노로직스,074430,2020/12,200.97
(주)아바코,083930,2020/12,12489.11
(주)아바텍,149950,2020/12,4851.94
(주)아세아텍,050860,2020/06,6454.31
(주)아센디오,012170,2020/12,201.31
(주)아셈스,136410,2020/12,2888.51
(주)아스타,246720,2020/12,76.04
(주)아스트,067390,2020/12,2056.39
(주)아스플로,159010,2020/12,11972.96
(주)아시아경제,127710,2020/12,1532.75
(주)아우딘퓨쳐스,227610,2020/12,3871.49
(주)아이디스,143160,2020/12,13829.66
(주)아이디스홀딩스,054800,2020/12,690.94
(주)아이마켓코리아,122900,2020/12,57864.91
(주)아이비김영,339950,2020/12,1065.21
(주)아이센스,099190,2020/12,12470.14
(주)아이스크림에듀,289010,2020/12,8980.11
(주)아이씨디,040910,2020/12,16542.92
(주)아이씨에이치,368600,2020/12,35669.4
(주)아이앤씨테크놀로지,052860,2020/12,1223.23
(주)아이에스시,095340,2020/12,8239.29
(주)아이에스이커머스,069920,2020/12,804.09
(주)아이에이,038880,2020/12,180.36
(주)아이에이치큐,003560,2020/12,543.52
(주)아이엘사이언스,307180,2020/12,733.56
(주)아이엠,101390,2020/12,506.07
(주)아이엠비씨,052220,2020/12,1521.57
(주)아이오케이컴퍼니,078860,2020/12,413.16
(주)아이윈,090150,2020/12,8449.02
(주)아이윈플러스,123010,2020/12,200.89
(주)아이즈비전,031310,2020/12,1106.71
(주)아이컴포넌트,059100,2020/12,4117.93
(주)아이퀘스트,262840,2020/12,1558.21
(주)아이톡시,052770,2020/12,1164.69
(주)아이티센,124500,2020/12,6003.23
(주)아이티아이즈,372800,2020/12,1282838.33
(주)아이티엑스에이아이,099520,2020/12,1404.43
(주)아이티엠반도체,084850,2020/12,15714.21
(주)아이패밀리에스씨,114840,2020/12,24177.7
(주)아즈텍더블유비이,032080,2020/12,1677.27
(주)아진엑스텍,059120,2020/12,3260.9
(주)아톤,158430,2020/12,5591.45
(주)아프리카티비,067160,2020/12,16266.04
(주)안랩,053800,2020/12,17238.86
(주)안트로젠,065660,2020/12,461.7
(주)알로이스,297570,2020/12,1478.67
(주)알루코,001780,2020/12,3132.98
(주)알비더블유,361570,2020/12,87044.62
(주)알에프세미,096610,2020/12,3977.91
(주)알에프텍,061040,2020/12,3821.54
(주)알엔투테크놀로지,148250,2020/12,3388.95
(주)알체라,347860,2020/12,2420.87
(주)알테오젠,196170,2020/12,1876.39
(주)알톤스포츠,123750,2020/12,3420.11
(주)알티캐스트,085810,2020/12,1129.29
(주)알파홀딩스,117670,2020/12,3219.38
(주)압타머사이언스,291650,2020/12,30.43
(주)애니플러스,310200,2020/12,394.93
(주)애드바이오텍,179530,2020/12,4265.11
(주)액션스퀘어,205500,2020/12,153.27
(주)액토즈소프트,052790,2020/12,3903.01
(주)액트로,290740,2020/12,3274.76
(주)앤디포스,238090,2020/12,1214.42
(주)앤씨앤,092600,2020/12,3861.36
(주)앱코,129890,2020/12,23784.79
(주)야스,255440,2020/12,4206.97
(주)양지사,030960,2020/06,3057
(주)어스앤에어로스페이스,263540,2020/12,1520.71
(주)얼라인드제네틱스,238120,2020/12,1930.37
(주)에너토크,019990,2020/12,2332.66
(주)에넥스,011090,2020/12,3855.12
(주)에스디생명공학,217480,2020/12,4489.63
(주)에스디시스템,121890,2020/12,2351.11
(주)에스비비테크,389500,2020/12,14540.2
(주)에스비에스,034120,2020/12,41464.91
(주)에스비에스콘텐츠허브,046140,2020/12,6494.48
(주)에스씨디,042110,2020/12,3658.36
(주)에스아이리소스,065420,2020/12,207.82
(주)에스앤더블류,103230,2020/12,4652.2
(주)에스앤디,260970,2020/12,186197.32
(주)에스앤에스텍,101490,2020/12,4427.31
(주)에스에너지,095910,2020/12,11217.83
(주)에스에스알,275630,2020/12,1775.23
(주)에스에이엠티,031330,2020/12,12405.2
(주)에스에이티,060540,2020/12,639.7
(주)에스에이티이엔지,351320,2020/12,
(주)에스에프에이,056190,2020/12,23264.76
(주)에스에프에이반도체,036540,2020/12,3303.13
(주)에스엘바이오닉스,214310,2020/12,836.26
(주)에스엠라이프디자인그룹,063440,2020/12,556.8
(주)에스엠벡셀,010580,2020/12,1094.9
(주)에스엠엔터테인먼트,041510,2020/12,12904.42
(주)에스엠컬처앤콘텐츠,048550,2020/12,1381
(주)에스엠코어,007820,2020/12,5192.98
(주)에스원,012750,2020/12,57608.52
(주)에스제이그룹,306040,2020/12,9329.21
(주)에스제이엠,123700,2020/12,3785.99
(주)에스제이엠홀딩스,025530,2020/12,284.08
(주)에스지글로벌,001380,2020/12,1780.48
(주)에스지세계물산,004060,2020/12,824.18
(주)에스지엔지,040610,2020/12,1184.89
(주)에스코넥,096630,2020/12,609.57
(주)에스텍파마,041910,2020/12,5135.4
(주)에스티아이,039440,2020/12,16435.81
(주)에스티오,098660,2020/12,5461.53
(주)에스티큐브,052020,2020/12,336.63
(주)에스폴리텍,050760,2020/12,8275.01
(주)에스피시스템스,317830,2020/12,3494.08
(주)에스피씨삼립,005610,2020/12,146651.94
(주)에스피지,058610,2020/12,10821.29
(주)에쎈테크,043340,2020/12,694.71
(주)에이디칩스,054630,2020/12,396.57
(주)에이디테크놀로지,200710,2020/12,30182.92
(주)에이루트,096690,2020/12,658.45
(주)에이블씨엔씨,078520,2020/12,8344.41
(주)에이비프로바이오,195990,2020/12,109.71
(주)에이스침대,003800,2020/12,26065.57
(주)에이스테크놀로지,088800,2020/12,3142.62
(주)에이스토리,241840,2020/12,2371.25
(주)에이엔피,015260,2020/12,991.46
(주)에이치비테크놀러지,078150,2020/12,3079.65
(주)에이치시티,072990,2020/12,7384.47
(주)에이치알에스,036640,2020/12,3974.15
(주)에이치앤비디자인,227100,2020/12,12937.65
(주)에이치엘사이언스,239610,2020/12,27816.39
(주)에이치와이티씨,148930,2020/12,2831.73
(주)에이치케이,044780,2020/12,2616.97
(주)에이치피에스피,403870,2020/12,151047.84
(주)에이치피오,357230,2020/12,4911779.58
(주)에이텍,045660,2020/12,11883.57
(주)에이텍티앤,224110,2020/12,4995.43
(주)에이트원,230980,2020/12,458.65
(주)에이티넘인베스트먼트,021080,2020/12,
(주)에이티세미콘,089530,2020/12,1434.41
(주)에이팩트,200470,2020/12,2827.33
(주)에이프로,262260,2020/12,8679.8
(주)에이프로젠,007460,2020/12,396.49
(주)에이프로젠헬스케어앤게임즈,109960,2020/12,58.72
(주)에이프릴바이오,397030,2020/12,0
(주)에이플러스에셋어드바이저,244920,2020/12,10646.41
(주)에치에프알,230240,2020/12,6029.02
(주)에코마케팅,230360,2020/12,3468.28
(주)에코프로,086520,2020/12,4607.35
(주)에코프로비엠,247540,2020/12,41012.72
(주)에프알텍,073540,2020/12,2127.78
(주)에프앤가이드,064850,2020/12,1915.63
(주)에프앤리퍼블릭,064090,2020/12,429.51
(주)에프앤에프홀딩스,007700,2020/12,52174.72
(주)에프에스엔,214270,2020/12,320.99
(주)에프에스티,036810,2020/12,8042.55
(주)에프엔씨엔터테인먼트,173940,2020/12,3629.56
(주)엑사이엔씨,054940,2020/12,4289.89
(주)엑서지21,043090,2020/12,145.82
(주)엑세스바이오인코퍼레이션,950130,2020/12,3240.81
(주)엑셈,205100,2020/12,855.7
(주)엑시콘,092870,2020/12,6617.54
(주)엔바이오니아,317870,2020/12,1095.64
(주)엔비티,236810,2020/12,119138.03
(주)엔시스,333620,2020/12,3638731.87
(주)엔씨소프트,036570,2020/12,102142.15
(주)엔아이스틸,008260,2020/12,6733.25
(주)엔에스,217820,2020/12,6157.49
(주)엔에스엔,031860,2020/12,271.22
(주)엔에이치엔벅스,104200,2020/12,4568.97
(주)엔에프씨,265740,2020/12,4877.82
(주)엔이능률,053290,2020/12,4756.31
(주)엔젠바이오,354200,2020/12,1377.83
(주)엔지스테크널러지,208860,2020/12,278.78
(주)엔지켐생명과학,183490,2020/12,3149.36
(주)엔케이,085310,2020/12,866.86
(주)엔케이맥스,182400,2020/12,287.89
(주)엔켐,348370,2020/12,203795.23
(주)엔텔스,069410,2020/12,8049.01
(주)엔투텍,227950,2020/06,1276.89
(주)엔피,291230,2020/12,
(주)엔피디,198080,2020/12,6774.22
(주)엔피케이,048830,2020/12,3102.42
(주)엘디티,096870,2020/12,1809.8
(주)엘비루셈,376190,2020/12,101830.25
(주)엘아이에스,138690,2020/12,12847.89
(주)엘앤씨바이오,290650,2020/12,3779.16
(주)엘앤에프,066970,2020/12,14377.47
(주)엘앤케이바이오메드,156100,2020/12,1524.24
(주)엘에스,006260,2020/12,5147.42
(주)엘에스네트웍스,000680,2020/12,2276.5
(주)엘에프,093050,2020/12,38162.43
(주)엘엑스세미콘,108320,2020/12,71438.44
(주)엘엑스세미콘,108320,2020/12,71438.44
(주)엘엑스인터내셔널,001120,2020/12,84061.92
(주)엘엑스하우시스,108670,2020/12,259651
(주)엘엠에스,073110,2020/12,10353.54
(주)엘오티베큠,083310,2020/12,12207.17
(주)엘지,003550,2020/12,5778.08
(주)엘지생활건강,051900,2020/12,249366.94
(주)엘지에너지솔루션,373220,2020/12,
(주)엘지유플러스,032640,2020/12,28292.62
(주)엘지헬로비전,037560,2020/12,13635.25
(주)엘지화학,051910,2020/12,266092.3
(주)엠게임,058630,2020/12,2160.05
(주)엠디에스테크,086960,2020/12,11832.68
(주)엠로,058970,2020/12,7471.56
(주)엠씨넥스,097520,2020/12,65219.02
(주)엠아이텍,179290,2020/12,1321.45
(주)엠에스씨,009780,2020/12,8253
(주)엠에스오토텍,123040,2020/12,6607.4
(주)엠투아이코퍼레이션,347890,2020/12,4429.71
(주)엠투엔,033310,2020/12,974.09
(주)엠플러스,259630,2020/12,30616
(주)엠피대산,065150,2020/12,578.5
(주)엠피씨플러스,050540,2020/12,2853.92
(주)연우,115960,2020/12,19813.92
(주)연이비앤티,090740,2020/12,288.77
(주)영림원소프트랩,060850,2020/12,6867.02
(주)영우디에스피,143540,2020/12,2976.88
(주)영원무역,111770,2020/12,25741.3
(주)영원무역홀딩스,009970,2020/12,1777.43
(주)영풍,000670,2020/12,669567.69
(주)영흥,012160,2020/12,2171.7
(주)예림당,036000,2020/12,725.08
(주)예선테크,250930,2020/12,579.31
(주)예스코홀딩스,015360,2020/12,3000.67
(주)예스티,122640,2020/12,4253.02
(주)오공,045060,2020/12,3377.5
(주)오디텍,080520,2020/12,3157.14
(주)오뚜기,007310,2020/12,639406.87
(주)오로스테크놀로지,322310,2020/12,2382.16
(주)오르비텍,046120,2020/12,1997.53
(주)오리엔탈정공,014940,2020/12,1515.11
(주)오리엔트바이오,002630,2020/03,145.05
(주)오리엔트정공,065500,2020/12,430.86
(주)오리온,271560,2020/12,19456.21
(주)오리온홀딩스,001800,2020/12,415.86
(주)오리콤,010470,2020/12,7088.9
(주)오비고,352910,2020/12,1539.3
(주)오스코텍,039200,2020/12,779.46
(주)오스테오닉,226400,2020/12,999.83
(주)오스템,031510,2020/12,4104.14
(주)오에스피,368970,2020/12,
(주)오이솔루션,138080,2020/12,9711.09
(주)오킨스전자,080580,2020/12,5986.55
(주)오텍,067170,2020/12,8778.99
(주)오파스넷,173130,2020/12,27813.24
(주)오픈베이스,049480,2020/12,1922.37
(주)오하임아이엔티,309930,2020/12,1408.04
(주)옵투스제약,131030,2020/12,3672.06
(주)옵트론텍,082210,2020/12,5922.67
(주)옵티팜,153710,2020/12,907.36
(주)와이더플래닛,321820,2020/12,5026.67
(주)와이비엠넷,057030,2020/12,3224.75
(주)와이솔,122990,2020/12,6584.78
(주)와이어블,065530,2020/12,1682.94
(주)와이엔텍,067900,2020/12,5493.26
(주)와이엠텍,273640,2020/12,3590.45
(주)와이오엠,066430,2020/12,2143.98
(주)와이제이엠게임즈,193250,2020/12,85.74
(주)와이즈버즈,273060,2020/12,258.03
(주)와이지-원,019210,2020/12,8688.59
(주)와이지엔터테인먼트,122870,2020/12,8440.15
(주)와이지플러스,037270,2020/12,1186.8
(주)와이투솔루션,011690,2020/12,1836.67
(주)와이티엔,040300,2020/12,3017.38
(주)와이팜,332570,2020/12,5587.38
(주)용평리조트,070960,2020/12,2641.63
(주)우리금융지주,316140,2020/12,
(주)우리기술,032820,2020/12,316.71
(주)우리넷,115440,2020/12,5729.64
(주)우리로,046970,2020/12,3456.64
(주)우성,006980,2020/12,11324.16
(주)우신시스템,017370,2020/12,6190.74
(주)우양,103840,2020/12,9332.26
(주)우정바이오,215380,2020/12,3348.55
(주)우주일렉트로닉스,065680,2020/12,19593.61
(주)우진,105840,2020/12,1960.95
(주)우진아이엔에스,010400,2020/12,18424.46
(주)우진플라임,049800,2020/12,19985.41
(주)웅진,016880,2020/12,2017.07
(주)웅진씽크빅,095720,2020/12,5152.04
(주)원림,005820,2020/12,17470.16
(주)원바이오젠,307280,2020/12,0
(주)원방테크,053080,2020/12,41819.73
(주)원익,032940,2020/12,2534.37
(주)원익머트리얼즈,104830,2020/12,21303.1
(주)원익아이피에스,240810,2020/12,22223.57
(주)원익큐브,014190,2020/12,5432.68
(주)원익큐엔씨,074600,2020/12,9008.84
(주)원익피앤이,131390,2020/12,8022.75
(주)원익홀딩스,030530,2020/12,4489.27
(주)원일특강,012620,2020/12,54282.61
(주)원준,382840,2020/12,
(주)원티드랩,376980,2020/12,
(주)원풍,008370,2020/12,6133.79
(주)월덱스,101160,2020/12,7147.54
(주)웨이버스,336060,2020/12,
(주)웨이브일렉트로닉스,095270,2020/12,2362.56
(주)웰크론,065950,2020/12,4380.94
(주)웰크론한텍,076080,2020/12,10054.91
(주)웹스,196700,2020/12,1959.53
(주)웹젠,069080,2020/12,8155.95
(주)위니아,071460,2020/12,16589.02
(주)위니아에이드,377460,2020/12,419972.2
(주)위닉스,044340,2020/12,20299.27
(주)위드텍,348350,2020/12,534498.53
(주)위메이드,112040,2020/12,2121.67
(주)위메이드맥스,101730,2020/12,1328.27
(주)위메이드플레이,123420,2020/12,9475.9
(주)위세아이텍,065370,2020/12,5751.3
(주)위스컴,024070,2020/12,6166.91
(주)위지윅스튜디오,299900,2020/12,642.73
(주)위지트,036090,2020/12,350.59
(주)윈스,136540,2020/12,7348.73
(주)윈팩,097800,2020/12,2930.39
(주)윈하이텍,192390,2020/12,6833.34
(주)윌링스,313760,2020/12,13006.77
(주)윌비스,008600,2020/12,2600.24
(주)윙스풋,335870,2020/12,
(주)유니드,014830,2020/12,63717.96
(주)유니온,000910,2020/12,6129.03
(주)유니온커뮤니티,203450,2020/12,2983.17
(주)유니켐,011330,2020/12,1712.18
(주)유니크,011320,2020/12,10958.48
(주)유니테스트,086390,2020/12,5356.7
(주)유니테크노,241690,2020/12,5754.33
(주)유니트론텍,142210,2020/12,17693.8
(주)유라테크,048430,2020/12,15133.3
(주)유바이오로직스,206650,2020/12,933.54
(주)유비케어,032620,2020/12,1919.88
(주)유비쿼스,264450,2020/12,21557.74
(주)유비쿼스홀딩스,078070,2020/12,320.75
(주)유성티엔에스,024800,2020/12,8949.5
(주)유수홀딩스,000700,2020/12,532.87
(주)유신,054930,2020/12,70752.97
(주)유씨아이,038340,2020/12,270.27
(주)유아이디,069330,2020/12,2412.01
(주)유에스티,263770,2020/12,2140.65
(주)유유제약,000220,2020/12,10594.26
(주)유일로보틱스,388720,2020/12,279523.89
(주)유진로봇,056080,2020/12,656.77
(주)유진테크,084370,2020/12,7022.62
(주)유테크,178780,2020/12,948.33
(주)유티아이,179900,2020/12,3200.85
(주)유틸렉스,263050,2020/12,273.59
(주)유한양행,000100,2020/12,115221.91
(주)육일씨엔에쓰,191410,2020/12,2341.28
(주)율호,072770,2020/12,1655.79
(주)이건홀딩스,039020,2020/12,308.96
(주)이글루코퍼레이션,067920,2020/12,7404.59
(주)이글벳,044960,2020/12,3192.29
(주)이노룰스,296640,2020/12,17423.15
(주)이노메트리,302430,2020/12,2123.7
(주)이노션,214320,2020/12,16219.85
(주)이노와이어리스,073490,2020/12,9382.19
(주)이노인스트루먼트,215790,2020/12,188.35
(주)이노테라피,246960,2020/12,112.64
(주)이녹스,088390,2020/12,929.94
(주)이녹스첨단소재,272290,2020/12,34491.07
(주)이라이콤,041520,2020/12,17066.15
(주)이랜시스,264850,2020/12,1518.11
(주)이랜텍,054210,2020/12,6074.31
(주)이루다,164060,2020/12,3613.45
(주)이루온,065440,2020/12,788.33
(주)이마트,139480,2020/12,509895.54
(주)이미지스테크놀로지,115610,2020/12,2328.35
(주)이브이수성,084180,2020/12,1464.7
(주)이브이첨단소재,131400,2020/12,2000.75
(주)이상네트웍스,080010,2020/12,2643.54
(주)이수앱지스,086890,2020/12,961.76
(주)이수페타시스,007660,2020/12,8119.23
(주)이수화학,005950,2020/12,47943.66
(주)이스타코,015020,2020/12,137.51
(주)이스트소프트,047560,2020/12,2327.37
(주)이씨에스텔레콤,067010,2020/03,5158.5
(주)이아이디,093230,2020/12,107.83
(주)이엔드디,101360,2020/12,13842.24
(주)이엔에프테크놀로지,102710,2020/12,28495.29
(주)이엔코퍼레이션,066980,2020/12,85.49
(주)이엔플러스,074610,2020/12,641.82
(주)이엘피,063760,2020/12,5267.06
(주)이엠넷,123570,2020/12,1142.18
(주)이엠앤아이,083470,2020/12,210.27
(주)이엠텍,091120,2020/12,14910.22
(주)이오테크닉스,039030,2020/12,24840.04
(주)이원,017940,2020/12,519454.21
(주)이월드,084680,2020/12,927.21
(주)이즈미디어,181340,2020/12,3071.75
(주)이지,037370,2020/12,5627.21
(주)이지바이오,353810,2020/12,
(주)이지트로닉스,377330,2020/12,137040.9
(주)이지홀딩스,035810,2020/12,1010.67
(주)이크레더블,092130,2020/12,3456.23
(주)이퓨쳐,134060,2020/12,2251.57
(주)인디에프,014990,2020/12,2586.45
(주)인바디,041830,2020/12,5225.32
(주)인바이오젠,101140,2020/12,198.16
(주)인산가,277410,2020/12,1153.95
(주)인성정보,033230,2020/12,4884.12
(주)인스코비,006490,2020/12,285.37
(주)인지디스플레이,037330,2020/12,6189.3
(주)인지소프트,100030,2020/12,1420.55
(주)인콘,083640,2020/12,586.79
(주)인터로조,119610,2020/12,7524.8
(주)인터엠,017250,2020/09,3010.4
(주)인터플렉스,051370,2020/12,10665.7
(주)인텍플러스,064290,2020/12,4473.04
(주)인텔리안테크놀로지스,189300,2020/12,12400.89
(주)인트로메딕,150840,2020/12,220.33
(주)인트론바이오테크놀로지,048530,2020/12,1414.31
(주)인팩,023810,2020/12,17782.77
(주)인포마크,175140,2020/12,11908.79
(주)인포바인,115310,2020/12,5851.91
(주)인피니트헬스케어,071200,2020/12,1514.81
(주)일승,333430,2020/12,
(주)일신바이오베이스,068330,2020/12,475.74
(주)일신석재,007110,2020/12,758.39
(주)일야,058450,2020/12,120.37
(주)일지테크,019540,2020/12,9186.25
(주)일진파워,094820,2020/12,6962.97
(주)잇츠한불,226320,2020/12,2579.44
(주)잉크테크,049550,2020/12,2791.81
(주)자비스,254120,2020/12,604.6
(주)자연과환경,043910,2020/12,545.64
(주)자이언트스텝,289220,2020/12,2207.07
(주)장원테크,174880,2020/12,271.73
(주)저스템,417840,2020/12,93274.04
(주)정다운,208140,2020/12,6034.51
(주)정상제이엘에스,040420,2020/12,5360.42
(주)정원엔시스,045510,2020/12,4294.74
(주)제넥신,095700,2020/12,779
(주)제넨바이오,072520,2020/12,122.54
(주)제노레이,122310,2020/12,4082.41
(주)제노코,361390,2020/12,17594.91
(주)제노포커스,187420,2020/12,756.22
(주)제놀루션,225220,2020/12,21987.57
(주)제닉,123330,2020/12,6020.31
(주)제로투세븐,159580,2020/12,6967.64
(주)제우스,079370,2020/12,20428.07
(주)제이브이엠,054950,2020/12,15850.59
(주)제이스텍,090470,2020/12,7840.13
(주)제이시스메디칼,287410,2020/12,
(주)제이아이테크,417500,2020/12,157273.43
(주)제이앤티씨,204270,2020/12,2105.14
(주)제이에스코퍼레이션,194370,2020/12,12082.14
(주)제이에스티나,026040,2020/12,3622.29
(주)제이엘케이,322510,2020/12,299.52
(주)제이와이피엔터테인먼트,035900,2020/12,3662.74
(주)제이웨이,058420,2020/12,249.3
(주)제이티,089790,2020/12,4324.45
(주)제이티씨,950170,2020/02,13831.96
(주)제일기획,030000,2020/12,7568.46
(주)제일바이오,052670,2020/12,1266.61
(주)제일테크노스,038010,2020/12,14604.21
(주)제주반도체,080220,2020/12,3396.41
(주)제주은행,006220,2020/12,
(주)제주항공,089590,2020/12,14191.08
(주)제테마,216080,2020/12,1192.88
(주)젠큐릭스,229000,2020/12,247.65
(주)젬백스&카엘,082270,2020/12,1672.46
(주)젬백스링크,064800,2020/12,1229.72
(주)조비,001550,2020/12,14185.51
(주)조이시티,067000,2020/12,11662.15
(주)조흥,002600,2020/12,371007.16
(주)종근당,185750,2020/12,119472.81
(주)종근당바이오,063160,2020/12,22662.22
(주)종근당홀딩스,001630,2020/12,4702.98
(주)좋은사람들,033340,2020/12,2486.15
(주)주연테크,044380,2020/12,1156.56
(주)중앙디앤엠,051980,2020/12,133.44
(주)중앙백신연구소,072020,2020/12,3646.34
(주)중앙에너비스,000440,2020/12,8599.97
(주)지노믹트리,228760,2020/12,88.77
(주)지놈앤컴퍼니,314130,2020/12,13.87
(주)지누스,013890,2020/12,14139.52
(주)지니뮤직,043610,2020/12,4249.6
(주)지니틱스,303030,2020/12,1144.02
(주)지란지교시큐리티,208350,2020/12,2886.79
(주)지씨셀,144510,2020/12,7520.52
(주)지아이텍,382480,2020/12,6735.48
(주)지앤비에스엔지니어링,382800,2020/12,8209.82
(주)지어소프트,051160,2020/12,3761.5
(주)지에스,078930,2020/12,3234.27
(주)지에스글로벌,001250,2020/12,28154.96
(주)지에스리테일,007070,2020/12,111288.87
(주)지에스이,053050,2020/12,4028.38
(주)지엔씨에너지,119850,2020/12,7198.55
(주)지엔코,065060,2020/12,841.52
(주)지오엘리먼트,311320,2020/12,2865.17
(주)지투알,035000,2020/12,1925.66
(주)지티지웰니스,219750,2020/12,1306.93
(주)진도,088790,2020/12,4370.49
(주)진로발효,018120,2020/12,15090.4
(주)진매트릭스,109820,2020/12,803.96
(주)진바이오텍,086060,2020/12,2867.14
(주)진성티이씨,036890,2020/12,8965.78
(주)진시스템,363250,2020/12,
(주)진양홀딩스,100250,2020/12,231.14
(주)진에어,272450,2020/12,9058.97
(주)차바이오텍,085660,2020/12,509.81
(주)차백신연구소,261780,2020/12,
(주)창해에탄올,004650,2020/12,11001.48
(주)천보,278280,2020/12,8954.31
(주)천일고속,000650,2020/12,21801.7
(주)청담글로벌,362320,2020/12,
(주)체리부로,066360,2020/12,9975.4
(주)체시스,033250,2020/06,1518.03
(주)초록뱀미디어,047820,2020/12,184.52
(주)초록뱀이앤엠,131100,2020/06,676.63
(주)초록뱀컴퍼니,052300,2020/12,61.74
(주)초록뱀헬스케어,118000,2020/12,162.97
(주)칩스앤미디어,094360,2020/12,1597.52
(주)카나리아바이오,016790,2020/12,17474.55
(주)카스,016920,2020/12,5287.87
(주)카이노스메드,284620,2020/12,0
(주)카카오,035720,2020/12,20173.44
(주)카카오게임즈,293490,2020/12,6770.72
(주)카카오뱅크,323410,2020/12,
(주)카카오페이,377300,2020/12,12932.45
(주)카프로,006380,2020/12,6368.07
(주)캐리소프트,317530,2020/12,518.41
(주)캐스텍코리아,071850,2020/12,5171.56
(주)캠시스,050110,2020/12,8588.6
(주)컴투스,078340,2020/12,39094.25
(주)컴투스홀딩스,063080,2020/12,9568.61
(주)케스피온,079190,2020/12,414.7
(주)케어랩스,263700,2020/12,6996.96
(주)케어젠,214370,2020/12,5612.09
(주)케이비지,318000,2020/12,2433.97
(주)케이사인,192250,2020/12,480.65
(주)케이씨,029460,2020/12,11495.19
(주)케이씨씨,002380,2020/12,233028.39
(주)케이씨씨건설,021320,2020/12,51477.23
(주)케이씨씨글라스,344820,2020/12,
(주)케이씨아이,036670,2020/12,6499.67
(주)케이씨에스,115500,2020/12,2542.5
(주)케이씨텍,281820,2020/12,16124.26
(주)케이씨티,089150,2020/12,1194.01
(주)케이씨티시,009070,2020/12,11775.7
(주)케이씨피드,025880,2020/12,3859.27
(주)케이아이엔엑스,093320,2020/12,12556.39
(주)케이에스에스해운,044450,2020/12,9738.96
(주)케이에스피,073010,2020/12,1089.67
(주)케이에이치바텍,060720,2020/12,1135.05
(주)케이에이치필룩스,033180,2020/12,765.88
(주)케이엑스이노베이션,122450,2020/12,1509.73
(주)케이엑스하이텍,052900,2020/12,1594.12
(주)케이엔더블유,105330,2020/12,3175.07
(주)케이엔엔,058400,2020/12,376.18
(주)케이엔제이,272110,2020/12,6744.14
(주)케이엘넷,039420,2020/12,1617.21
(주)케이엠,083550,2020/12,13911.32
(주)케이엠더블유,032500,2020/12,8198.87
(주)케이옥션,102370,2020/12,27547.19
(주)케이이씨,092220,2020/12,1631.98
(주)케이지모빌리언스,046440,2020/12,5462.68
(주)케이지이니시스,035600,2020/12,18485.26
(주)케이티,030200,2020/12,68473.66
(주)케이티서브마린,060370,2020/12,2384.74
(주)케이티스카이라이프,053210,2020/12,13809.63
(주)케이티씨에스,058850,2020/12,11996.55
(주)케이티아이에스,058860,2020/12,13034.86
(주)케이티알파,036030,2020/12,9780.59
(주)케이티앤지,033780,2020/12,25022.37
(주)케이프,064820,2020/12,1566.56
(주)케이피에스,256940,2020/12,1014.39
(주)케이피에프,024880,2020/12,14041.96
(주)케이피엠테크,042040,2020/12,217.06
(주)케이피티유,054410,2020/12,5120.75
(주)케일럼,258610,2020/12,980.88
(주)켐온,217600,2020/12,387.83
(주)켐트로닉스,089010,2020/12,20430.06
(주)켐트로스,220260,2020/12,1654.04
(주)코난테크놀로지,402030,2020/12,
(주)코다코,046070,2020/12,4762.4
(주)코데즈컴바인,047770,2020/12,806.55
(주)코디,080530,2020/12,1427.16
(주)코렌텍,104540,2020/12,3612.8
(주)코리아나화장품,027050,2020/12,1835.7
(주)코리아센터,290510,2020/12,3062
(주)코리아써키트,007810,2020/12,20569.76
(주)코리아에스이,101670,2020/12,575.32
(주)코맥스,036690,2020/12,8633.86
(주)코메론,049430,2020/12,6537.14
(주)코미코,183300,2020/12,10770.28
(주)코미팜,041960,2020/12,592.38
(주)코세스,089890,2020/12,3787.46
(주)코센,009730,2020/12,308.83
(주)코스나인,082660,2020/12,771.47
(주)코스메카코리아,241710,2020/12,18459.38
(주)코스온,069110,2020/12,3329.34
(주)코아스,071950,2020/12,3157.41
(주)코아시아,045970,2020/12,10713.01
(주)코아시아옵틱스,196450,2020/12,564.42
(주)코엔텍,029960,2020/12,1416.6
(주)코오롱,002020,2020/12,3940.82
(주)코원플레이,056000,2020/12,873.92
(주)코윈테크,282880,2020/12,4348.17
(주)코이즈,121850,2020/12,2271.49
(주)코콤,015710,2020/12,6784.2
(주)코텍,052330,2020/12,11983.42
(주)코퍼스코리아,322780,2020/12,239.65
(주)코프라,126600,2020/12,5255.55
(주)콘텐트리중앙,036420,2020/12,1790.64
(주)콤텍시스템,031820,2020/12,2845.89
(주)쿠콘,294570,2020/12,7454.22
(주)퀀타매트릭스,317690,2020/12,138.21
(주)큐라클,365270,2020/12,0
(주)큐로,015590,2020/12,777.01
(주)큐로컴,040350,2020/12,88.32
(주)큐로홀딩스,051780,2020/12,346.99
(주)큐리언트,115180,2020/12,13.17
(주)큐브엔터테인먼트,182360,2020/12,1029.81
(주)큐에스아이,066310,2020/12,2778.79
(주)크라운제과,264900,2020/12,28692.7
(주)크라운해태홀딩스,005740,2020/12,1087.75
(주)크래프톤,259960,2020/12,11862.17
(주)크레버스,096240,2020/12,12011.05
(주)크리스에프앤씨,110790,2020/12,24850.24
(주)크린앤사이언스,045520,2020/12,23071.64
(주)클라우드에어,036170,2020/12,338.25
(주)클래시스,214150,2020/12,1172.38
(주)클리노믹스,352770,2020/12,726.6
(주)클리오,237880,2020/12,12306.68
(주)키다리스튜디오,020120,2020/12,2384.57
(주)키이스트,054780,2020/12,552.89
(주)타이거일렉,219130,2020/12,6897.32
(주)탑엔지니어링,065130,2020/12,9748.77
(주)탑코미디어,134580,2020/12,1774.78
(주)태경비케이,014580,2020/12,4288.34
(주)태광,023160,2020/12,7109.59
(주)태성,323280,2020/12,
(주)태양,053620,2020/12,16398.66
(주)태영건설,009410,2020/12,32493.5
(주)태웅,044490,2020/12,17213.83
(주)태웅로직스,124560,2020/12,17357.1
(주)테라젠이텍스,066700,2020/12,1845.94
(주)테스,095610,2020/12,12382.7
(주)테이팩스,055490,2020/12,24952.87
(주)테크윙,089030,2020/12,9929.84
(주)텔레칩스,054450,2020/12,7458.78
(주)텔레필드,091440,2020/12,3669.62
(주)텔콘알에프제약,200230,2020/12,351.19
(주)토니모리,214420,2020/12,5538.03
(주)토박스코리아,215480,2020/12,618.72
(주)토비스,051360,2020/12,16218.34
(주)토탈소프트뱅크,045340,2020/12,1418.95
(주)톱텍,108230,2020/12,7368.8
(주)투비소프트,079970,2020/12,1063.49
(주)툴젠,199800,2020/12,108.7
(주)트루윈,105550,2020/12,3146.48
(주)트윔,290090,2020/12,3044.13
(주)특수건설,026150,2020/12,12325.77
(주)티라유텍,322180,2020/12,6371.85
(주)티로보틱스,117730,2020/12,11764.15
(주)티비씨,033830,2020/12,351.04
(주)티비에이치글로벌,084870,2020/12,8301.35
(주)티사이언티픽,057680,2020/12,235.07
(주)티씨케이,064760,2020/12,19546.87
(주)티앤알바이오팹,246710,2020/12,771.2
(주)티앤엘,340570,2020/12,12692.93
(주)티에스넥스젠,043220,2020/12,249.89
(주)티에스아이,277880,2020/12,5870.76
(주)티에스이,131290,2020/12,16423.94
(주)티에스인베스트먼트,246690,2020/12,
(주)티에스트릴리온,317240,2020/12,1202.13
(주)티에이치엔,019180,2020/12,17410.71
(주)티엘비,356860,2020/12,460279.53
(주)티엘아이,062860,2020/12,3515.56
(주)티엘엔지니어링,413300,2020/12,
(주)티와이홀딩스,363280,2020/12,
(주)티움바이오,321550,2020/12,44.7
(주)티웨이항공,091810,2020/12,5732.29
(주)티웨이홀딩스,004870,2020/12,100.3
(주)티케이케미칼,104480,2020/12,4521.98
(주)티플랙스,081150,2020/12,5464.58
(주)티피씨,130740,2020/12,3230.24
(주)티피씨메카트로닉스,048770,2020/12,5679.03
(주)파나진,046210,2020/12,506.18
(주)파라다이스,034230,2020/12,2352.56
(주)파라텍,033540,2020/12,6759.19
(주)파루,043200,2020/12,1064.21
(주)파마리서치,214450,2020/12,10442.83
(주)파멥신,208340,2020/12,8.64
(주)파버나인,177830,2020/12,6620.28
(주)파세코,037070,2020/12,14150.71
(주)파수,150900,2020/12,2926.23
(주)파워넷,037030,2020/12,11036.79
(주)파워로직스,047310,2020/12,24318.16
(주)파이버프로,368770,2020/12,
(주)파이오링크,170790,2020/12,5810.43
(주)파인디앤씨,049120,2020/12,2069.27
(주)파인디지털,038950,2020/12,8613.51
(주)파인테크닉스,106240,2020/12,2653.21
(주)파인텍,131760,2020/12,1485.42
(주)파커스,065690,2020/12,2479.22
(주)파크시스템스,140860,2020/12,9409.47
(주)파트론,091700,2020/12,20623.63
(주)판타지오,032800,2020/12,125.76
(주)팜스빌,318010,2020/12,4956.74
(주)팜스코,036580,2020/12,31646.29
(주)팜스토리,027710,2020/12,8623.31
(주)팬스타엔터프라이즈,054300,2020/12,612.4
(주)팬엔터테인먼트,068050,2020/12,1771.94
(주)팬젠,222110,2020/12,642.12
(주)퍼시스,016800,2020/12,24943.71
(주)펄어비스,263750,2020/12,30915.3
(주)펩트론,087010,2020/12,203.61
(주)포메탈,119500,2020/12,4407.15
(주)포바이포,389140,2020/12,
(주)포스코아이씨티,022100,2020/12,6155.19
(주)포스코엠텍,009520,2020/12,6133.12
(주)포스코인터내셔널,047050,2020/12,155824.29
(주)포스코케미칼,003670,2020/12,24990.82
(주)포시에스,189690,2020/06,2556.45
(주)포인트모바일,318020,2020/12,9244.2
(주)포인트엔지니어링,256630,2020/12,938.13
(주)포커스에이치엔에스,331380,2020/12,
(주)폴라리스세원,234100,2020/12,2376.4
(주)폴라리스오피스,041020,2020/12,502.19
(주)폴라리스우노,114630,2020/12,3611.68
(주)푸드나무,290720,2020/12,16861.74
(주)푸드웰,005670,2020/12,6689.02
(주)푸른기술,094940,2020/12,3531.65
(주)푸른상호저축은행,007330,2020/12,
(주)풀무원,017810,2020/12,2577.33
(주)풍강,093380,2020/08,6449.2
(주)풍산,103140,2020/12,69384.01
(주)풍산홀딩스,005810,2020/12,11550.71
(주)퓨런티어,370090,2020/12,13283.22
(주)퓨쳐켐,220100,2020/12,630.93
(주)프럼파스트,035200,2020/12,2498.37
(주)프로스테믹스,203690,2020/12,357.88
(주)프로이천,321260,2020/12,
(주)프로텍,053610,2020/12,6605.15
(주)프롬바이오,377220,2020/12,909849.1
(주)프리엠스,053160,2020/12,3029.1
(주)플래스크,041590,2020/12,613.64
(주)플래티어,367000,2020/12,
(주)플랜티넷,075130,2020/12,1007.79
(주)플레이그램,009810,2020/12,339.36
(주)플레이디,237820,2020/12,2411.96
(주)플레이위드,023770,2020/12,5031.74
(주)플리토,300080,2020/12,1090.43
(주)피델릭스,032580,2020/12,2231.62
(주)피씨디렉트,051380,2020/12,40876.49
(주)피에스엠씨,024850,2020/03,637.72
(주)피에이치씨,057880,2020/12,465.51
(주)피엔에이치테크,239890,2020/12,2137.42
(주)피엔티,137400,2020/12,16409.23
(주)피엔풍년,024940,2020/12,5769.03
(주)피제이메탈,128660,2020/12,5166.4
(주)피제이전자,006140,2020/12,6948.38
(주)피코그램,376180,2020/12,554814.26
(주)피플바이오,304840,2020/12,101.78
(주)피피아이,062970,2020/12,2347.79
(주)픽셀플러스,087600,2020/12,4785.44
(주)핀텔,291810,2020/12,
(주)필옵틱스,161580,2020/12,9094.2
(주)핌스,347770,2020/12,20258.24
(주)핑거,163730,2020/12,7383.26
(주)하나금융지주,086790,2020/12,
(주)하나기술,299030,2020/12,36266.9
(주)하나투어,039130,2020/12,5449.29
(주)하림,136480,2020/12,8505.13
(주)하림지주,003380,2020/12,163.49
(주)하이딥,365590,2020/12,
(주)하이로닉,149980,2020/12,756.12
(주)하이브,352820,2020/12,271517.47
(주)하이비젼시스템,126700,2020/12,11415.86
(주)하이소닉,106080,2020/12,711.38
(주)하이스틸,071090,2020/12,78318.29
(주)하이텍팜,106190,2020/12,10504.24
(주)하이트론씨스템즈,019490,2020/12,4931.22
(주)하츠,066130,2020/12,9771.75
(주)한국가구,004590,2020/12,886.36
(주)한국경제티브이,039340,2020/12,4056.66
(주)한국비엔씨,256840,2020/12,380.69
(주)한국전자홀딩스,006200,2020/12,104.34
(주)한국종합기술,023350,2020/12,26322.39
(주)한국카본,017960,2020/12,9315.68
(주)한국큐빅,021650,2020/12,2007.22
(주)한국테크놀로지,053590,2020/12,221.07
(주)한국토지신탁,034830,2020/12,
(주)한국특강,007280,2020/12,10940.19
(주)한국파마,032300,2020/12,8139.6
(주)한국팩키지,037230,2020/12,2259.83
(주)한국화장품제조,003350,2020/12,13678.35
(주)한글과컴퓨터,030520,2020/12,4474.38
(주)한네트,052600,2020/12,2114.13
(주)한농화성,011500,2020/12,13318.04
(주)한독,002390,2020/12,36126.45
(주)한독크린텍,256150,2020/12,14917.52
(주)한미글로벌건축사사무소,053690,2020/12,10620.46
(주)한빛소프트,047080,2020/12,1354.39
(주)한샘,009240,2020/12,73252.82
(주)한섬,020000,2020/12,48509.12
(주)한솔케미칼,014680,2020/12,40501.37
(주)한솔홈데코,025750,2020/12,3079.69
(주)한송네오텍,226440,2020/12,445.17
(주)한익스프레스,014130,2020/12,48763.52
(주)한일진공,123840,2020/12,196.22
(주)한진,002320,2020/12,161019.2
(주)한진중공업홀딩스,003480,2020/12,368.81
(주)한진칼,180640,2020/12,698.17
(주)한창,005110,2020/12,168.14
(주)한창제지,009460,2020/12,2873.9
(주)한컴라이프케어,372910,2020/12,407070.33
(주)한컴위드,054920,2020/12,891.35
(주)한탑,002680,2020/12,2214.44
(주)한화,000880,2020/12,40861.75
(주)해성티피씨,059270,2020/12,4648.43
(주)핸디소프트,220180,2020/12,911.04
(주)헥토이노베이션,214180,2020/12,4614.66
(주)헥토파이낸셜,234340,2020/12,8325.07
(주)헬릭스미스,084990,2020/12,160.67
(주)현대공업,170030,2020/12,12762.57
(주)현대그린푸드,005440,2020/12,15480.39
(주)현대리바트,079430,2020/12,66354.52
(주)현대미포조선,010620,2020/12,69620.22
(주)현대바이오랜드,052260,2020/12,5550.71
(주)현대백화점,069960,2020/12,53202.26
(주)현대에버다임,041440,2020/12,11546.28
(주)현대이지웰,090850,2020/12,7464.52
(주)현대퓨처넷,126560,2020/12,2011.74
(주)현대홈쇼핑,057050,2020/12,90415.87
(주)협진,138360,2020/12,125.97
(주)형지아이앤씨,011080,2020/12,1723.72
(주)형지엘리트,093240,2020/06,1979.83
(주)혜인,003010,2020/12,17112.03
(주)호텔신라,008770,2020/12,70360.57
(주)홈센타홀딩스,060560,2020/12,213.19
(주)홈캐스트,064240,2020/12,625.76
(주)화승엔터프라이즈,241590,2020/12,65.26
(주)화승인더스트리,006060,2020/12,16746.18
(주)화승코퍼레이션,013520,2020/12,9724.53
(주)화신,010690,2020/12,20296.98
(주)화신정공,126640,2020/12,6793.63
(주)화인베스틸,133820,2020/12,3338.32
(주)황금에스티,032560,2020/12,8429.38
(주)효성,004800,2020/12,14023.59
(주)후성,093370,2020/12,2561.8
(주)휠라홀딩스,081660,2020/12,6.16
(주)휴네시온,290270,2020/12,2287.44
(주)휴니드테크놀러지스,005870,2020/12,14031.9
(주)휴럼,353190,2020/12,
(주)휴맥스,115160,2020/12,21591.73
(주)휴맥스홀딩스,028080,2020/12,350.81
(주)휴먼엔,032860,2020/12,86.55
(주)휴메딕스,200670,2020/12,8058.29
(주)휴비스,079980,2020/12,21259.65
(주)휴비츠,065510,2020/12,4781.18
(주)휴센텍,215090,2020/12,724.21
(주)휴스틸,005010,2020/12,45034.67
(주)휴엠앤씨,263920,2020/12,924.27
(주)휴온스,243070,2020/12,37066.89
(주)휴온스글로벌,084110,2020/12,3651.97
(주)흥국,010240,2020/12,6039.01
(주)흥국에프엔비,189980,2020/12,1261.41
(주)희림종합건축사사무소,037440,2020/12,14626.38
(주)힘스,238490,2020/12,9388.61
AJ네트웍스(주),095570,2020/12,9686.73
CS홀딩스(주),000590,2020/12,2899.51
DB금융투자(주),016610,2020/12,
DB손해보험(주),005830,2020/12,
HD현대(주),267250,2020/12,23082.29
KB오토시스(주),024120,2020/12,10159.52
KD(주),044180,2020/12,270.61
KG스틸(주),016380,2020/12,20973.85
KISCO홀딩스(주),001940,2020/12,772.7
LG이노텍(주),011070,2020/12,392538.77
LS일렉트릭(주),010120,2020/12,61819.54
OCI(주),010060,2020/12,51237.34
SK이노베이션(주),096770,2020/12,40636.92
SNT모티브(주),064960,2020/12,59998.77
SNT중공업(주),003570,2020/12,6851.26
STX엔진(주),077970,2020/12,20167.91
STX중공업(주),071970,2020/12,7987.66
가온미디어(주),078890,2020/12,25412.82
가온전선(주),000500,2020/12,185412.25
감성코퍼레이션(주),036620,2020/12,184.32
강남제비스코(주),000860,2020/12,39984.61
갤럭시아머니트리(주),094480,2020/12,2070.63
경남스틸(주),039240,2020/12,11900.99
경남제약(주),053950,2020/12,4132.56
경동제약(주),011040,2020/12,6478.26
경인전자(주),009140,2020/12,6693.5
경창산업(주),024910,2020/12,11695.95
계룡건설산업(주),013580,2020/12,175938.79
계양전기(주),012200,2020/12,10682.6
고려산업(주),002140,2020/12,7374.12
고려신용정보(주),049720,2020/12,9169.08
고려아연(주),010130,2020/12,299530.97
고려제강(주),002240,2020/12,21853.14
고려제약(주),014570,2020/12,6071.75
광동제약(주),009290,2020/12,14580.36
광전자(주),017900,2020/12,2495.9
광진실업(주),026910,2020/12,6709.6
교보10호기업인수목적(주),355150,2020/12,
교보증권(주),030610,2020/12,
교촌에프앤비(주),339770,2020/12,20830.34
국도화학(주),007690,2020/12,144156.17
국일신동(주),060480,2020/12,2271.36
국일제지(주),078130,2020/12,791.95
국제약품(주),002720,2020/12,6875.6
그랜드코리아레저(주),114090,2020/12,2982.14
그레이트리치과기유한공사,900290,2020/06,
그린케미칼(주),083420,2020/12,10099.92
극동유화(주),014530,2020/12,17705.35
글로벌에스엠테크리미티드,900070,2020/12,
글로벌텍스프리(주),204620,2020/12,204.74
글로본(주),019660,2020/12,145.03
금강공업(주),014280,2020/12,10054.38
금강철강(주),053260,2020/12,9306.82
금호건설(주),002990,2020/12,49784.78
금호석유화학(주),011780,2020/12,104198.19
금호전기(주),001210,2020/12,3833.16
금호타이어(주),073240,2020/12,5946.92
기신정기(주),092440,2020/03,3710.51
기아(주),000270,2020/12,84769.2
깨끗한나라(주),004540,2020/12,15694.37
나노씨엠에스(주),247660,2020/12,1738.16
나노캠텍(주),091970,2020/12,819.72
나라엠앤디(주),051490,2020/12,6282.09
나무기술(주),242040,2020/12,2051.27
나우아이비캐피탈(주),293580,2020/12,
나이스정보통신(주),036800,2020/12,20878.12
나이스평가정보(주),030190,2020/12,6290.09
남광토건(주),001260,2020/12,24211.1
남양유업(주),003920,2020/12,1055650.2
남해화학(주),025860,2020/12,20327.47
남화산업(주),111710,2020/12,860.4
남화토건(주),091590,2020/12,6320.65
네이버(주),035420,2020/12,25038.19
넥센타이어(주),002350,2020/12,11602.23
넷마블(주),251270,2020/12,16067.17
노을(주),376930,2020/12,
농업회사법인(주)농우바이오,054050,2020/12,6134.85
농업회사법인아시아종묘(주),154030,2020/09,2409.54
뉴지랩파마(주),214870,2020/12,2069.03
다믈멀티미디어(주),093640,2020/12,821.62
다스코(주),058730,2020/12,12719.37
다올인베스트먼트(주),298870,2020/12,
다올투자증권(주),030210,2020/12,
대덕전자(주),353200,2020/12,
대동금속(주),020400,2020/12,42612.06
대동기어(주),008830,2020/12,17402.01
대동전자(주),008110,2020/03,1497.92
대림비앤코(주),005750,2020/12,13812.91
대림통상(주),006570,2020/12,8700.33
대명에너지(주),389260,2020/12,523298.76
대모엔지니어링(주),317850,2020/12,4611.25
대보마그네틱(주),290670,2020/12,2399.72
대봉엘에스(주),078140,2020/12,5521.61
대상(주),001680,2020/12,72322.29
대상홀딩스(주),084690,2020/12,700.11
대성산업(주),128820,2020/12,15822.92
대성에너지(주),117580,2020/12,26973.92
대성창업투자(주),027830,2020/12,
대성홀딩스(주),016710,2020/12,2245.72
대신정보통신(주),020180,2020/03,4576.34
대신증권(주),003540,2020/12,
대아티아이(주),045390,2020/12,1593.51
대양전기공업(주),108380,2020/12,17570.25
대양제지공업(주),006580,2020/12,4024.04
대영포장(주),014160,2020/12,2405.16
대우전자부품(주),009320,2020/12,1594.01
대우조선해양(주),042660,2020/12,65672.32
대원강업(주),000430,2020/12,9718.46
대원미디어(주),048910,2020/12,16829.22
대원산업(주),005710,2020/12,26091.67
대원전선(주),006340,2020/12,5072.71
대원제약(주),003220,2020/12,15134.25
대원화성(주),024890,2020/12,2477.57
대정화금(주),120240,2020/12,11293.98
대주산업(주),003310,2020/12,2406.41
대주전자재료(주),078600,2020/12,7603.4
대창단조(주),015230,2020/12,67686.55
대한광통신(주),010170,2020/12,1508.97
대한그린파워(주),060900,2020/12,28.9
대한뉴팜(주),054670,2020/12,10415.44
대한방직(주),001070,2020/12,31867.61
대한약품공업(주),023910,2020/12,27679.98
대한유화(주),006650,2020/12,287151.13
대한전선(주),001440,2020/12,1691.02
대한제강(주),084010,2020/12,31268.98
대한제당(주),001790,2020/12,115909.41
대한제분(주),001130,2020/12,184943.85
대한해운(주),005880,2020/12,2047.1
대한화섬(주),003830,2020/12,65431.67
대화제약(주),067080,2020/12,4517.15
더이앤엠(주),089230,2020/12,275.44
덕산네오룩스(주),213420,2020/12,6004.27
덕산하이메탈(주),077360,2020/12,2431.24
덕양산업(주),024900,2020/12,37343.86
덕우전자(주),263600,2020/12,8288.38
데브시스터즈(주),194480,2020/12,6359.25
도이치모터스(주),067990,2020/12,41528.99
동국산업(주),005160,2020/12,5141.89
동국제강(주),001230,2020/12,48344.58
동국제약(주),086450,2020/12,55325.96
동부건설(주),005960,2020/12,49348.93
동성제약(주),002210,2020/12,3367.76
동신건설(주),025950,2020/12,4226.08
동아쏘시오홀딩스(주),000640,2020/12,8877.88
동아에스티(주),170900,2020/12,69467.77
동아타이어공업(주),282690,2020/12,10444.73
동아화성(주),041930,2020/12,7954.29
동양생명보험(주),082640,2020/12,
동양이엔피(주),079960,2020/12,54513.7
동양철관(주),008970,2020/12,1242.62
동양파일(주),228340,2020/12,2347.57
동양피스톤(주),092780,2020/12,20202
동원금속(주),018500,2020/03,5570.67
동원산업(주),006040,2020/12,190902.48
동원수산(주),030720,2020/12,21226.36
동원시스템즈(주),014820,2020/12,22478.99
동일고무벨트(주),163560,2020/12,17479.47
동일금속(주),109860,2020/12,8383.52
동일산업(주),004890,2020/12,116291.66
동일제강(주),002690,2020/12,8194.17
동일철강(주),023790,2020/12,2984.36
동화기업(주),025900,2020/12,18858.8
동화약품(주),000020,2020/12,9574.82
두산밥캣(주),241560,2020/12,2034.01
두산에너빌리티(주),034020,2020/12,13872.63
두산퓨얼셀(주),336260,2020/12,6428.34
디비금융제8호기업인수목적(주),367340,2020/12,
디비금융제9호기업인수목적(주),367360,2020/12,
디씨엠(주),024090,2020/12,14134.73
디아이동일(주),001530,2020/12,110495.75
디아이티(주),110990,2020/12,1511.92
디에스씨인베스트먼트(주),241520,2020/12,
디에스알(주),155660,2020/12,10248.11
디에스알제강(주),069730,2020/12,12236.57
디엑스앤브이엑스(주),180400,2020/12,346.44
디엘(주),000210,2020/12,22276.46
디엘건설(주),001880,2020/12,114273
디와이(주),013570,2020/12,1641.83
디와이씨(주),310870,2020/12,
디와이파워(주),210540,2020/12,15576.43
디와이피엔에프(주),104460,2020/12,19407.87
디젠스(주),113810,2020/12,1519.98
디케이락(주),105740,2020/12,8425.05
라온시큐어(주),042510,2020/12,895.32
라온피플(주),300120,2020/12,1456.83
램테크놀러지(주),171010,2020/12,3042.09
로스웰인터내셔널유한회사,900260,2020/12,
로체시스템즈(주),071280,2020/12,11753.69
롯데관광개발(주),032350,2020/12,203.05
롯데렌탈(주),089860,2020/12,176385.12
롯데손해보험(주),000400,2020/12,
롯데쇼핑(주),023530,2020/12,307828.46
롯데정밀화학(주),004000,2020/12,48852.92
롯데정보통신(주),286940,2020/12,54290.65
롯데제과(주),280360,2020/12,238624.34
롯데지주(주),004990,2020/12,2743.21
롯데칠성음료(주),005300,2020/12,246552.6
롯데케미칼(주),011170,2020/12,267576.76
롯데하이마트(주),071840,2020/12,171627.35
리노공업(주),058470,2020/12,13208.93
린드먼아시아인베스트먼트(주),277070,2020/12,
마이크로로봇(주),182690,2020/12,554.62
만호제강(주),001080,2020/06,46971.19
매일유업(주),267980,2020/12,186194.44
매일홀딩스(주),005990,2020/12,1019.83
메가스터디(주),072870,2020/12,3360.13
메가스터디교육(주),215200,2020/12,34849.43
메가엠디(주),133750,2020/12,3301.18
메디앙스(주),014100,2020/12,5648.82
메디포스트(주),078160,2020/12,3113.54
메리츠증권(주),008560,2020/12,
메리츠화재해상보험(주),000060,2020/12,
메이슨캐피탈(주),021880,2020/03,
명문제약(주),017180,2020/12,4078.92
명성티엔에스(주),257370,2020/12,2729.05
명신산업(주),009900,2020/12,62259.7
모델솔루션(주),417970,2020/12,293201.93
모바일어플라이언스(주),087260,2020/12,1307.71
모트렉스(주),118990,2020/12,6582.84
무림에스피(주),001810,2020/12,5628.18
무림페이퍼(주),009200,2020/12,9732.8
무림피앤피(주),009580,2020/12,7773.37
문배철강(주),008420,2020/12,7446.44
미디어젠(주),279600,2020/12,2561.35
미래나노텍(주),095500,2020/12,11028.2
미래산업(주),025560,2020/12,100.4
미래에셋대우기업인수목적5호(주),353490,2020/12,
미래에셋벤처투자(주),100790,2020/12,
미래에셋생명보험(주),085620,2020/12,
미래에셋증권(주),006800,2020/12,
미스터블루(주),207760,2020/12,1178
미원상사(주),002840,2020/12,56441.61
미원스페셜티케미칼(주),268280,2020/12,70614.51
미원홀딩스(주),107590,2020/12,10169.22
미원화학(주),134380,2020/12,72858.04
미창석유공업(주),003650,2020/12,159557.8
미투젠(유),950190,2020/12,10145.65
바디텍메드(주),206640,2020/12,5421.57
바이오플러스(주),099430,2020/12,3881.74
바이온(주),032980,2020/12,264.68
바이옵트로(주),222160,2020/03,2015.33
바이젠셀(주),308080,2020/12,0
백광산업(주),001340,2020/12,3807.33
범양건영(주),002410,2020/12,6005.59
범한퓨얼셀(주),382900,2020/12,53167.01
베뉴지(주),019010,2020/12,703.41
보로노이(주),310210,2020/12,599.48
보성파워텍(주),006910,2020/12,1781.51
보해양조(주),000890,2020/12,616.3
부광약품(주),003000,2020/12,2554.38
부국증권(주),001270,2020/12,
부국철강(주),026940,2020/12,6946.5
부산산업(주),011390,2020/12,21848.96
부산주공(주),005030,2020/12,3602.2
브레인즈컴퍼니(주),099390,2020/12,4485.88
브릿지바이오테라퓨틱스(주),288330,2020/12,1000.85
비나텍(주),126340,2020/12,10505.64
비디아이(주),148140,2020/12,11640.45
비비씨(주),318410,2020/12,4931.84
비씨엔씨(주),146320,2020/12,95560.92
비에이치아이(주),083650,2020/12,9046.79
비케이탑스(주),030790,2020/12,270.32
비플라이소프트(주),148780,2020/12,3147.99
빛샘전자(주),072950,2020/12,3607.24
사조동아원(주),008040,2020/12,2776.68
사조산업(주),007160,2020/12,76405.75
사조씨푸드(주),014710,2020/12,12455
삼강엠앤티(주),100090,2020/12,12497.94
삼륭물산(주),014970,2020/12,2567.47
삼목에스폼(주),018310,2020/12,7922.07
삼보모터스(주),053700,2020/12,15106.82
삼보산업(주),009620,2020/12,6357.27
삼부토건(주),001470,2020/12,2729.16
삼성SDI(주),006400,2020/12,129313.5
삼성공조(주),006660,2020/12,6735.83
삼성물산(주),028260,2020/12,100791.15
삼성바이오로직스(주),207940,2020/12,17604.12
삼성생명보험(주),032830,2020/12,
삼성에스디에스(주),018260,2020/12,58794.99
삼성엔지니어링(주),028050,2020/12,25616.26
삼성전기(주),009150,2020/12,72135.96
삼성전자(주),005930,2020/12,24483.92
삼성제약(주),001360,2020/12,789.8
삼성중공업(주),010140,2020/12,10832.2
삼성증권(주),016360,2020/12,
삼성카드(주),029780,2020/12,
삼성화재해상보험(주),000810,2020/12,
삼아알미늄(주),006110,2020/12,14146.08
삼아제약(주),009300,2020/12,8422.73
삼양식품(주),003230,2020/12,84531.51
삼양통상(주),002170,2020/12,66078.44
삼영무역(주),002810,2020/12,11779.23
삼영엠텍(주),054540,2020/12,4819.48
삼영이엔씨(주),065570,2020/12,4010.26
삼영전자공업(주),005680,2020/12,8705.15
삼영화학공업(주),003720,2020/12,2854.79
삼익티에이치케이(주),004380,2020/12,12564.59
삼일제약(주),000520,2020/12,18873.85
삼정펄프(주),009770,2020/12,58533.09
삼지전자(주),037460,2020/12,4666.93
삼진제약(주),005500,2020/12,16918.34
삼천당제약(주),000250,2020/12,5358.1
삼천리자전거(주),024950,2020/12,7875.74
삼현철강(주),017480,2020/12,14323.47
삼호개발(주),010960,2020/12,14229.31
삼화왕관(주),004450,2020/12,49456.2
삼화전기(주),009470,2020/12,22912.72
삼화전자공업(주),011230,2020/12,3072.27
삼화콘덴서공업(주),001820,2020/12,18173.85
삼화페인트공업(주),000390,2020/12,18180.13
상신브레이크(주),041650,2020/12,12871.26
상신이디피(주),091580,2020/12,7763.13
상신전자(주),263810,2020/12,5677.34
새론오토모티브(주),075180,2020/12,5560.79
샘표(주),007540,2020/12,6356.16
샘표식품(주),248170,2020/12,67646.31
서암기계공업(주),100660,2020/12,2524.11
서울도시가스(주),017390,2020/12,254393.65
서울바이오시스(주),092190,2020/12,6661.51
서울반도체(주),046890,2020/12,17032.57
서울식품공업(주),004410,2020/12,181.27
서울전자통신(주),027040,2020/12,482.42
서호전기(주),065710,2020/12,11388.36
선도전기(주),007610,2020/12,4425.94
선바이오(주),067370,2020/12,711.62
선진뷰티사이언스(주),086710,2020/12,180846.98
성문전자(주),014910,2020/12,944.17
성보화학(주),003080,2020/12,2585.2
성신양회(주),004980,2020/12,19642.05
성우전자(주),081580,2020/12,1415.46
성우테크론(주),045300,2020/12,3893.46
성일하이텍(주),365340,2020/12,87898.62
성창기업지주(주),000180,2020/12,92.76
성호전자(주),043260,2020/12,2047.9
세기상사(주),002420,2020/12,5481.45
세명전기공업(주),017510,2020/12,938.71
세방(주),004360,2020/12,25100.58
세방전지(주),004490,2020/12,76929.73
세원이앤씨(주),091090,2020/12,1775.71
세종공업(주),033530,2020/12,14686.65
세종텔레콤(주),036630,2020/12,422.24
세하(주),027970,2020/12,6410.61
소니드(주),060230,2020/12,284.2
소프트캠프(주),258790,2020/12,753.03
솔루스첨단소재(주),336370,2020/12,3182.87
솔브레인(주),357780,2020/12,
솔브레인홀딩스(주),036830,2020/12,1286.03
솔트웨어(주),328380,2020/12,
송원산업(주),004430,2020/12,25769.83
스톤브릿지벤처스(주),330730,2020/12,
스튜디오드래곤(주),253450,2020/12,17746.43
스틱인베스트먼트(주),026890,2020/12,951.02
시그네틱스(주),033170,2020/12,2348.19
신대양제지(주),016590,2020/12,46910.13
신라교역(주),004970,2020/12,19810.88
신라섬유(주),001000,2020/12,172.14
신라에스지(주),025870,2020/12,14690.88
신라젠(주),215600,2020/12,23.32
신성델타테크(주),065350,2020/12,5241.76
신성통상(주),005390,2020/06,7100.86
신세계건설(주),034300,2020/12,239189.02
신송홀딩스(주),006880,2020/12,138.98
신신제약(주),002800,2020/12,4413.73
신영증권(주),001720,2020/03,
신영해피투모로우제6호기업인수목적(주),344050,2020/12,
신원종합개발(주),017000,2020/12,12297.06
신일전자(주),002700,2020/12,2427.13
신일제약(주),012790,2020/12,5635.48
신풍제약(주),019170,2020/12,3394.53
신풍제지(주),002870,2020/12,686.2
신한제7호기업인수목적(주),366330,2020/12,
신화인터텍(주),056700,2020/12,8269.66
신흥에스이씨(주),243840,2020/12,20763.9
쌍용씨앤이(주),003410,2020/12,1964.06
쌍용자동차(주),003620,2020/12,19552.78
쌍용정보통신(주),010280,2020/12,2333.22
써니전자(주),004770,2020/12,456.67
씨비아이(주),013720,2020/12,2043.11
씨아이에스(주),222080,2020/12,2095.76
씨앤에이치(주),023460,2020/12,
씨앤지하이테크(주),264660,2020/12,14179.21
씨앤티85(주),056730,2020/12,19.43
씨에스베어링(주),297090,2020/12,10922.7
씨에스윈드(주),112610,2020/12,39596.68
씨유테크(주),376290,2020/12,13511.56
씨제이(주),001040,2020/12,4631.12
씨제이대한통운(주),000120,2020/12,304051.17
씨제이바이오사이언스(주),311690,2020/12,1377.7
씨제이씨지브이(주),079160,2020/12,15394.12
씨제이씨푸드(주),011150,2020/12,4125.28
씨제이제일제당(주),097950,2020/12,365093.83
씨제이프레시웨이(주),051500,2020/12,162259.29
씨케이에이치푸드앤헬스리미티드,900120,2020/06,
씨큐브(주),101240,2020/12,3646.77
아남전자(주),008700,2020/12,3431.22
아미코젠(주),092040,2020/12,1769.28
아비코전자(주),036010,2020/12,5580.04
아세아(주),002030,2020/12,9284.86
아세아시멘트(주),183190,2020/12,90573.99
아세아제지(주),002310,2020/12,47789.98
아시아나아이디티(주),267850,2020/12,17644.6
아시아나항공(주),020560,2020/12,15946.73
아이디피(주),332370,2020/12,3220.43
아이비케이에스제13호기업인수목적(주),351340,2020/12,
아이쓰리시스템(주),214430,2020/12,9361.86
아이에스동서(주),010780,2020/12,30166.57
아이진(주),185490,2020/12,288.8
아이큐어(주),175250,2020/12,6600.73
아이크래프트(주),052460,2020/12,5513.77
아이텍(주),119830,2020/12,3695.32
아주스틸(주),139990,2020/12,478918.35
아주아이비투자(주),027360,2020/12,
아진산업(주),013310,2020/12,7199.11
안국약품(주),001540,2020/12,10111.94
알리코제약(주),260660,2020/12,12733.2
알서포트(주),131370,2020/12,684.45
알에스오토메이션(주),140670,2020/12,10244.4
알에프머트리얼즈(주),327260,2020/12,2871.21
알에프에이치아이씨(주),218410,2020/12,2284.7
압타바이오(주),293780,2020/12,31.05
애경산업(주),018250,2020/12,22101.95
애경케미칼(주),161000,2020/12,22412.61
애니젠(주),196300,2020/12,1697.72
애머릿지코퍼레이션,900100,2020/12,290.32
앱클론(주),174900,2020/12,365.53
어보브반도체(주),102120,2020/12,7896.87
에브리봇(주),270660,2020/12,37613.86
에스넷시스템(주),038680,2020/12,12628.85
에스디바이오센서(주),137310,2020/12,142524.73
에스디엔(주),099220,2020/12,1634.11
에스맥(주),097780,2020/12,373.82
에스브이인베스트먼트(주),289080,2020/03,
에스비더블유생명과학(주),151910,2020/12,268.5
에스비아이인베스트먼트(주),019550,2020/12,
에스비아이핀테크솔루션즈(주),950110,2020/03,1239.67
에스씨아이평가정보(주),036120,2020/12,1332.43
에스씨엠생명과학(주),298060,2020/12,31.3
에스엔유프리시젼(주),080000,2020/12,2962.96
에스엔케이폴리텍(주),091340,2020/12,1504.45
에스엘(주),005850,2020/12,36084.58
에스와이(주),109610,2020/12,8986.18
에스지씨에너지(주),005090,2020/12,14417.95
에스지씨이테크건설(주),016250,2020/12,436213.5
에스지에이(주),049470,2020/12,776
에스지에이솔루션즈(주),184230,2020/12,514.82
에스지이(주),255220,2020/12,3091.67
에스케이(주),034730,2020/12,48980.1
에스케이가스(주),018670,2020/12,393465.26
에스케이네트웍스(주),001740,2020/12,32472.46
에스케이디스커버리(주),006120,2020/12,1030.08
에스케이디앤디(주),210980,2020/12,24731.98
에스케이렌터카(주),068400,2020/12,17486.15
에스케이바이오사이언스(주),302440,2020/12,110593.52
에스케이바이오팜(주),326030,2020/12,876.92
에스케이씨(주),011790,2020/12,14833.4
에스케이아이이테크놀로지(주),361610,2020/12,15342.39
에스케이증권(주),001510,2020/12,
에스케이케미칼(주),285130,2020/12,69782.5
에스케이텔레콤(주),017670,2020/12,145476.83
에스케이하이닉스(주),000660,2020/12,41727.59
에스텍(주),069510,2020/12,18144.36
에스트래픽(주),234300,2020/12,7106.74
에스티팜(주),237690,2020/12,5845.28
에스퓨얼셀(주),288620,2020/12,8173.65
에쓰-오일(주),010950,2020/12,143523.39
에쓰씨엔지니어링(주),023960,2020/12,2896.86
에어부산(주),298690,2020/12,3647.36
에이디엠코리아(주),187660,2020/12,419237.81
에이비엘바이오(주),298380,2020/12,175.94
에이비온(주),203400,2020/12,143.93
에이에프더블류(주),312610,2020/12,1097.28
에이치디씨(주),012630,2020/12,884.45
에이치디씨랩스(주),039570,2020/12,15808.78
에이치디씨현대산업개발(주),294870,2020/12,59608.28
에이치디씨현대이피(주),089470,2020/12,17846.84
에이치비솔루션(주),297890,2020/12,2696.08
에이치에스디엔진(주),082740,2020/12,25184.26
에이치엘디앤아이한라(주),014790,2020/12,29400.36
에이치엘만도(주),204320,2020/12,64096.04
에이치엘비(주),028300,2020/12,959.12
에이치엘비글로벌(주),003580,2020/12,457.46
에이치엘비생명과학(주),067630,2020/12,314.95
에이치엘비제약(주),047920,2020/12,2902.75
에이치엘비테라퓨틱스(주),115450,2020/12,1668.82
에이치엘홀딩스(주),060980,2020/12,54201.2
에이치엠씨아이비제4호기업인수목적(주),353070,2020/12,
에이치엠씨아이비제5호기업인수목적(주),353060,2020/12,
에이치엠엠(주),011200,2020/12,19546.95
에이치케이이노엔(주),195940,2020/12,257644.54
에이케이홀딩스(주),006840,2020/12,3435.73
에이테크솔루션(주),071670,2020/12,19007.42
에이프로젠제약(주),003060,2020/12,131.72
에이피시스템(주),265520,2020/12,38172.63
에이피에스홀딩스(주),054620,2020/12,222.39
에이피위성(주),211270,2020/12,3022.3
에이피티씨(주),089970,2020/12,4003.96
에코바이오홀딩스(주),038870,2020/12,1401.39
에코캡(주),128540,2020/12,4525.62
에코플라스틱(주),038110,2020/12,33140.35
에프엔에스테크(주),083500,2020/12,11597.14
엑스큐어(주),070300,2020/12,1373.63
엔브이에이치코리아(주),067570,2020/12,12188.25
엔시트론(주),101400,2020/12,375.48
엔에이치엔(주),181710,2020/12,14844.09
엔에이치엔한국사이버결제(주),060250,2020/12,27083.68
엔에이치투자증권(주),005940,2020/12,
엔피씨(주),004250,2020/12,7727.97
엘브이엠씨홀딩스(주),900140,2020/12,
엘비세미콘(주),061970,2020/12,5347.18
엘아이지넥스원(주),079550,2020/12,72701.56
엘에스전선아시아(주),229640,2020/12,1098.82
엘지디스플레이(주),034220,2020/12,63717.92
엘지전자(주),066570,2020/12,157245.61
엘컴텍(주),037950,2020/12,428.24
엘티씨(주),170920,2020/12,7931.55
엠벤처투자(주),019590,2020/12,
엠에프엠코리아(주),323230,2020/12,3421.93
엠케이전자(주),033160,2020/12,21851.49
영보화학(주),014440,2020/12,4322.85
영신금속공업(주),007530,2020/12,8439.96
영진약품(주),003520,2020/12,1139.81
영창케미칼(주),112290,2020/12,764795.86
영풍정밀(주),036560,2020/12,5767.68
영풍제지(주),006740,2020/12,4421.4
영화금속(주),012280,2020/12,3947.05
영화테크(주),265560,2020/12,6115.38
예스이십사(주),053280,2020/12,35638.72
오가닉티코스메틱스홀딩스컴퍼니리미티드,900300,2020/12,
오로라월드(주),039830,2020/12,9560.41
오상자이엘(주),053980,2020/12,3590.76
오성첨단소재(주),052420,2020/12,1283.72
오션브릿지(주),241790,2020/12,6818.03
오스템임플란트(주),048260,2020/12,30049.02
오토앤(주),353590,2020/12,225313
올리패스(주),244460,2020/12,16.2
올릭스(주),226950,2020/12,377.5
옴니시스템(주),057540,2020/12,2023.8
옵티시스(주),109080,2020/12,3621.52
와이더블유(주),051390,2020/12,1466.46
와이아이케이(주),232140,2020/12,2140.95
와이엠씨(주),155650,2020/12,7289.93
와이엠티(주),251370,2020/12,9480.08
와토스코리아(주),079000,2020/12,2543.14
우리기술투자(주),041190,2020/12,
우리바이오(주),082850,2020/12,691.31
우리산업(주),215360,2020/12,30029.07
우리산업홀딩스(주),072470,2020/12,141.95
우리손에프앤지농업회사법인(주),073560,2020/12,1112.58
우리엔터프라이즈(주),037400,2020/12,1037.4
우리이앤엘(주),153490,2020/12,2292.13
우리종합금융(주),010050,2020/12,
우림피티에스(주),101170,2020/12,4452.56
우수AMS(주),066590,2020/12,7384.28
우원개발(주),046940,2020/12,9239.77
우진비앤지(주),018620,2020/12,970.89
원텍(주),336570,2020/12,
원풍물산(주),008290,2020/12,714.69
웰바이오텍(주),010600,2020/12,377.43
웹케시(주),053580,2020/12,10767.97
위더스제약(주),330350,2020/06,6757.96
위즈코프(주),038620,2020/12,705.67
윈텍(주),320000,2020/12,607.57
윙입푸드홀딩스,900340,2020/12,
유네코(주),064510,2020/12,436.62
유니셈(주),036200,2020/12,6875.48
유니슨(주),018000,2020/12,733.49
유니온머티리얼(주),047400,2020/12,2228.09
유니퀘스트(주),077500,2020/12,14645.6
유비벨록스(주),089850,2020/12,11554.64
유성기업(주),002920,2020/12,9292.78
유아이엘(주),049520,2020/12,2295.29
유안타제7호기업인수목적(주),367460,2020/12,
유안타제8호기업인수목적(주),367480,2020/12,
유안타증권(주),003470,2020/12,
유엔젤(주),072130,2020/12,2022.78
유일에너테크(주),340930,2020/12,76589.6
유진기업(주),023410,2020/12,9690.15
유진기업인수목적6호(주),373340,2020/12,
유진투자증권(주),001200,2020/12,
유화증권(주),003460,2020/12,
율촌화학(주),008730,2020/12,20102.78
이건산업(주),008250,2020/12,14100.98
이구산업(주),025820,2020/12,6068.31
이노뎁(주),303530,2020/12,12021.64
이노시스(주),056090,2020/12,2283.72
이니텍(주),053350,2020/12,2115.32
이베스트기업인수목적5호(주),349720,2020/12,
이베스트투자증권(주),078020,2020/12,
이삭엔지니어링(주),351330,2020/12,110965.01
이스트아시아홀딩스인베스트먼트리미티드,900110,2020/12,
이엠코리아(주),095190,2020/12,1785.79
이연제약(주),102460,2020/12,7753.97
이오플로우(주),294090,2020/12,2.32
이원다이애그노믹스(주),245620,2020/12,1332.67
이원컴포텍(주),088290,2020/12,1917.04
이지케어텍(주),099750,2020/03,10123.19
이트론(주),096040,2020/12,118.28
이화공영(주),001840,2020/12,7736.79
이화산업(주),000760,2020/12,14915.51
이화전기공업(주),024810,2020/12,74.2
인바이오(주),352940,2020/12,44783.37
인베니아(주),079950,2020/12,6088.37
인선이엔티(주),060150,2020/12,3417.06
인지컨트롤스(주),023800,2020/12,20556.88
인천도시가스(주),034590,2020/12,115307.04
인카금융서비스(주),211050,2020/12,66978.51
인크로스(주),216050,2020/12,4490.79
인탑스(주),049070,2020/12,14698.85
인터지스(주),129260,2020/12,14064.47
인포뱅크(주),039290,2020/12,9094.68
인화정공(주),101930,2020/12,6270.44
일동제약(주),249420,2020/12,23565.98
일동홀딩스(주),000230,2020/12,1466.3
일성건설(주),013360,2020/12,6306.49
일성신약(주),003120,2020/12,15263.43
일신방직(주),003200,2020/12,122403.17
일양약품(주),007570,2020/12,10983.26
일정실업(주),008500,2020/12,25654.48
일진다이아몬드(주),081000,2020/12,3523.92
일진디스플레이(주),020760,2020/12,2390.49
일진머티리얼즈(주),020150,2020/12,6327.98
일진전기(주),103590,2020/12,18975.95
일진하이솔루스(주),271940,2020/12,117235.32
일진홀딩스(주),015860,2020/12,137.07
잉글우드랩(주),950140,2020/12,5596.85
자이글(주),234920,2020/12,1333.29
자이에스앤디(주),317400,2020/12,13300.18
자화전자(주),033240,2020/12,13914.56
재영솔루텍(주),049630,2020/12,1210.02
전방(주),000950,2020/12,62361.88
전진바이오팜(주),110020,2020/12,806.22
제너셈(주),217190,2020/12,4782.85
제룡산업(주),147830,2020/12,2656.61
제룡전기(주),033100,2020/12,2751.5
제이더블유생명과학(주),234080,2020/12,11274.75
제이더블유신약(주),067290,2020/12,2159.82
제이더블유중외제약(주),001060,2020/12,24393.68
제이더블유홀딩스(주),096760,2020/12,1337.67
제이스코홀딩스(주),023440,2020/12,1272.21
제이씨케미칼(주),137950,2020/12,10539.33
제이씨현시스템(주),033320,2020/12,9964.33
제이엔케이히터(주),126880,2020/12,7298.74
제이엠아이(주),033050,2020/12,392.29
제이엠티(주),094970,2020/12,1711.54
제이준코스메틱(주),025620,2020/12,767.66
제일약품(주),271980,2020/12,47074.52
제일연마공업(주),001560,2020/12,6362.74
제일전기공업(주),199820,2020/12,15764.88
제일파마홀딩스(주),002620,2020/12,1066.19
제주맥주(주),276730,2020/12,8173.52
조광아이엘아이(주),044060,2020/12,3484.88
조광페인트(주),004910,2020/12,15351.77
조광피혁(주),004700,2020/12,14635.95
조선내화(주),000480,2020/12,110331.19
조선선재(주),120030,2020/12,47324.21
조아제약(주),034940,2020/12,2069.23
조일알미늄(주),018470,2020/12,4745.33
주성엔지니어링(주),036930,2020/12,2456.53
줌인터넷(주),239340,2020/12,886.77
중소기업은행,024110,2020/12,
지나인제약(주),078650,2020/12,938.72
지니너스(주),389030,2020/12,
지니언스(주),263860,2020/12,2802.28
지더블유바이텍(주),036180,2020/12,2982.52
지에스건설(주),006360,2020/12,110162.19
지에이치신소재(주),130500,2020/12,4430.69
지엔원에너지(주),270520,2020/12,975.69
지엘팜텍(주),204840,2020/12,64.65
지엠비코리아(주),013870,2020/12,21005.39
지투파워(주),388050,2020/12,
진양산업(주),003780,2020/12,3577.8
진양제약(주),007370,2020/12,4067.46
진양폴리우레탄(주),010640,2020/12,3546.14
진양화학(주),051630,2020/12,3607.36
진원생명과학(주),011000,2020/12,1109.05
진흥기업(주),002780,2020/12,2572.89
차이나크리스탈신소재홀딩스,900250,2020/12,
참엔지니어링(주),009310,2020/12,1947.16
참좋은여행(주),094850,2020/12,903.1
카페24(주),042000,2020/12,18282.95
커머스마이너 (주),223310,2020/12,100.15
컨버즈(주),109070,2020/12,2243.12
컬러레이홀딩스,900310,2020/12,
컴퍼니케이파트너스(주),307930,2020/12,
케이디켐(주),221980,2020/12,11655.12
케이만금세기차륜집단유한공사,900280,2020/12,
케이비아이동국실업(주),001620,2020/12,4806.69
케이비아이메탈(주),024840,2020/12,14371.95
케이비제20호기업인수목적(주),342550,2020/12,
케이씨그린홀딩스(주),009440,2020/12,639.27
케이씨코트렐(주),119650,2020/12,23321.96
케이알모터스(주),000040,2020/12,226.49
케이에이치건설(주),226360,2020/12,988.49
케이에이치전자(주),111870,2020/12,252.21
케이엠제약(주),225430,2020/12,1072.06
케이지이티에스(주),151860,2020/12,4274.08
케이지케미칼(주),001390,2020/12,11022.44
케이카(주),381970,2020/12,99102.22
케이피엑스라이프사이언스(주),114450,2020/12,1637.38
케이피엑스케미칼(주),025000,2020/12,118550.32
케이피엑스홀딩스(주),092230,2020/12,18434.57
켄코아에어로스페이스(주),274090,2020/12,1004.03
코나아이(주),052400,2020/12,8629.2
코드네이처(주),078940,2020/12,884.52
코리아에셋투자증권(주),190650,2020/03,
코리아에프티(주),123410,2020/12,7272.57
코리안리재보험(주),003690,2020/12,
코스맥스(주),192820,2020/12,76162.94
코스맥스비티아이(주),044820,2020/12,7489.64
코스맥스엔비티(주),222040,2020/12,9519.45
코스모신소재(주),005070,2020/12,6983.48
코스모화학(주),005420,2020/12,4319.84
코아스템(주),166480,2020/12,117.94
코오롱글로벌(주),003070,2020/12,148996.93
코오롱생명과학(주),102940,2020/12,11341.36
코오롱인더스트리(주),120110,2020/12,98049.29
코오롱티슈진(주),950160,2020/12,288.13
코오롱플라스틱(주),138490,2020/12,7727.51
코웨이(주),021240,2020/12,35129.54
코웰패션(주),033290,2020/12,2453.72
코위버(주),056360,2020/12,8234.56
콜마비앤에이치(주),200130,2020/12,18153.7
쿠쿠홀딩스(주),192400,2020/12,3729.05
쿠쿠홈시스(주),284740,2020/12,25084.9
큐렉소(주),060280,2020/12,1177.6
큐알티(주),405100,2020/12,157229.17
큐캐피탈파트너스(주),016600,2020/12,
크로바하이텍(주),043590,2020/12,1021.02
크루셜텍(주),114120,2020/12,1245.67
크리스탈지노믹스(주),083790,2020/12,258.54
키네마스터(주),139670,2020/12,2004.15
키움증권(주),039490,2020/12,
태경산업(주),015890,2020/12,3568.84
태경케미컬(주),006890,2020/12,3926.75
태광산업(주),003240,2020/12,1343296.07
태림포장(주),011280,2020/12,7309.46
태양금속공업(주),004100,2020/12,6787.67
태원물산(주),001420,2020/12,2149.85
태평양물산(주),007980,2020/12,10944.03
테고사이언스(주),191420,2020/12,1061.78
테라사이언스(주),073640,2020/12,275.31
텔코웨어(주),078000,2020/12,3751.73
티와이엠(주),002900,2020/12,3073.57
티제이미디어(주),032540,2020/12,3520.58
티케이지애강(주),022220,2020/12,1139.5
티케이지휴켐스(주),069260,2020/12,14518.88
팅크웨어(주),084730,2020/12,17259.51
파나케이아(주),058530,2020/12,78.25
파미셀(주),005690,2020/12,629.63
팜젠사이언스(주),004720,2020/12,7048.94
패션플랫폼(주),225590,2020/12,2180.92
팬오션(주),028670,2020/12,3933.81
퍼스텍(주),010820,2020/12,2748.05
펌텍코리아(주),251970,2020/12,11592.58
페이퍼코리아(주),001020,2020/12,5440.76
평화산업(주),090080,2020/12,6166.65
평화홀딩스(주),010770,2020/12,1130.4
포스코스틸리온(주),058430,2020/12,145035.27
포스코홀딩스(주),005490,2020/12,304058.75
풍국주정공업(주),023900,2020/12,4152.7
풍원정밀(주),371950,2020/12,261120.61
프레스티지바이오로직스(주),334970,2020/12,0
프레스티지바이오파마,950210,2020/06,
프리시젼바이오(주),335810,2020/12,514.26
피씨엘(주),241820,2020/12,5629.36
피아이첨단소재(주),178920,2020/12,8914.59
피앤씨테크(주),237750,2020/12,3023.34
피에스케이(주),319660,2020/12,16848.74
피에스케이홀딩스(주),031980,2020/12,1634.17
피에스텍(주),002230,2020/12,2681.11
피에이치에이(주),043370,2020/12,26708.94
피엔케이피부임상연구센타(주),347740,2020/12,11285.35
하나금융15호기업인수목적(주),341160,2020/12,
하나금융16호기업인수목적(주),343510,2020/12,
하나마이크론(주),067310,2020/12,10250.25
하나머스트7호기업인수목적(주),372290,2020/12,
하나머티리얼즈(주),166090,2020/12,10224.62
하나제약(주),293480,2020/12,10944.78
하이록코리아(주),013030,2020/12,9557.66
하이즈항공(주),221840,2020/12,1642.19
하이트진로(주),000080,2020/12,28754.5
하이트진로홀딩스(주),000140,2020/12,1512.48
하인크코리아(주),373200,2020/12,
한국가스공사(주),036460,2020/12,216699.57
한국공항(주),005430,2020/12,88805.4
한국기업평가(주),034950,2020/12,11678.29
한국내화(주),010040,2020/12,8909.12
한국단자공업(주),025540,2020/12,73230.88
한국맥널티(주),222980,2020/12,3623.79
한국석유공업(주),004090,2020/12,364824.92
한국선재(주),025550,2020/12,6233.89
한국수출포장공업(주),002200,2020/12,65121.88
한국쉘석유(주),002960,2020/12,154103.81
한국알콜산업(주),017890,2020/12,13715.07
한국앤컴퍼니(주),000240,2020/12,689.58
한국유나이티드제약(주),033270,2020/12,13304.09
한국유니온제약(주),080720,2020/12,8533.47
한국자산신탁(주),123890,2020/12,
한국전력공사(주),015760,2020/12,90331.24
한국전력기술(주),052690,2020/12,11295.73
한국전자금융(주),063570,2020/12,6492.43
한국전자인증(주),041460,2020/12,1514.41
한국정밀기계(주),101680,2020/12,2042.82
한국정보공학(주),039740,2020/12,21189.26
한국정보인증(주),053300,2020/12,1467.2
한국정보통신(주),025770,2020/12,12897.85
한국조선해양(주),009540,2020/12,2435.72
한국주강(주),025890,2020/12,2996.29
한국주철관공업(주),000970,2020/03,5263.66
한국지역난방공사,071320,2020/12,181272.36
한국철강(주),104700,2020/12,13754.23
한국캐피탈(주),023760,2020/12,
한국컴퓨터(주),054040,2020/12,2256.25
한국콜마(주),161890,2020/12,26624.53
한국콜마홀딩스(주),024720,2020/12,1806.77
한국타이어앤테크놀로지(주),161390,2020/12,23106.99
한국투자금융지주(주),071050,2020/12,
한국프랜지공업(주),010100,2020/12,18457.95
한국항공우주산업(주),047810,2020/12,28848.06
한국화장품(주),123690,2020/12,1090.8
한라아이엠에스(주),092460,2020/12,4540.3
한미반도체(주),042700,2020/12,4469.12
한미사이언스(주),008930,2020/12,538.59
한미약품(주),128940,2020/12,73662.51
한성기업(주),003680,2020/12,42861.32
한세실업(주),105630,2020/12,41433.2
한세엠케이(주),069640,2020/12,12736.86
한세예스24홀딩스(주),016450,2020/12,494.53
한솔로지스틱스(주),009180,2020/12,12473.33
한솔아이원스(주),114810,2020/12,10906.84
한솔인티큐브(주),070590,2020/12,3788.95
한솔제지(주),213500,2020/12,62297.92
한솔테크닉스(주),004710,2020/12,20993.2
한솔피엔에스(주),010420,2020/12,11946.7
한솔홀딩스(주),004150,2020/12,1642.29
한스바이오메드(주),042520,2020/09,6248.55
한신공영(주),004960,2020/12,129626.2
한신기계공업(주),011700,2020/12,1541.63
한양디지텍(주),078350,2020/12,14136.68
한양이엔지(주),045100,2020/12,34805.32
한양증권(주),001750,2020/12,
한온시스템(주),018880,2020/12,5020.77
한올바이오파마(주),009420,2020/12,1696.04
한일단조공업(주),024740,2020/12,4233.75
한일사료(주),005860,2020/12,2713.2
한일시멘트(주),300720,2020/12,202969.5
한일철강(주),002220,2020/12,6511.17
한일현대시멘트(주),006390,2020/12,19871.7
한일홀딩스(주),003300,2020/12,2989.66
한일화학공업(주),007770,2020/12,23891.56
한전산업개발(주),130660,2020/12,9876.15
한전케이피에스(주),051600,2020/12,28870.81
한창산업(주),079170,2020/12,10824.17
한화생명보험(주),088350,2020/12,
한화손해보험(주),000370,2020/12,
한화솔루션(주),009830,2020/12,35161.2
한화시스템(주),272210,2020/12,14804.16
한화에어로스페이스(주),012450,2020/12,20557.13
한화투자증권(주),003530,2020/12,
해성디에스(주),195870,2020/12,26985.07
해성산업(주),034810,2020/12,16695.99
해성옵틱스(주),076610,2020/12,1912.03
해태제과식품(주),101530,2020/12,18840.28
핸즈코퍼레이션(주),143210,2020/12,22623.87
헝셩그룹유한회사,900270,2020/12,
현대건설(주),000720,2020/12,83622.49
현대건설기계(주),267270,2020/12,86583.55
현대글로비스(주),086280,2020/12,344265.54
현대두산인프라코어(주),042670,2020/12,12956.01
현대로템(주),064350,2020/12,31499.49
현대모비스(주),012330,2020/12,240838.55
현대무벡스(주),319400,2020/12,
현대바이오사이언스(주),048410,2020/12,344.21
현대비앤지스틸(주),004560,2020/12,44768.97
현대약품(주),004310,2020/11,4155.17
현대에너지솔루션(주),322000,2020/12,37418.75
현대에이치티(주),039010,2020/12,12021.23
현대엘리베이터(주),017800,2020/12,54863.29
현대오토에버(주),307950,2020/12,56940.38
현대위아(주),011210,2020/12,205385.73
현대일렉트릭앤에너지시스템(주),267260,2020/12,43449.21
현대자동차(주),005380,2020/12,182931.95
현대제철(주),004020,2020/12,116661.81
현대중공업(주),329180,2020/12,117420.02
현대차증권(주),001500,2020/12,
현대코퍼레이션(주),011760,2020/12,157310.1
현대코퍼레이션홀딩스(주),227840,2020/12,14177.37
현대해상화재보험(주),001450,2020/12,
현우산업(주),092300,2020/12,9993.62
호전실업(주),111110,2020/12,29954.13
화성밸브(주),039610,2020/12,5660.58
화성산업(주),002460,2020/12,33673.28
화일약품(주),061250,2020/12,6939.11
화천기계(주),010660,2020/12,6218.64
화천기공(주),000850,2020/12,61017.25
환인제약(주),016580,2020/12,9211.07
효성아이티엑스(주),094280,2020/12,38718.85
효성오앤비(주),097870,2020/06,3395.45
효성중공업(주),298040,2020/12,268613.44
효성첨단소재(주),298050,2020/12,161281.73
효성티앤씨(주),298020,2020/12,726319.56
효성화학(주),298000,2020/12,515108.67
휴림네트웍스(주),192410,2020/12,612.28
휴림로봇(주),090710,2020/12,240.03
휴마시스(주),205470,2020/12,1335.83
휴젤(주),145020,2020/12,42537.34
흥구석유(주),024060,2020/12,7656.25
흥국화재해상보험(주),000540,2020/12,
흥아해운(주),003280,2020/12,732.06
