회사명,거래소코드,회계년도,매출액(영업수익)(*)(천원)
(주)CMG제약,058820,2020/12,64459891
(주)DB하이텍,000990,2020/12,935919766
(주)ES큐브,050120,2020/12,30293088
(주)HJ중공업,097230,2020/12,1694634000
(주)MH에탄올,023150,2020/12,51277355
(주)SH에너지화학,002360,2020/12,91354318
(주)SIMPAC,009160,2020/12,272087150
(주)SNT에너지,100840,2020/12,229991237
(주)SNT홀딩스,036530,2020/12,25309708
(주)STX,011810,2020/12,788462000
(주)TCC스틸,002710,2020/12,323435107
(주)가비아,079940,2020/12,64097025
(주)가온칩스,399720,2020/12,17098306
(주)강스템바이오텍,217730,2020/12,295379
(주)강원랜드,035250,2020/12,477474858
(주)강원에너지,114190,2020/12,38345166
(주)갤럭시아에스엠,011420,2020/12,19539594
(주)경농,002100,2020/12,165655312
(주)경동나비엔,009450,2020/12,746324940
(주)경동도시가스,267290,2020/12,1086023402
(주)경동인베스트,012320,2020/12,7700621
(주)경방,000050,2020/12,226061886
(주)경보제약,214390,2020/12,215285095
(주)경인양행,012610,2020/12,214380449
(주)고려시멘트,198440,2020/12,70182711
(주)고바이오랩,348150,2020/12,4591485
(주)고영테크놀러지,098460,2020/12,157077647
(주)골드앤에스,035290,2020/12,4138760
(주)골드퍼시픽,038530,2020/12,14335385
(주)골프존,215000,2020/12,281031445
(주)골프존뉴딘홀딩스,121440,2020/12,57481004
(주)공구우먼,366030,2020/12,32683411
(주)광림,014200,2020/12,104253227
(주)광명전기,017040,2020/12,112536086
(주)광무,029480,2020/12,25006895
(주)광주신세계,037710,2020/12,147508454
(주)구영테크,053270,2020/12,84841189
(주)국동,005320,2020/12,167078106
(주)국보,001140,2020/12,53288999
(주)국보디자인,066620,2020/12,253810694
(주)국순당,043650,2020/12,50345658
(주)국영지앤엠,006050,2020/12,64386056
(주)국전약품,307750,2020/12,80623076
(주)그래디언트,035080,2020/12,169181557
(주)그리티,204020,2020/12,119857961
(주)그린플러스,186230,2020/12,55545281
(주)글로벌스탠다드테크놀로지,083450,2020/12,154150365
(주)금양,001570,2020/12,120928396
(주)금호에이치티,214330,2020/12,181173914
(주)금화피에스시,036190,2020/12,205790146
(주)기가레인,049080,2020/12,37870890
(주)기산텔레콤,035460,2020/12,26787022
(주)까뮤이앤씨,013700,2020/12,161728918
(주)까스텔바작,308100,2020/12,67130253
(주)나노,187790,2020/12,36339792
(주)나노브릭,286750,2020/12,8651931
(주)나노신소재,121600,2020/12,48524488
(주)나노엔텍,039860,2020/12,27440478
(주)나래나노텍,137080,2020/12,82804670
(주)나무가,190510,2020/12,388515152
(주)나스미디어,089600,2020/12,82057612
(주)나이벡,138610,2020/12,6357111
(주)나이스디앤비,130580,2020/12,60300993
(주)나이스홀딩스,034310,2020/12,38980661
(주)나인테크,267320,2020/12,65865810
(주)남선알미늄,008350,2020/12,268474786
(주)남성,004270,2020/12,66947663
(주)내츄럴엔도텍,168330,2020/12,13273093
(주)네오리진,094860,2020/12,9473210
(주)네오셈,253590,2020/12,47307393
(주)네오오토,212560,2020/12,117499436
(주)네오위즈,095660,2020/12,224298409
(주)네오위즈홀딩스,042420,2020/12,989634
(주)네오이뮨텍,950220,2020/12,0
(주)네오크레마,311390,2020/12,22124649
(주)네오티스,085910,2020/12,38129773
(주)네오팜,092730,2020/12,81466222
(주)네오펙트,290660,2020/12,2701004
(주)네온테크,306620,2020/12,33815560
(주)네이블커뮤니케이션즈,153460,2020/12,11837099
(주)네이처셀,007390,2020/12,16719797
(주)네패스,033640,2020/12,269153123
(주)네패스아크,330860,2020/12,67844759
(주)넥센,005720,2020/12,353361362
(주)넥스턴바이오사이언스,089140,2020/12,9685364
(주)넥스트아이,137940,2020/12,18393252
(주)넥스트엔터테인먼트월드,160550,2020/12,64241231
(주)넥스트칩,396270,2020/12,10382892
(주)넥스틴,348210,2020/12,49445118
(주)넥슨게임즈,225570,2020/12,81404202
(주)넵튠,217270,2020/12,7492899
(주)노랑풍선,104620,2020/12,19909527
(주)노루페인트,090350,2020/12,555014018
(주)노루홀딩스,000320,2020/12,19068606
(주)노바렉스,194700,2020/12,222802950
(주)노바텍,285490,2020/12,18916560
(주)노블엠앤비,106520,2020/12,28569010
(주)노터스,278650,2020/12,43575919
(주)녹십자,006280,2020/12,1227760622
(주)녹십자엠에스,142280,2020/12,110990703
(주)녹십자웰빙,234690,2020/12,75603023
(주)녹십자홀딩스,005250,2020/12,78784539
(주)녹원씨엔아이,065560,2020/12,16813117
(주)농심,004370,2020/12,2105700159
(주)농심홀딩스,072710,2020/12,19291130
(주)누리플랜,069140,2020/12,37510223
(주)누리플렉스,040160,2020/12,67365453
(주)누보,332290,2020/12,
(주)뉴로메카,348340,2020/12,4065683
(주)뉴보텍,060260,2020/12,42438537
(주)뉴인텍,012340,2020/12,47851644
(주)뉴트리,270870,2020/12,171098418
(주)뉴파워프라즈마,144960,2020/12,82235070
(주)뉴프렉스,085670,2020/12,157437071
(주)다나와,119860,2020/12,161055951
(주)다날,064260,2020/12,195200999
(주)다보링크,340360,2020/12,
(주)다산네트웍스,039560,2020/12,31679533
(주)다우기술,023590,2020/12,246162182
(주)다우데이타,032190,2020/12,199691975
(주)다원시스,068240,2020/12,247510124
(주)다이나믹디자인,145210,2020/12,42506006
(주)대교,019680,2020/12,586646476
(주)대구백화점,006370,2020/12,85152399
(주)대덕,008060,2020/12,5792605
(주)대동,000490,2020/12,637484640
(주)대동스틸,048470,2020/12,106357816
(주)대륙제관,004780,2020/12,212221659
(주)대림제지,017650,2020/12,128736850
(주)대명소노시즌,007720,2020/12,129378712
(주)대성미생물연구소,036480,2020/12,24800990
(주)대성엘텍,025440,2020/12,292571859
(주)대성파인텍,104040,2020/12,32087599
(주)대성하이텍,129920,2020/12,72653221
(주)대양금속,009190,2020/12,140495484
(주)대우건설,047040,2020/12,7637255921
(주)대웅,003090,2020/12,87608403
(주)대웅제약,069620,2020/12,944751591
(주)대원,007680,2020/12,146057601
(주)대유,290380,2020/12,33635811
(주)대유에이텍,002880,2020/12,370576442
(주)대유에이피,290120,2020/12,136360854
(주)대유플러스,000300,2020/12,104126789
(주)대창,012800,2020/12,421320232
(주)대창솔루션,096350,2020/12,25432584
(주)대창스틸,140520,2020/12,169289802
(주)대한과학,131220,2020/12,41678754
(주)대한항공,003490,2020/12,7405005608
(주)대현,016090,2020/12,253198946
(주)대호에이엘,069460,2020/12,121426442
(주)대호특수강,021040,2020/12,141665479
(주)더 미동,161570,2020/12,26280773
(주)더네이쳐홀딩스,298540,2020/12,290419789
(주)더블유게임즈,192080,2020/12,238873234
(주)더블유아이,073570,2020/12,25375540
(주)더블유에스아이,299170,2020/12,26097617
(주)더존비즈온,012510,2020/12,303185154
(주)더코디,224060,2020/12,27963850
(주)덕산테코피아,317330,2020/12,78379152
(주)덕성,004830,2020/12,107264884
(주)덕신하우징,090410,2020/12,119512159
(주)데이타솔루션,263800,2020/12,92734563
(주)덱스터스튜디오,206560,2020/12,24094571
(주)덴티스,261200,2020/12,41479000
(주)덴티움,145720,2020/12,178843414
(주)도화엔지니어링,002150,2020/12,609393391
(주)동구바이오제약,006620,2020/12,139215814
(주)동국알앤에스,075970,2020/12,63878507
(주)동국에스엔씨,100130,2020/12,161229429
(주)동남합성,023450,2020/12,124928328
(주)동방,004140,2020/12,555088411
(주)동방선기,099410,2020/12,21554995
(주)동방아그로,007590,2020/12,128960896
(주)동서,026960,2020/12,441093215
(주)동성케미컬,102260,2020/12,212657671
(주)동성화인텍,033500,2020/12,387128790
(주)동아엘텍,088130,2020/12,89154531
(주)동아지질,028100,2020/12,314647747
(주)동양,001520,2020/12,444361324
(주)동양고속,084670,2020/12,83398986
(주)동양에스텍,060380,2020/12,136641986
(주)동우팜투테이블,088910,2020/12,276146582
(주)동운아나텍,094170,2020/12,70719106
(주)동원개발,013120,2020/12,630615658
(주)동원에프앤비,049770,2020/12,1781268266
(주)동일기연,032960,2020/12,24725928
(주)동진쎄미켐,005290,2020/12,679978836
(주)두산,000150,2020/12,1549335936
(주)두산테스나,131970,2020/12,132518902
(주)두올,016740,2020/12,236980269
(주)듀오백,073190,2020/12,43211585
(주)드래곤플라이,030350,2020/12,4169240
(주)드림시큐리티,203650,2020/12,24874760
(주)드림씨아이에스,223250,2020/12,23489322
(주)드림어스컴퍼니,060570,2020/12,221815310
(주)드림텍,192650,2020/12,401396072
(주)디딤,217620,2020/12,78228967
(주)디모아,016670,2020/12,4890555
(주)디바이스이엔지,187870,2020/12,126172727
(주)디비아이엔씨,012030,2020/12,224893354
(주)디스플레이테크,066670,2020/12,36225203
(주)디아이,003160,2020/12,101864284
(주)디아이씨,092200,2020/12,351403612
(주)디아크,078590,2020/12,37467855
(주)디알비동일,004840,2020/12,108822399
(주)디알젬,263690,2020/12,105933483
(주)디알텍,214680,2020/12,47663845
(주)디앤씨미디어,263720,2020/12,55063661
(주)디어유,376300,2020/12,13047733
(주)디에스앤엘,141020,2020/12,0
(주)디에스케이,109740,2020/12,32090737
(주)디에이테크놀로지,196490,2020/12,33373145
(주)디에이피,066900,2020/12,301339709
(주)디엔에이링크,127120,2020/12,13812934
(주)디엔에프,092070,2020/12,83155225
(주)디엔오토모티브,007340,2020/12,167727790
(주)디엠에스,068790,2020/12,223494762
(주)디오,039840,2020/12,77005576
(주)디와이디,219550,2020/12,30388158
(주)디이엔티,079810,2020/12,22807840
(주)디지아이,043360,2020/12,15466089
(주)디지캡,197140,2020/12,15675193
(주)디지털대성,068930,2020/12,100643066
(주)디지틀조선일보,033130,2020/12,28389383
(주)디케이앤디,263020,2020/12,37512328
(주)디케이티,290550,2020/12,134497053
(주)디티앤씨,187220,2020/12,43482580
(주)딜리,131180,2020/12,27574173
(주)딥노이드,315640,2020/12,1039945
(주)라닉스,317120,2020/12,9127006
(주)라온테크,232680,2020/12,18399628
(주)라이온켐텍,171120,2020/12,132570839
(주)라이트론,069540,2020/12,17240472
(주)라이프시맨틱스,347700,2020/12,2665429
(주)라파스,214260,2020/12,14810931
(주)락앤락,115390,2020/12,213217340
(주)래몽래인,200350,2020/12,34649031
(주)랩지노믹스,084650,2020/12,119368629
(주)러셀,217500,2020/12,29129701
(주)레고켐바이오사이언스,141080,2020/12,49393702
(주)레드캡투어,038390,2020/12,223607042
(주)레몬,294140,2020/12,80146793
(주)레이,228670,2020/12,47098331
(주)레이언스,228850,2020/12,87104380
(주)레이크머티리얼즈,281740,2020/12,46500976
(주)레인보우로보틱스,277810,2020/12,5426967
(주)로보로보,215100,2020/12,4386164
(주)로보스타,090360,2020/12,130207961
(주)로보티즈,108490,2020/12,17014598
(주)로지시스,067730,2020/12,32853347
(주)루닛,328130,2020/12,1430042
(주)루멘스,038060,2020/12,135925054
(주)루트로닉,085370,2020/12,91877576
(주)룽투코리아,060240,2020/12,51380810
(주)리노스,039980,2020/12,85635009
(주)리더스코스메틱,016100,2020/12,32439834
(주)리드코프,012700,2020/12,321046580
(주)리메드,302550,2020/12,16633019
(주)리파인,377450,2020/12,54163513
(주)링네트,042500,2020/12,146692148
(주)링크제니시스,219420,2020/12,12855273
(주)마니커,027740,2020/12,215406025
(주)마니커에프앤지,195500,2020/12,92297704
(주)마이크로디지탈,305090,2020/12,2290187
(주)마이크로컨텍솔루션,098120,2020/12,38530109
(주)마이크로프랜드,147760,2020/12,51025387
(주)마인즈랩,377480,2020/12,8285546
(주)마크로젠,038290,2020/12,90534090
(주)매직마이크로,127160,2020/12,17121982
(주)매커스,093520,2020/12,80180784
(주)맥스트,377030,2020/12,1982672
(주)머큐리,100590,2020/12,117810009
(주)멀티캠퍼스,067280,2020/12,250840574
(주)메드팩토,235980,2020/12,0
(주)메디아나,041920,2020/12,67137354
(주)메디콕스,054180,2020/12,16190178
(주)메디톡스,086900,2020/12,123329298
(주)메디프론디비티,065650,2020/12,31414836
(주)메지온,140410,2020/12,28634181
(주)메카로,241770,2020/12,71443494
(주)메타랩스,090370,2020/12,23795590
(주)메타바이오메드,059210,2020/12,41840591
(주)멕아이씨에스,058110,2020/12,64051626
(주)멜파스,096640,2020/12,50235710
(주)모나리자,012690,2020/12,117130876
(주)모나미,005360,2020/12,93093344
(주)모다이노칩,080420,2020/12,136405449
(주)모두투어네트워크,080160,2020/12,42691971
(주)모베이스,101330,2020/12,15785013
(주)모베이스전자,012860,2020/12,607684483
(주)모비데이즈,363260,2020/12,
(주)모비릭스,348030,2020/12,43726832
(주)모비스,250060,2020/12,771870
(주)모아데이타,288980,2020/12,13785094
(주)모아텍,033200,2021/03,26307393
(주)모토닉,009680,2020/12,178557667
(주)모헨즈,006920,2020/12,31728551
(주)무학,033920,2020/12,136005294
(주)미래생명자원,218150,2020/12,32095122
(주)미래아이앤지,007120,2020/12,5772566
(주)미래컴퍼니,049950,2020/12,54225570
(주)미코,059090,2020/12,46650153
(주)미코바이오메드,214610,2020/12,45721879
(주)미투온,201490,2020/12,17080207
(주)바른손이앤에이,035620,2020/12,11461637
(주)바른전자,064520,2020/12,22919822
(주)바이넥스,053030,2020/12,132968914
(주)바이브컴퍼니,301300,2020/12,25571167
(주)바이오니아,064550,2020/12,158174270
(주)바이오다인,314930,2020/12,3670995
(주)바이오로그디바이스,208710,2020/12,73370441
(주)바이오솔루션,086820,2020/12,7744193
(주)바이오스마트,038460,2020/12,60085793
(주)바이오에프디엔씨,251120,2020/12,8639743
(주)바이오톡스텍,086040,2020/12,25403842
(주)바텍,043150,2020/12,153217922
(주)박셀바이오,323990,2020/12,0
(주)배럴,267790,2020/12,25895651
(주)백금티앤에이,046310,2020/12,50621799
(주)백산,035150,2020/12,204721912
(주)버킷스튜디오,066410,2020/12,23256432
(주)베노홀딩스,206400,2020/12,9431130
(주)베셀,177350,2020/12,68728264
(주)베스파,299910,2020/12,66101055
(주)벽산,007210,2020/12,268645240
(주)보광산업,225530,2020/12,56898164
(주)보라티알,250000,2020/12,44163797
(주)보락,002760,2020/12,38292697
(주)보령,003850,2020/12,541445422
(주)본느,226340,2020/12,24435448
(주)부-스타,008470,2020/12,100596491
(주)부방,014470,2020/12,4886124
(주)뷰노,338220,2020/12,1257219
(주)뷰웍스,100120,2020/12,147531395
(주)브랜드엑스코퍼레이션,337930,2020/12,120908210
(주)브리지텍,064480,2020/12,44325950
(주)브이씨,365900,2020/12,35363581
(주)브이원텍,251630,2020/12,30444728
(주)브이티지엠피,018290,2020/12,105877069
(주)블루베리엔에프티,044480,2020/12,11798511
(주)블루콤,033560,2020/12,54244802
(주)블리츠웨이,369370,2020/12,
(주)비덴트,121800,2020/12,10707277
(주)비보존헬스케어,082800,2020/12,28164870
(주)비비안,002070,2020/12,165673919
(주)비상교육,100220,2020/12,142791259
(주)비스토스,419540,2020/12,17969435
(주)비씨월드제약,200780,2020/12,57425318
(주)비아트론,141000,2020/12,91302070
(주)비에이치,090460,2020/12,323300322
(주)비엔지티,032790,2020/12,13982082
(주)비엘,142760,2020/12,15527031
(주)비엘팜텍,065170,2020/12,28316168
(주)비엠티,086670,2020/12,88157117
(주)비올,335890,2020/12,12154328
(주)비와이씨,001460,2020/12,160911486
(주)비즈니스온커뮤니케이션,138580,2020/12,16223248
(주)비지에프,027410,2020/12,51633111
(주)비지에프리테일,282330,2020/12,6167808904
(주)비츠로셀,082920,2020/12,112282194
(주)비츠로시스,054220,2021/03,3656597
(주)비츠로테크,042370,2020/12,37813211
(주)비케이홀딩스,050090,2020/12,10109534
(주)비투엔,307870,2020/12,
(주)비트나인,357880,2020/12,10986327
(주)비트컴퓨터,032850,2020/12,35750730
(주)비피도,238200,2020/12,12300222
(주)빅솔론,093190,2020/12,65999606
(주)빅텍,065450,2020/12,67286854
(주)빙그레,005180,2020/12,907529455
(주)사람인에이치알,143240,2020/12,68196343
(주)사조대림,003960,2020/12,1086176649
(주)사조오양,006090,2020/12,327621185
(주)산돌,419120,2020/12,9878795
(주)삼기,122350,2020/12,326094389
(주)삼보판지,023600,2020/12,175035219
(주)삼성출판사,068290,2020/12,56763601
(주)삼양사,145990,2020/12,1524770095
(주)삼양옵틱스,225190,2020/12,38577205
(주)삼양패키징,272550,2020/12,367569271
(주)삼양홀딩스,000070,2020/12,114140468
(주)삼에스코리아,060310,2021/03,21999630
(주)삼영에스앤씨,361670,2020/12,13557858
(주)삼원강재,023000,2020/12,245989279
(주)삼익악기,002450,2020/12,107889218
(주)삼일,032280,2020/12,83449244
(주)삼일기업공사,002290,2020/12,64691731
(주)삼일씨엔에스,004440,2020/12,186070865
(주)삼진,032750,2020/12,117133071
(주)삼진엘앤디,054090,2020/12,65093040
(주)삼천리,004690,2020/12,2394992384
(주)삼표시멘트,038500,2020/12,535842465
(주)삼화네트웍스,046390,2020/12,27890278
(주)상보,027580,2020/12,57210108
(주)상상인,038540,2020/12,97548648
(주)상상인인더스트리,101000,2020/12,27890453
(주)상아프론테크,089980,2020/12,109742451
(주)상지카일룸,042940,2020/12,17160040
(주)새로닉스,042600,2020/12,62731194
(주)새빗켐,107600,2020/12,20967013
(주)샘씨엔에스,252990,2020/12,35942187
(주)샤페론,378800,2020/12,0
(주)서남,294630,2020/12,1404478
(주)서린바이오사이언스,038070,2020/12,60880234
(주)서부티엔디,006730,2020/12,84104627
(주)서산,079650,2020/12,21931127
(주)서연,007860,2020/12,13027764
(주)서연이화,200880,2020/12,1024103476
(주)서연탑메탈,019770,2020/12,136822308
(주)서울리거,043710,2020/12,13302253
(주)서울옥션,063170,2020/12,27066754
(주)서울제약,018680,2020/12,52231917
(주)서원,021050,2020/12,194683744
(주)서원인텍,093920,2020/12,118073906
(주)서전기전,189860,2020/12,61377267
(주)서진시스템,178320,2020/12,58598807
(주)서진오토모티브,122690,2020/12,130756141
(주)서플러스글로벌,140070,2020/12,112206822
(주)서한,011370,2020/12,485236331
(주)서흥,008490,2020/12,386222751
(주)서희건설,035890,2020/12,1258385234
(주)석경에이티,357550,2020/12,6655255
(주)선광,003100,2020/12,77812756
(주)선앤엘,002820,2020/12,192982509
(주)선익시스템,171090,2020/12,65079015
(주)선진,136490,2020/12,929636829
(주)성광벤드,014620,2020/12,168177168
(주)성도이엔지,037350,2020/12,339389862
(주)성안,011300,2020/12,29612649
(주)성우하이텍,015750,2020/12,1152011182
(주)성창오토텍,080470,2020/12,71766524
(주)세경하이테크,148150,2020/12,101642753
(주)세동,053060,2020/12,109841713
(주)세림비앤지,340440,2020/12,
(주)세보엠이씨,011560,2020/12,638235326
(주)세아메카닉스,396300,2020/12,82694740
(주)세아베스틸지주,001430,2020/12,1394364933
(주)세아제강,306200,2020/12,1150466165
(주)세아제강지주,003030,2020/12,13300320
(주)세아특수강,019440,2020/12,471793047
(주)세아홀딩스,058650,2020/12,71490184
(주)세우글로벌,013000,2020/12,27452348
(주)세운메디칼,100700,2020/12,61384361
(주)세원물산,024830,2020/12,155789892
(주)세이브존아이앤씨,067830,2020/12,134723062
(주)세종메디칼,258830,2020/12,13993481
(주)세중,039310,2020/12,2926416
(주)세진중공업,075580,2020/12,267295950
(주)세진티에스,067770,2020/12,18670876
(주)세코닉스,053450,2020/12,310806161
(주)세토피아,222810,2020/12,8043121
(주)세화피앤씨,252500,2020/12,36598990
(주)센코,347000,2020/12,20125978
(주)센트랄모텍,308170,2020/12,231860590
(주)센트럴인사이트,012600,2020/12,28087427
(주)셀레믹스,331920,2020/12,5265264
(주)셀루메드,049180,2020/12,16535705
(주)셀리드,299660,2020/12,0
(주)셀리버리,268600,2020/12,761573
(주)셀바스에이아이,108860,2020/12,13673080
(주)셀바스헬스케어,208370,2020/12,19505758
(주)셀트리온,068270,2020/12,1689786997
(주)셀트리온제약,068760,2020/12,233568478
(주)셀트리온헬스케어,091990,2020/12,2116978046
(주)셀피글로벌,068940,2020/12,27667336
(주)소룩스,290690,2020/12,57630615
(주)소마젠,950200,2020/12,19005866
(주)소프트센,032680,2020/12,47614801
(주)손오공,066910,2020/12,81661930
(주)솔고바이오메디칼,043100,2020/12,16668134
(주)솔루에타,154040,2020/12,46433286
(주)솔루엠,248070,2020/12,745788442
(주)솔본,035610,2020/12,3540875
(주)솔트룩스,304100,2020/12,19328595
(주)쇼박스,086980,2020/12,46686264
(주)수산아이앤티,050960,2020/12,18063958
(주)수산인더스트리,126720,2020/12,174160141
(주)수산중공업,017550,2020/12,56155266
(주)수젠텍,253840,2020/12,41351848
(주)슈프리마,236200,2020/12,55439923
(주)슈프리마아이디,317770,2020/12,8238566
(주)슈프리마에이치큐,094840,2020/12,17680996
(주)슈피겐코리아,192440,2020/12,241905028
(주)스마트솔루션즈,136510,2020/12,13635111
(주)스맥,099440,2020/12,108462425
(주)스카이문스테크놀로지,033790,2020/12,25067702
(주)스코넥엔터테인먼트,276040,2020/12,4558263
(주)스킨앤스킨,159910,2020/12,26287208
(주)스타플렉스,115570,2020/12,57211977
(주)스튜디오산타클로스엔터테인먼트,204630,2020/12,14977004
(주)스페코,013810,2020/12,29287743
(주)승일,049830,2020/12,132798716
(주)시공테크,020710,2020/12,96247497
(주)시너지이노베이션,048870,2020/12,20602617
(주)시노펙스,025320,2020/12,84152068
(주)시디즈,134790,2020/12,227490312
(주)시스웍,269620,2020/12,18772443
(주)시큐브,131090,2020/12,14714020
(주)시티랩스,139050,2020/12,20485948
(주)신도기연,290520,2020/12,41261031
(주)신도리코,029530,2020/12,322076518
(주)신성이엔지,011930,2020/12,366980012
(주)신세계,004170,2020/12,1459802056
(주)신세계아이앤씨,035510,2020/12,480307842
(주)신세계인터내셔날,031430,2020/12,1211404312
(주)신세계푸드,031440,2020/12,1226180219
(주)신영와코루,005800,2020/12,177639797
(주)신원,009270,2020/12,690237640
(주)신진에스엠,138070,2020/12,35385842
(주)신테카바이오,226330,2020/12,609677
(주)신화다이나믹스,001770,2020/12,77326955
(주)신화콘텍,187270,2020/12,38032867
(주)신흥,004080,2020/12,116613943
(주)실리콘투,257720,2020/12,93491685
(주)심텍,222800,2020/12,1030768857
(주)심텍홀딩스,036710,2020/12,4256048
(주)싸이맥스,160980,2020/12,159710283
(주)싸이버원,356890,2020/12,20600081
(주)싸이토젠,217330,2020/12,642669
(주)쌍방울,102280,2020/12,89571693
(주)썸에이지,208640,2020/12,7217692
(주)쎄노텍,222420,2020/12,23408470
(주)쎄니트,037760,2020/12,54573292
(주)쎄트렉아이,099320,2020/12,81736208
(주)쎌마테라퓨틱스,015540,2020/12,9627738
(주)쎌바이오텍,049960,2020/12,42743208
(주)쏘카,403550,2020/12,259751856
(주)쏠리드,050890,2020/12,128417789
(주)씨씨에스충북방송,066790,2020/12,19273924
(주)씨아이테크,004920,2020/12,16542963
(주)씨앤씨인터내셔널,352480,2020/12,86293203
(주)씨앤투스성진,352700,2020/12,148168803
(주)씨에스,065770,2020/12,42958085
(주)씨에스에이코스믹,083660,2020/12,45590133
(주)씨엔알리서치,359090,2020/12,
(주)씨엔플러스,115530,2020/12,18076593
(주)씨유메디칼시스템,115480,2020/12,23332013
(주)씨이랩,189330,2020/12,11162209
(주)씨제이이엔엠,035760,2020/12,2718282265
(주)씨젠,096530,2020/12,1068569150
(주)씨티씨바이오,060590,2020/12,98624269
(주)씨티케이,260930,2020/12,90364258
(주)아가방앤컴퍼니,013990,2020/12,119561393
(주)아나패스,123860,2020/12,100955537
(주)아난티,025980,2020/12,59133612
(주)아리온테크놀로지,058220,2020/12,553412
(주)아모그린텍,125210,2020/12,111773856
(주)아모레퍼시픽,090430,2020/12,3016950983
(주)아모레퍼시픽그룹,002790,2020/12,52397913
(주)아모센스,357580,2020/12,43612305
(주)아모텍,052710,2020/12,206700966
(주)아미노로직스,074430,2020/12,17650767
(주)아바코,083930,2020/12,199782044
(주)아바텍,149950,2020/12,75726669
(주)아센디오,012170,2020/12,14999260
(주)아셈스,136410,2020/12,25756511
(주)아스타,246720,2020/12,873083
(주)아스트,067390,2020/12,52807401
(주)아스플로,159010,2020/12,44784379
(주)아시아경제,127710,2020/12,39098479
(주)아우딘퓨쳐스,227610,2020/12,38714862
(주)아이디스,143160,2020/12,148204029
(주)아이디스홀딩스,054800,2020/12,7149631
(주)아이마켓코리아,122900,2020/12,2079858141
(주)아이비김영,339950,2020/12,45257135
(주)아이센스,099190,2020/12,171305246
(주)아이스크림에듀,289010,2020/12,115520448
(주)아이씨디,040910,2020/12,293846913
(주)아이씨에이치,368600,2020/12,16407923
(주)아이앤씨테크놀로지,052860,2020/12,21521067
(주)아이에스시,095340,2020/12,116524220
(주)아이에스이커머스,069920,2020/12,20766745
(주)아이에이,038880,2020/12,45467368
(주)아이에이치큐,003560,2020/12,79481871
(주)아이엘사이언스,307180,2020/12,15402733
(주)아이엠,101390,2020/12,21368085
(주)아이엠비씨,052220,2020/12,34996054
(주)아이오케이컴퍼니,078860,2020/12,20968142
(주)아이윈,090150,2020/12,81603990
(주)아이윈플러스,123010,2020/12,8052983
(주)아이즈비전,031310,2020/12,17455706
(주)아이컴포넌트,059100,2020/12,29117321
(주)아이퀘스트,262840,2020/12,15270479
(주)아이톡시,052770,2020/12,8491880
(주)아이티센,124500,2020/12,119508293
(주)아이티아이즈,372800,2020/12,51313533
(주)아이티엑스에이아이,099520,2020/12,31498814
(주)아이티엠반도체,084850,2020/12,359031037
(주)아이패밀리에스씨,114840,2020/12,79218233
(주)아즈텍더블유비이,032080,2020/12,36046351
(주)아진엑스텍,059120,2020/12,22649907
(주)아톤,158430,2020/12,24287266
(주)아프리카티비,067160,2020/12,186974363
(주)안랩,053800,2020/12,172627484
(주)안트로젠,065660,2020/12,4151233
(주)알로이스,297570,2020/12,25624535
(주)알루코,001780,2020/12,233612928
(주)알비더블유,361570,2020/12,35406268
(주)알에프세미,096610,2020/12,32460844
(주)알에프텍,061040,2020/12,96788344
(주)알엔투테크놀로지,148250,2020/12,23849146
(주)알체라,347860,2020/12,4562854
(주)알테오젠,196170,2020/12,26211819
(주)알톤스포츠,123750,2020/12,43593720
(주)알티캐스트,085810,2020/12,23967144
(주)알파홀딩스,117670,2020/12,61385700
(주)압타머사이언스,291650,2020/12,228506
(주)애니플러스,310200,2020/12,11219037
(주)애드바이오텍,179530,2020/12,9855191
(주)액션스퀘어,205500,2020/12,6334978
(주)액토즈소프트,052790,2020/12,44223640
(주)액트로,290740,2020/12,32919405
(주)앤디포스,238090,2020/12,62477952
(주)앤씨앤,092600,2020/12,80885910
(주)앱코,129890,2020/12,153173603
(주)야스,255440,2020/12,54934577
(주)어스앤에어로스페이스,263540,2020/12,16801152
(주)얼라인드제네틱스,238120,2020/12,6939147
(주)에너토크,019990,2020/12,22757589
(주)에넥스,011090,2020/12,231275141
(주)에스디생명공학,217480,2020/12,100635375
(주)에스디시스템,121890,2020/12,22592326
(주)에스비비테크,389500,2020/12,6606806
(주)에스비에스,034120,2020/12,756841751
(주)에스비에스콘텐츠허브,046140,2020/12,139394572
(주)에스씨디,042110,2020/12,176806937
(주)에스아이리소스,065420,2020/12,13425933
(주)에스앤더블류,103230,2020/12,33495872
(주)에스앤디,260970,2020/12,56537327
(주)에스앤에스텍,101490,2020/12,87374363
(주)에스에너지,095910,2020/12,165375234
(주)에스에스알,275630,2020/12,10339381
(주)에스에이엠티,031330,2020/12,1240458342
(주)에스에이티,060540,2020/12,16717382
(주)에스에이티이엔지,351320,2020/12,
(주)에스에프에이,056190,2020/12,835408571
(주)에스에프에이반도체,036540,2020/12,543233664
(주)에스엘바이오닉스,214310,2020/12,28633745
(주)에스엠라이프디자인그룹,063440,2020/12,25072356
(주)에스엠벡셀,010580,2020/12,70710479
(주)에스엠엔터테인먼트,041510,2020/12,302601884
(주)에스엠컬처앤콘텐츠,048550,2020/12,130340367
(주)에스엠코어,007820,2020/12,104035816
(주)에스원,012750,2020/12,2189076458
(주)에스제이그룹,306040,2020/12,92039016
(주)에스제이엠,123700,2020/12,59079959
(주)에스제이엠홀딩스,025530,2020/12,4242486
(주)에스지글로벌,001380,2020/12,80058079
(주)에스지세계물산,004060,2020/12,166834407
(주)에스지엔지,040610,2020/12,40389408
(주)에스코넥,096630,2020/12,39784067
(주)에스텍파마,041910,2020/12,61102371
(주)에스티아이,039440,2020/12,260178866
(주)에스티오,098660,2020/12,68274443
(주)에스티큐브,052020,2020/12,10121806
(주)에스폴리텍,050760,2020/12,135169595
(주)에스피시스템스,317830,2020/12,28461763
(주)에스피씨삼립,005610,2020/12,1265460902
(주)에스피지,058610,2020/12,225915823
(주)에쎈테크,043340,2020/12,50019264
(주)에이디칩스,054630,2020/12,20187929
(주)에이디테크놀로지,200710,2020/12,279705838
(주)에이루트,096690,2020/12,20862301
(주)에이블씨엔씨,078520,2020/12,225578133
(주)에이비프로바이오,195990,2020/12,24998301
(주)에이스침대,003800,2020/12,289067140
(주)에이스테크놀로지,088800,2020/12,133755381
(주)에이스토리,241840,2020/12,22095888
(주)에이엔피,015260,2020/12,82078262
(주)에이치비테크놀러지,078150,2020/12,243262950
(주)에이치시티,072990,2020/12,51156650
(주)에이치알에스,036640,2020/12,64996452
(주)에이치앤비디자인,227100,2020/12,39424924
(주)에이치엘사이언스,239610,2020/12,143035985
(주)에이치와이티씨,148930,2020/12,21306042
(주)에이치케이,044780,2020/12,48429047
(주)에이치피에스피,403870,2020/12,61174375
(주)에이치피오,357230,2020/12,103795726
(주)에이텍,045660,2020/12,98158276
(주)에이텍티앤,224110,2020/12,26675615
(주)에이트원,230980,2020/12,6850460
(주)에이티세미콘,089530,2020/12,126968145
(주)에이팩트,200470,2020/12,49630032
(주)에이프로,262260,2020/12,48648936
(주)에이프로젠,007460,2020/12,72536685
(주)에이프로젠헬스케어앤게임즈,109960,2020/12,10493327
(주)에이프릴바이오,397030,2020/12,0
(주)에이플러스에셋어드바이저,244920,2020/12,244048413
(주)에치에프알,230240,2020/12,72239823
(주)에코마케팅,230360,2020/12,56182434
(주)에코프로,086520,2020/12,101777272
(주)에코프로비엠,247540,2020/12,855210355
(주)에프알텍,073540,2020/12,24256680
(주)에프앤가이드,064850,2020/12,21071977
(주)에프앤리퍼블릭,064090,2020/12,32137066
(주)에프앤에프홀딩스,007700,2020/12,803490624
(주)에프에스엔,214270,2020/12,32380407
(주)에프에스티,036810,2020/12,162731463
(주)에프엔씨엔터테인먼트,173940,2020/12,52138125
(주)엑사이엔씨,054940,2020/12,142310932
(주)엑서지21,043090,2020/12,4588064
(주)엑세스바이오인코퍼레이션,950130,2020/12,108818913
(주)엑셈,205100,2020/12,28992946
(주)엑시콘,092870,2020/12,67418497
(주)엔바이오니아,317870,2020/12,8190363
(주)엔비티,236810,2020/12,44169234
(주)엔시스,333620,2020/12,36387319
(주)엔씨소프트,036570,2020/12,2242430937
(주)엔아이스틸,008260,2020/12,192571841
(주)엔에스,217820,2020/12,60343445
(주)엔에스엔,031860,2020/12,11133326
(주)엔에이치엔벅스,104200,2020/12,67746663
(주)엔에프씨,265740,2020/12,33276430
(주)엔이능률,053290,2020/12,75363857
(주)엔젠바이오,354200,2020/12,2479277
(주)엔지스테크널러지,208860,2020/12,3010695
(주)엔지켐생명과학,183490,2020/12,25818433
(주)엔케이,085310,2020/12,69334510
(주)엔케이맥스,182400,2020/12,9326065
(주)엔켐,348370,2020/12,137185577
(주)엔텔스,069410,2020/12,55531969
(주)엔피,291230,2020/12,
(주)엔피디,198080,2020/12,136121973
(주)엔피케이,048830,2020/12,58089391
(주)엘디티,096870,2020/12,12086538
(주)엘비루셈,376190,2020/12,209770316
(주)엘아이에스,138690,2020/12,205912829
(주)엘앤씨바이오,290650,2020/12,27877847
(주)엘앤에프,066970,2020/12,355967911
(주)엘앤케이바이오메드,156100,2020/12,19028637
(주)엘에스,006260,2020/12,165747000
(주)엘에스네트웍스,000680,2020/12,179429717
(주)엘에프,093050,2020/12,1115869526
(주)엘엑스세미콘,108320,2020/12,1161896286
(주)엘엑스세미콘,108320,2020/12,1161896286
(주)엘엑스인터내셔널,001120,2020/12,3258240041
(주)엘엑스하우시스,108670,2020/12,2596510000
(주)엘엠에스,073110,2020/12,92102562
(주)엘오티베큠,083310,2020/12,164960766
(주)엘지,003550,2020/12,1016202000
(주)엘지생활건강,051900,2020/12,4418256992
(주)엘지에너지솔루션,373220,2020/12,632954000
(주)엘지유플러스,032640,2020/12,12352879000
(주)엘지헬로비전,037560,2020/12,1056007269
(주)엘지화학,051910,2020/12,20830009000
(주)엠게임,058630,2020/12,42215823
(주)엠디에스테크,086960,2020/12,104466090
(주)엠로,058970,2020/12,40302325
(주)엠씨넥스,097520,2020/12,1165038768
(주)엠아이텍,179290,2020/12,40203174
(주)엠에스씨,009780,2020/12,145252776
(주)엠에스오토텍,123040,2020/12,229456558
(주)엠투아이코퍼레이션,347890,2020/12,33222849
(주)엠투엔,033310,2020/12,21403062
(주)엠플러스,259630,2020/12,158540805
(주)엠피대산,065150,2020/12,46747521
(주)엠피씨플러스,050540,2020/12,110690814
(주)연우,115960,2020/12,245653008
(주)연이비앤티,090740,2020/12,5457365
(주)영림원소프트랩,060850,2020/12,43811574
(주)영우디에스피,143540,2020/12,101611716
(주)영원무역,111770,2020/12,1140634941
(주)영원무역홀딩스,009970,2020/12,24236332
(주)영풍,000670,2020/12,1233370463
(주)영흥,012160,2020/12,186389542
(주)예림당,036000,2020/12,16701706
(주)예선테크,250930,2020/12,19117338
(주)예스코홀딩스,015360,2020/12,18004000
(주)예스티,122640,2020/12,63474902
(주)오공,045060,2020/12,57221578
(주)오디텍,080520,2020/12,37085721
(주)오뚜기,007310,2020/12,2305213296
(주)오로스테크놀로지,322310,2020/12,17537288
(주)오르비텍,046120,2020/12,47522413
(주)오리엔탈정공,014940,2020/12,69049057
(주)오리엔트바이오,002630,2021/03,25191325
(주)오리엔트정공,065500,2020/12,50503039
(주)오리온,271560,2020/12,769223241
(주)오리온홀딩스,001800,2020/12,26051792
(주)오리콤,010470,2020/12,82968896
(주)오비고,352910,2020/12,11618381
(주)오스코텍,039200,2020/12,23409943
(주)오스테오닉,226400,2020/12,12614551
(주)오스템,031510,2020/12,106707546
(주)오에스피,368970,2020/12,15566712
(주)오이솔루션,138080,2020/12,103171576
(주)오킨스전자,080580,2020/12,43140674
(주)오텍,067170,2020/12,135122820
(주)오파스넷,173130,2020/12,111973363
(주)오픈베이스,049480,2020/12,60405505
(주)오하임아이엔티,309930,2020/12,27805577
(주)옵투스제약,131030,2020/12,60826955
(주)옵트론텍,082210,2020/12,140224957
(주)옵티팜,153710,2020/12,13045854
(주)와이더플래닛,321820,2020/12,28799193
(주)와이비엠넷,057030,2020/12,52604367
(주)와이솔,122990,2020/12,185505932
(주)와이어블,065530,2020/12,88960417
(주)와이엔텍,067900,2020/12,99975458
(주)와이엠텍,273640,2020/12,17036669
(주)와이오엠,066430,2020/12,31802152
(주)와이제이엠게임즈,193250,2020/12,4642416
(주)와이즈버즈,273060,2020/12,12270204
(주)와이지-원,019210,2020/12,273249511
(주)와이지엔터테인먼트,122870,2020/12,153643086
(주)와이지플러스,037270,2020/12,70470966
(주)와이투솔루션,011690,2020/12,107392165
(주)와이티엔,040300,2020/12,126729817
(주)와이팜,332570,2020/12,37354123
(주)용평리조트,070960,2020/12,127150516
(주)우리기술,032820,2020/12,33130237
(주)우리넷,115440,2020/12,52351391
(주)우리로,046970,2020/12,97351105
(주)우성,006980,2020/12,349916550
(주)우신시스템,017370,2020/12,113377612
(주)우양,103840,2020/12,133059335
(주)우정바이오,215380,2020/12,37343960
(주)우주일렉트로닉스,065680,2020/12,194647226
(주)우진,105840,2020/12,39615475
(주)우진아이엔에스,010400,2020/12,140431201
(주)우진플라임,049800,2020/12,199854057
(주)웅진,016880,2020/12,160111865
(주)웅진씽크빅,095720,2020/12,632551724
(주)원림,005820,2020/12,38434353
(주)원바이오젠,307280,2020/12,0
(주)원방테크,053080,2020/12,162716871
(주)원익,032940,2020/12,46108309
(주)원익머트리얼즈,104830,2020/12,268589434
(주)원익아이피에스,240810,2020/12,1090819431
(주)원익큐브,014190,2020/12,192316296
(주)원익큐엔씨,074600,2020/12,236824290
(주)원익피앤이,131390,2020/12,118888428
(주)원익홀딩스,030530,2020/12,346741962
(주)원일특강,012620,2020/12,238843504
(주)원준,382840,2020/12,28986104
(주)원티드랩,376980,2020/12,14648005
(주)원풍,008370,2020/12,73605433
(주)월덱스,101160,2020/12,118013033
(주)웨이버스,336060,2020/12,
(주)웨이브일렉트로닉스,095270,2020/12,28209865
(주)웰크론,065950,2020/12,123679701
(주)웰크론한텍,076080,2020/12,200898086
(주)웹스,196700,2020/12,26842619
(주)웹젠,069080,2020/12,287993865
(주)위니아,071460,2020/12,596662225
(주)위니아에이드,377460,2020/12,418527072
(주)위닉스,044340,2020/12,362817545
(주)위드텍,348350,2020/12,54666372
(주)위메이드,112040,2020/12,35644129
(주)위메이드맥스,101730,2020/12,11297222
(주)위메이드플레이,123420,2020/12,90682832
(주)위세아이텍,065370,2020/12,24862449
(주)위스컴,024070,2020/12,94516833
(주)위지윅스튜디오,299900,2020/12,19488092
(주)위지트,036090,2020/12,29446990
(주)윈스,136540,2020/12,89255093
(주)윈팩,097800,2020/12,110094842
(주)윈하이텍,192390,2020/12,72822142
(주)윌링스,313760,2020/12,63238933
(주)윌비스,008600,2020/12,168285888
(주)유니드,014830,2020/12,566442618
(주)유니온,000910,2020/12,95684087
(주)유니온커뮤니티,203450,2020/12,43789956
(주)유니켐,011330,2020/12,117550682
(주)유니크,011320,2020/12,211725445
(주)유니테스트,086390,2020/12,113209218
(주)유니테크노,241690,2020/12,68634846
(주)유니트론텍,142210,2020/12,209700340
(주)유라테크,048430,2020/12,174335616
(주)유바이오로직스,206650,2020/12,28489676
(주)유비케어,032620,2020/12,100212405
(주)유비쿼스,264450,2020/12,110460865
(주)유비쿼스홀딩스,078070,2020/12,5996870
(주)유성티엔에스,024800,2020/12,243547805
(주)유수홀딩스,000700,2020/12,13876937
(주)유신,054930,2020/12,212258925
(주)유씨아이,038340,2020/12,8950191
(주)유아이디,069330,2020/12,28673460
(주)유에스티,263770,2020/12,50733874
(주)유유제약,000220,2020/12,81216971
(주)유일로보틱스,388720,2020/12,27952389
(주)유진로봇,056080,2020/12,24636973
(주)유진테크,084370,2020/12,160930675
(주)유테크,178780,2020/12,24318661
(주)유티아이,179900,2020/12,51373334
(주)유틸렉스,263050,2020/12,2036292
(주)유한양행,000100,2020/12,1567941075
(주)육일씨엔에쓰,191410,2020/12,27447280
(주)율호,072770,2020/12,60246213
(주)이건홀딩스,039020,2020/12,6977744
(주)이글루코퍼레이션,067920,2020/12,81421805
(주)이글벳,044960,2020/12,40356577
(주)이노룰스,296640,2020/12,10634043
(주)이노메트리,302430,2020/12,20494191
(주)이노션,214320,2020/12,324397021
(주)이노와이어리스,073490,2020/12,63212916
(주)이노인스트루먼트,215790,2020/12,6421154
(주)이노테라피,246960,2020/12,568191
(주)이녹스,088390,2020/12,8695684
(주)이녹스첨단소재,272290,2020/12,327751149
(주)이라이콤,041520,2020/12,208014703
(주)이랜시스,264850,2020/12,43648552
(주)이랜텍,054210,2020/12,137625198
(주)이루다,164060,2020/12,21030260
(주)이루온,065440,2020/12,21501699
(주)이마트,139480,2020/12,14213755650
(주)이미지스테크놀로지,115610,2020/12,17856445
(주)이브이수성,084180,2020/12,20678175
(주)이브이첨단소재,131400,2020/12,43842730
(주)이상네트웍스,080010,2020/12,23831505
(주)이수앱지스,086890,2020/12,25607265
(주)이수페타시스,007660,2020/12,335067412
(주)이수화학,005950,2020/12,943467231
(주)이스타코,015020,2020/12,5892498
(주)이스트소프트,047560,2020/12,23039537
(주)이씨에스텔레콤,067010,2021/03,74770793
(주)이아이디,093230,2020/12,77994442
(주)이엔드디,101360,2020/12,92319592
(주)이엔에프테크놀로지,102710,2020/12,405426292
(주)이엔코퍼레이션,066980,2020/12,13543024
(주)이엔플러스,074610,2020/12,25253145
(주)이엘피,063760,2020/12,25863911
(주)이엠넷,123570,2020/12,25443264
(주)이엠앤아이,083470,2020/12,4314810
(주)이엠텍,091120,2020/12,239472091
(주)이오테크닉스,039030,2020/12,306018089
(주)이원,017940,2020/12,3563455850
(주)이월드,084680,2020/12,131483805
(주)이즈미디어,181340,2020/12,21697105
(주)이지,037370,2020/12,42204065
(주)이지바이오,353810,2020/12,88123274
(주)이지트로닉스,377330,2020/12,15348581
(주)이지홀딩스,035810,2020/12,57000363
(주)이크레더블,092130,2020/12,41625441
(주)이퓨쳐,134060,2020/12,10738283
(주)인디에프,014990,2020/12,152427064
(주)인바디,041830,2020/12,71502122
(주)인바이오젠,101140,2020/12,10217712
(주)인산가,277410,2020/12,30588831
(주)인성정보,033230,2020/12,105395602
(주)인스코비,006490,2020/12,28795940
(주)인지디스플레이,037330,2020/12,271618913
(주)인지소프트,100030,2020/12,4664690
(주)인콘,083640,2020/12,50521118
(주)인터로조,119610,2020/12,87866596
(주)인터플렉스,051370,2020/12,248803864
(주)인텍플러스,064290,2020/12,56259572
(주)인텔리안테크놀로지스,189300,2020/12,93679648
(주)인트로메딕,150840,2020/12,5945899
(주)인트론바이오테크놀로지,048530,2020/12,45433157
(주)인팩,023810,2020/12,177827741
(주)인포마크,175140,2020/12,43505868
(주)인포바인,115310,2020/12,18684457
(주)인피니트헬스케어,071200,2020/12,36956067
(주)일승,333430,2020/12,
(주)일신바이오베이스,068330,2020/12,21035418
(주)일신석재,007110,2020/12,58742052
(주)일야,058450,2020/12,3131035
(주)일지테크,019540,2020/12,124138443
(주)일진파워,094820,2020/12,104992559
(주)잇츠한불,226320,2020/12,56565413
(주)잉크테크,049550,2020/12,44724583
(주)자비스,254120,2020/12,12275482
(주)자연과환경,043910,2020/12,29000331
(주)자이언트스텝,289220,2020/12,15535548
(주)장원테크,174880,2020/12,10814287
(주)저스템,417840,2020/12,43838796
(주)정다운,208140,2020/12,123887477
(주)정상제이엘에스,040420,2020/12,84038271
(주)정원엔시스,045510,2020/12,138330480
(주)제넥신,095700,2020/12,18543495
(주)제넨바이오,072520,2020/12,11845685
(주)제노레이,122310,2020/12,59415168
(주)제노코,361390,2020/12,34089086
(주)제노포커스,187420,2020/12,16716722
(주)제놀루션,225220,2020/12,85302770
(주)제닉,123330,2020/12,42142139
(주)제로투세븐,159580,2020/12,139580202
(주)제우스,079370,2020/12,212125124
(주)제이브이엠,054950,2020/12,100348623
(주)제이스텍,090470,2020/12,114448676
(주)제이시스메디칼,287410,2020/12,
(주)제이아이테크,417500,2020/12,19893358
(주)제이앤티씨,204270,2020/12,119772099
(주)제이에스코퍼레이션,194370,2020/12,161122598
(주)제이에스티나,026040,2020/12,59781522
(주)제이엘케이,322510,2020/12,4489991
(주)제이와이피엔터테인먼트,035900,2020/12,130009012
(주)제이웨이,058420,2020/12,5318343
(주)제이티,089790,2020/12,44608947
(주)제이티씨,950170,2021/02,14707534
(주)제일기획,030000,2020/12,870684464
(주)제일바이오,052670,2020/12,18999123
(주)제일테크노스,038010,2020/12,131437899
(주)제주반도체,080220,2020/12,110454753
(주)제주항공,089590,2020/12,374030898
(주)제테마,216080,2020/12,20659506
(주)젠큐릭스,229000,2020/12,1451901
(주)젬백스&카엘,082270,2020/12,65663215
(주)젬백스링크,064800,2020/12,93561526
(주)조비,001550,2020/12,73654579
(주)조이시티,067000,2020/12,164110311
(주)조흥,002600,2020/12,222604296
(주)종근당,185750,2020/12,1300544358
(주)종근당바이오,063160,2020/12,124318896
(주)종근당홀딩스,001630,2020/12,23561264
(주)좋은사람들,033340,2020/12,111683305
(주)주연테크,044380,2020/12,62660877
(주)중앙디앤엠,051980,2020/12,6179114
(주)중앙백신연구소,072020,2020/12,36317532
(주)중앙에너비스,000440,2020/12,53553150
(주)지노믹트리,228760,2020/12,1774188
(주)지놈앤컴퍼니,314130,2020/12,150581
(주)지누스,013890,2020/12,203704518
(주)지니뮤직,043610,2020/12,246967532
(주)지니틱스,303030,2020/12,40393272
(주)지란지교시큐리티,208350,2020/12,24593734
(주)지씨셀,144510,2020/12,79371951
(주)지아이텍,382480,2020/12,17189215
(주)지앤비에스엔지니어링,382800,2020/12,42391688
(주)지어소프트,051160,2020/12,54822256
(주)지에스,078930,2020/12,306286000
(주)지에스글로벌,001250,2020/12,2323734433
(주)지에스리테일,007070,2020/12,8569243340
(주)지에스이,053050,2020/12,120801424
(주)지엔씨에너지,119850,2020/12,117306252
(주)지엔코,065060,2020/12,82475272
(주)지오엘리먼트,311320,2020/12,13179767
(주)지투알,035000,2020/12,31903193
(주)지티지웰니스,219750,2020/12,17968287
(주)진도,088790,2020/12,54472264
(주)진로발효,018120,2020/12,99915382
(주)진매트릭스,109820,2020/12,15901382
(주)진바이오텍,086060,2020/12,24687789
(주)진성티이씨,036890,2020/12,201571072
(주)진시스템,363250,2020/12,13258238
(주)진양홀딩스,100250,2020/12,12919829
(주)진에어,272450,2020/12,271769078
(주)차바이오텍,085660,2020/12,26759597
(주)차백신연구소,261780,2020/12,77796
(주)창해에탄올,004650,2020/12,101113367
(주)천보,278280,2020/12,89650588
(주)천일고속,000650,2020/12,31159428
(주)청담글로벌,362320,2020/12,70386755
(주)체리부로,066360,2020/12,278038085
(주)초록뱀미디어,047820,2020/12,25261191
(주)초록뱀컴퍼니,052300,2020/12,16239911
(주)초록뱀헬스케어,118000,2020/12,6623822
(주)칩스앤미디어,094360,2020/12,15400623
(주)카나리아바이오,016790,2020/12,107476952
(주)카스,016920,2020/12,120551056
(주)카이노스메드,284620,2020/12,0
(주)카카오,035720,2020/12,1779194942
(주)카카오게임즈,293490,2020/12,378003050
(주)카카오페이,377300,2020/12,245556235
(주)카프로,006380,2020/12,254722726
(주)캐리소프트,317530,2020/12,3505092
(주)캐스텍코리아,071850,2020/12,85688524
(주)캠시스,050110,2020/12,582650185
(주)컴투스,078340,2020/12,503003046
(주)컴투스홀딩스,063080,2020/12,63106796
(주)케스피온,079190,2020/12,13180847
(주)케어랩스,263700,2020/12,58745689
(주)케어젠,214370,2020/12,60290657
(주)케이비지,318000,2020/12,19787711
(주)케이사인,192250,2020/12,31083926
(주)케이씨,029460,2020/12,155806307
(주)케이씨씨,002380,2020/12,2071850766
(주)케이씨씨건설,021320,2020/12,1101612750
(주)케이씨씨글라스,344820,2020/12,708657396
(주)케이씨아이,036670,2020/12,73251257
(주)케이씨에스,115500,2020/12,30510038
(주)케이씨텍,281820,2020/12,319894705
(주)케이씨티,089150,2020/12,20477337
(주)케이씨티시,009070,2020/12,353271002
(주)케이씨피드,025880,2020/12,64511066
(주)케이아이엔엑스,093320,2020/12,61275182
(주)케이에스에스해운,044450,2020/12,225806307
(주)케이에스피,073010,2020/12,39437590
(주)케이에이치바텍,060720,2020/12,26751859
(주)케이에이치필룩스,033180,2020/12,68067980
(주)케이엑스이노베이션,122450,2020/12,34525202
(주)케이엑스하이텍,052900,2020/12,74741113
(주)케이엔더블유,105330,2020/12,17975193
(주)케이엔엔,058400,2020/12,49817041
(주)케이엔제이,272110,2020/12,42512516
(주)케이엘넷,039420,2020/12,39063159
(주)케이엠,083550,2020/12,143036628
(주)케이엠더블유,032500,2020/12,326486158
(주)케이옥션,102370,2020/12,22885348
(주)케이이씨,092220,2020/12,190463286
(주)케이지모빌리언스,046440,2020/12,204350244
(주)케이지이니시스,035600,2020/12,515820849
(주)케이티,030200,2020/12,17879281000
(주)케이티서브마린,060370,2020/12,52225722
(주)케이티스카이라이프,053210,2020/12,660403891
(주)케이티씨에스,058850,2020/12,512072870
(주)케이티아이에스,058860,2020/12,453639145
(주)케이티알파,036030,2020/12,349313941
(주)케이티앤지,033780,2020/12,3435384230
(주)케이프,064820,2020/12,44900573
(주)케이피에스,256940,2020/12,15228576
(주)케이피에프,024880,2020/12,245023257
(주)케이피엠테크,042040,2020/12,23208098
(주)케이피티유,054410,2020/12,25910977
(주)케일럼,258610,2020/12,11078266
(주)켐온,217600,2020/12,24767180
(주)켐트로닉스,089010,2020/12,297712843
(주)켐트로스,220260,2020/12,43539515
(주)코난테크놀로지,402030,2020/12,14001472
(주)코다코,046070,2020/12,186039686
(주)코데즈컴바인,047770,2020/12,30521840
(주)코디,080530,2020/12,34120401
(주)코렌텍,104540,2020/12,40496102
(주)코리아나화장품,027050,2020/12,73428075
(주)코리아센터,290510,2020/12,77942973
(주)코리아써키트,007810,2020/12,562976672
(주)코리아에스이,101670,2020/12,10873503
(주)코맥스,036690,2020/12,129436825
(주)코메론,049430,2020/12,59148031
(주)코미코,183300,2020/12,94509184
(주)코미팜,041960,2020/12,38022321
(주)코세스,089890,2020/12,63826078
(주)코센,009730,2020/12,36911716
(주)코스나인,082660,2020/12,20449345
(주)코스메카코리아,241710,2020/12,197146224
(주)코스온,069110,2020/12,73940713
(주)코아스,071950,2020/12,97586708
(주)코아시아,045970,2020/12,281911634
(주)코아시아옵틱스,196450,2020/12,80640426
(주)코엔텍,029960,2020/12,70829816
(주)코오롱,002020,2020/12,54000329
(주)코원플레이,056000,2020/12,12354201
(주)코윈테크,282880,2020/12,40227067
(주)코이즈,121850,2020/12,35007129
(주)코콤,015710,2020/12,118930332
(주)코텍,052330,2020/12,186636472
(주)코퍼스코리아,322780,2020/12,8221433
(주)코프라,126600,2020/12,110974280
(주)콘텐트리중앙,036420,2020/12,28670268
(주)콤텍시스템,031820,2020/12,193097625
(주)쿠콘,294570,2020/12,49373922
(주)퀀타매트릭스,317690,2020/12,1706231
(주)큐라클,365270,2020/12,0
(주)큐로,015590,2020/12,124944880
(주)큐로컴,040350,2020/12,9995855
(주)큐로홀딩스,051780,2020/12,30903690
(주)큐리언트,115180,2020/12,128168
(주)큐브엔터테인먼트,182360,2020/12,31299789
(주)큐에스아이,066310,2020/12,23003430
(주)크라운제과,264900,2020/12,381538640
(주)크라운해태홀딩스,005740,2020/12,16803566
(주)크래프톤,259960,2020/12,95437031
(주)크레버스,096240,2020/12,92180605
(주)크리스에프앤씨,110790,2020/12,291132445
(주)크린앤사이언스,045520,2020/12,149965653
(주)클라우드에어,036170,2020/12,13440967
(주)클래시스,214150,2020/12,75857104
(주)클리노믹스,352770,2020/12,8118776
(주)클리오,237880,2020/12,211060694
(주)키다리스튜디오,020120,2020/12,40440529
(주)키이스트,054780,2020/12,47192564
(주)타이거일렉,219130,2020/12,43551647
(주)탑엔지니어링,065130,2020/12,155748839
(주)탑코미디어,134580,2020/12,19966274
(주)태경비케이,014580,2020/12,118285731
(주)태광,023160,2020/12,188404258
(주)태성,323280,2020/12,
(주)태양,053620,2020/12,141028442
(주)태영건설,009410,2020/12,2148138415
(주)태웅,044490,2020/12,344403685
(주)태웅로직스,124560,2020/12,306352757
(주)테라젠이텍스,066700,2020/12,59296134
(주)테스,095610,2020/12,244783951
(주)테이팩스,055490,2020/12,117718905
(주)테크윙,089030,2020/12,191832508
(주)텔레칩스,054450,2020/12,100737591
(주)텔레필드,091440,2020/12,33671976
(주)텔콘알에프제약,200230,2020/12,30729442
(주)토니모리,214420,2020/12,97690777
(주)토박스코리아,215480,2020/12,25320842
(주)토비스,051360,2020/12,271122967
(주)토탈소프트뱅크,045340,2020/12,12143404
(주)톱텍,108230,2020/12,280185548
(주)투비소프트,079970,2020/12,32322991
(주)툴젠,199800,2020/12,713093
(주)트루윈,105550,2020/12,37666650
(주)트윔,290090,2020/12,18259561
(주)특수건설,026150,2020/12,192599032
(주)티라유텍,322180,2020/12,34623053
(주)티로보틱스,117730,2020/12,65637225
(주)티비씨,033830,2020/12,35104478
(주)티비에이치글로벌,084870,2020/12,173139708
(주)티사이언티픽,057680,2020/12,9518948
(주)티씨케이,064760,2020/12,228209745
(주)티앤알바이오팹,246710,2020/12,6805107
(주)티앤엘,340570,2020/12,40617368
(주)티에스넥스젠,043220,2020/12,22768700
(주)티에스아이,277880,2020/12,45731826
(주)티에스이,131290,2020/12,181672207
(주)티에스트릴리온,317240,2020/12,60652758
(주)티에이치엔,019180,2020/12,313392799
(주)티엘비,356860,2020/12,184111813
(주)티엘아이,062860,2020/12,34708178
(주)티엘엔지니어링,413300,2020/12,10565331
(주)티와이홀딩스,363280,2020/12,0
(주)티움바이오,321550,2020/12,1048950
(주)티웨이항공,091810,2020/12,269273100
(주)티웨이홀딩스,004870,2020/12,7691297
(주)티케이케미칼,104480,2020/12,411027166
(주)티플랙스,081150,2020/12,132616586
(주)티피씨,130740,2020/12,33350575
(주)티피씨메카트로닉스,048770,2020/12,76267151
(주)파나진,046210,2020/12,16266901
(주)파라다이스,034230,2020/12,213948026
(주)파라텍,033540,2020/12,114795926
(주)파루,043200,2020/12,40983610
(주)파마리서치,214450,2020/12,103851724
(주)파멥신,208340,2020/12,59818
(주)파버나인,177830,2020/12,89587994
(주)파세코,037070,2020/12,198109927
(주)파수,150900,2020/12,29391857
(주)파워넷,037030,2020/12,147184413
(주)파워로직스,047310,2020/12,837055040
(주)파이버프로,368770,2020/12,
(주)파이오링크,170790,2020/12,39838206
(주)파인디앤씨,049120,2020/12,54545741
(주)파인디지털,038950,2020/12,87950497
(주)파인테크닉스,106240,2020/12,113672270
(주)파인텍,131760,2020/12,63760476
(주)파커스,065690,2020/12,34618635
(주)파크시스템스,140860,2020/12,62732936
(주)파트론,091700,2020/12,1116901828
(주)판타지오,032800,2020/12,9143394
(주)팜스빌,318010,2020/12,39303630
(주)팜스코,036580,2020/12,1162303300
(주)팜스토리,027710,2020/12,960780357
(주)팬스타엔터프라이즈,054300,2020/12,32039780
(주)팬엔터테인먼트,068050,2020/12,24351779
(주)팬젠,222110,2020/12,6191155
(주)퍼시스,016800,2020/12,286852629
(주)펄어비스,263750,2020/12,404023719
(주)펩트론,087010,2020/12,3120698
(주)포메탈,119500,2020/12,52212542
(주)포바이포,389140,2020/12,13993497
(주)포스코아이씨티,022100,2020/12,935803064
(주)포스코엠텍,009520,2020/12,255399800
(주)포스코인터내셔널,047050,2020/12,19224845261
(주)포스코케미칼,003670,2020/12,1524145793
(주)포인트모바일,318020,2020/12,48134093
(주)포인트엔지니어링,256630,2020/12,52896727
(주)포커스에이치엔에스,331380,2020/12,
(주)폴라리스세원,234100,2020/12,56751463
(주)폴라리스오피스,041020,2020/12,18813753
(주)폴라리스우노,114630,2020/12,49024753
(주)푸드나무,290720,2020/12,114761600
(주)푸드웰,005670,2020/12,66890187
(주)푸른기술,094940,2020/12,23217760
(주)풀무원,017810,2020/12,108571594
(주)풍산,103140,2020/12,1944436892
(주)풍산홀딩스,005810,2020/12,90501730
(주)퓨런티어,370090,2020/12,15081638
(주)퓨쳐켐,220100,2020/12,5852395
(주)프럼파스트,035200,2020/12,24310651
(주)프로스테믹스,203690,2020/12,16367448
(주)프로이천,321260,2020/12,
(주)프로텍,053610,2020/12,72656625
(주)프롬바이오,377220,2020/12,108044581
(주)프리엠스,053160,2020/12,18174607
(주)플래스크,041590,2020/12,45333512
(주)플래티어,367000,2020/12,39376204
(주)플랜티넷,075130,2020/12,9029759
(주)플레이그램,009810,2020/12,28363442
(주)플레이디,237820,2020/12,29306229
(주)플레이위드,023770,2020/12,42962786
(주)플리토,300080,2020/12,5668355
(주)피델릭스,032580,2020/12,58691305
(주)피씨디렉트,051380,2020/12,313462867
(주)피에스엠씨,024850,2021/03,26914135
(주)피에이치씨,057880,2020/12,22588526
(주)피엔에이치테크,239890,2020/12,8539804
(주)피엔티,137400,2020/12,356334064
(주)피엔풍년,024940,2020/12,57690337
(주)피제이메탈,128660,2020/12,128144127
(주)피제이전자,006140,2020/12,104225686
(주)피코그램,376180,2020/12,24411827
(주)피플바이오,304840,2020/12,507851
(주)피피아이,062970,2020/12,21853671
(주)픽셀플러스,087600,2020/12,39080597
(주)핀텔,291810,2020/12,4886319
(주)필옵틱스,161580,2020/12,171275170
(주)핌스,347770,2020/12,38776369
(주)핑거,163730,2020/12,57589506
(주)하나기술,299030,2020/12,87422558
(주)하나투어,039130,2020/12,73947230
(주)하림,136480,2020/12,869657819
(주)하림지주,003380,2020/12,15165830
(주)하이딥,365590,2020/12,
(주)하이로닉,149980,2020/12,10661356
(주)하이브,352820,2020/12,453369548
(주)하이비젼시스템,126700,2020/12,170577084
(주)하이소닉,106080,2020/12,10503544
(주)하이스틸,071090,2020/12,156632188
(주)하이텍팜,106190,2020/12,74462270
(주)하이트론씨스템즈,019490,2020/12,27273277
(주)하츠,066130,2020/12,125078383
(주)한국가구,004590,2020/12,13295434
(주)한국경제티브이,039340,2020/12,93303068
(주)한국비엔씨,256840,2020/12,19437876
(주)한국전자홀딩스,006200,2020/12,4883639
(주)한국종합기술,023350,2020/12,288230157
(주)한국카본,017960,2020/12,409524356
(주)한국큐빅,021650,2020/12,32819118
(주)한국테크놀로지,053590,2020/12,22131731
(주)한국특강,007280,2020/12,415313517
(주)한국파마,032300,2020/12,71509726
(주)한국팩키지,037230,2020/12,56495798
(주)한국화장품제조,003350,2020/12,61990282
(주)한글과컴퓨터,030520,2020/12,109355199
(주)한네트,052600,2020/12,24447156
(주)한농화성,011500,2020/12,208254762
(주)한독,002390,2020/12,497227615
(주)한독크린텍,256150,2020/12,61027594
(주)한미글로벌건축사사무소,053690,2020/12,116374258
(주)한빛소프트,047080,2020/12,33561627
(주)한샘,009240,2020/12,1723926567
(주)한섬,020000,2020/12,1194779636
(주)한솔케미칼,014680,2020/12,457470879
(주)한솔홈데코,025750,2020/12,248115962
(주)한송네오텍,226440,2020/12,19347175
(주)한익스프레스,014130,2020/12,585162277
(주)한일진공,123840,2020/12,11921487
(주)한진,002320,2020/12,1928149580
(주)한진중공업홀딩스,003480,2020/12,10891000
(주)한진칼,180640,2020/12,41685803
(주)한창,005110,2020/12,5849578
(주)한창제지,009460,2020/12,171478302
(주)한컴라이프케어,372910,2020/12,136299360
(주)한컴위드,054920,2020/12,25151377
(주)한탑,002680,2020/12,60187401
(주)한화,000880,2020/12,4000774861
(주)해성티피씨,059270,2020/12,16734359
(주)핸디소프트,220180,2020/12,17674133
(주)헥토이노베이션,214180,2020/12,62197833
(주)헥토파이낸셜,234340,2020/12,77148393
(주)헬릭스미스,084990,2020/12,4300705
(주)현대공업,170030,2020/12,195777889
(주)현대그린푸드,005440,2020/12,1512503414
(주)현대리바트,079430,2020/12,1362608795
(주)현대미포조선,010620,2020/12,2780781151
(주)현대바이오랜드,052260,2020/12,83260615
(주)현대백화점,069960,2020/12,1245062784
(주)현대에버다임,041440,2020/12,206862512
(주)현대이지웰,090850,2020/12,87283987
(주)현대퓨처넷,126560,2020/12,227077929
(주)현대홈쇼핑,057050,2020/12,1084990445
(주)협진,138360,2020/12,3110140
(주)형지아이앤씨,011080,2020/12,67148816
(주)혜인,003010,2020/12,217540950
(주)호텔신라,008770,2020/12,2814422846
(주)홈센타홀딩스,060560,2020/12,18145627
(주)홈캐스트,064240,2020/12,20709466
(주)화승엔터프라이즈,241590,2020/12,3950636
(주)화승인더스트리,006060,2020/12,926398636
(주)화승코퍼레이션,013520,2020/12,627827270
(주)화신,010690,2020/12,708778762
(주)화신정공,126640,2020/12,247110696
(주)화인베스틸,133820,2020/12,98647267
(주)황금에스티,032560,2020/12,118011389
(주)효성,004800,2020/12,295491357
(주)후성,093370,2020/12,237239900
(주)휠라홀딩스,081660,2020/12,376281
(주)휴네시온,290270,2020/12,21976966
(주)휴니드테크놀러지스,005870,2020/12,198074505
(주)휴럼,353190,2020/12,
(주)휴맥스,115160,2020/12,622495392
(주)휴맥스홀딩스,028080,2020/12,4412316
(주)휴먼엔,032860,2020/12,6366818
(주)휴메딕스,200670,2020/12,80350756
(주)휴비스,079980,2020/12,733457961
(주)휴비츠,065510,2020/12,56814106
(주)휴센텍,215090,2020/12,18407727
(주)휴스틸,005010,2020/12,343239292
(주)휴엠앤씨,263920,2020/12,12683949
(주)휴온스,243070,2020/12,366248449
(주)휴온스글로벌,084110,2020/12,41866688
(주)흥국,010240,2020/12,74416901
(주)흥국에프엔비,189980,2020/12,48422010
(주)희림종합건축사사무소,037440,2020/12,203635394
(주)힘스,238490,2020/12,106206150
AJ네트웍스(주),095570,2020/12,453554892
CS홀딩스(주),000590,2020/12,3347427
HD현대(주),267250,2020/12,375932399
KB오토시스(주),024120,2020/12,116834459
KD(주),044180,2020/12,16239181
KG스틸(주),016380,2020/12,2098691006
KISCO홀딩스(주),001940,2020/12,14276673
LG이노텍(주),011070,2020/12,9290257034
LS일렉트릭(주),010120,2020/12,1854586052
OCI(주),010060,2020/12,1221978354
SK이노베이션(주),096770,2020/12,3808247747
SNT모티브(주),064960,2020/12,877370206
SNT중공업(주),003570,2020/12,227822935
STX엔진(주),077970,2020/12,557769781
STX중공업(주),071970,2020/12,226484380
가온미디어(주),078890,2020/12,375718046
가온전선(주),000500,2020/12,771379307
감성코퍼레이션(주),036620,2020/12,10907571
강남제비스코(주),000860,2020/12,259899945
갤럭시아머니트리(주),094480,2020/12,81230421
경남스틸(주),039240,2020/12,297524764
경남제약(주),053950,2020/12,70474421
경동제약(주),011040,2020/12,171997679
경인전자(주),009140,2020/12,10514134
경창산업(주),024910,2020/12,418937428
계룡건설산업(주),013580,2020/12,1571292960
계양전기(주),012200,2020/12,363208328
고려산업(주),002140,2020/12,183906293
고려신용정보(주),049720,2020/12,131117799
고려아연(주),010130,2020/12,5652149468
고려제강(주),002240,2020/12,437062777
고려제약(주),014570,2020/12,66789305
광동제약(주),009290,2020/12,764314737
광전자(주),017900,2020/12,144622090
광진실업(주),026910,2020/12,42977717
교촌에프앤비(주),339770,2020/12,435823634
국도화학(주),007690,2020/12,837636163
국일신동(주),060480,2020/12,25189340
국일제지(주),078130,2020/12,100061026
국제약품(주),002720,2020/12,126514615
그랜드코리아레저(주),114090,2020/12,184462332
그린케미칼(주),083420,2020/12,242398001
극동유화(주),014530,2020/12,617375342
글로벌에스엠테크리미티드,900070,2020/12,
글로벌텍스프리(주),204620,2020/12,7942923
글로본(주),019660,2020/12,4217914
금강공업(주),014280,2020/12,251476085
금강철강(주),053260,2020/12,174223728
금호건설(주),002990,2020/12,1829136281
금호석유화학(주),011780,2020/12,3489720117
금호전기(주),001210,2020/12,42992054
금호타이어(주),073240,2020/12,1708313284
기신정기(주),092440,2021/03,111831417
기아(주),000270,2020/12,34362327000
깨끗한나라(주),004540,2020/12,590215967
나노씨엠에스(주),247660,2020/12,4236610
나노캠텍(주),091970,2020/12,21071026
나라엠앤디(주),051490,2020/12,89205616
나무기술(주),242040,2020/12,64144241
나이스정보통신(주),036800,2020/12,208781230
나이스평가정보(주),030190,2020/12,381901466
남광토건(주),001260,2020/12,237961500
남양유업(주),003920,2020/12,936004918
남해화학(주),025860,2020/12,1009845248
남화산업(주),111710,2020/12,17713932
남화토건(주),091590,2020/12,74204377
네이버(주),035420,2020/12,4126629313
넥센타이어(주),002350,2020/12,1208579891
넷마블(주),251270,2020/12,1378429475
노을(주),376930,2020/12,295264
농업회사법인(주)농우바이오,054050,2020/12,98345060
뉴지랩파마(주),214870,2020/12,54314610
다믈멀티미디어(주),093640,2020/12,8872308
다스코(주),058730,2020/12,195878325
대덕전자(주),353200,2020/12,614383246
대동금속(주),020400,2020/12,111119943
대동기어(주),008830,2020/12,156400904
대동전자(주),008110,2021/03,17834161
대림비앤코(주),005750,2020/12,230292155
대림통상(주),006570,2020/12,132462556
대명에너지(주),389260,2020/12,156989627
대모엔지니어링(주),317850,2020/12,38385964
대보마그네틱(주),290670,2020/12,15797068
대봉엘에스(주),078140,2020/12,61215808
대상(주),001680,2020/12,2604922342
대상홀딩스(주),084690,2020/12,25992221
대성산업(주),128820,2020/12,715757190
대성에너지(주),117580,2020/12,741782693
대성홀딩스(주),016710,2020/12,36132409
대신정보통신(주),020180,2021/03,193750021
대아티아이(주),045390,2020/12,113380721
대양전기공업(주),108380,2020/12,168100467
대양제지공업(주),006580,2020/12,108045586
대영포장(주),014160,2020/12,260706386
대우전자부품(주),009320,2020/12,75948847
대우조선해양(주),042660,2020/12,7041551239
대원강업(주),000430,2020/12,602544680
대원미디어(주),048910,2020/12,211693812
대원산업(주),005710,2020/12,522814368
대원전선(주),006340,2020/12,358784696
대원제약(주),003220,2020/12,306358567
대원화성(주),024890,2020/12,102197808
대정화금(주),120240,2020/12,80191668
대주산업(주),003310,2020/12,85168571
대주전자재료(주),078600,2020/12,116292723
대창단조(주),015230,2020/12,193395563
대한광통신(주),010170,2020/12,111274097
대한그린파워(주),060900,2020/12,3845121
대한뉴팜(주),054670,2020/12,149512858
대한방직(주),001070,2020/12,168898347
대한약품공업(주),023910,2020/12,166079878
대한유화(주),006650,2020/12,1866482314
대한전선(주),001440,2020/12,1448315791
대한제강(주),084010,2020/12,770678170
대한제당(주),001790,2020/12,1114809057
대한제분(주),001130,2020/12,312555101
대한해운(주),005880,2020/12,500046204
대한화섬(주),003830,2020/12,86893259
대화제약(주),067080,2020/12,82324950
더이앤엠(주),089230,2020/12,34250733
덕산네오룩스(주),213420,2020/12,144162647
덕산하이메탈(주),077360,2020/12,55234079
덕양산업(주),024900,2020/12,1216102001
덕우전자(주),263600,2020/12,132036505
데브시스터즈(주),194480,2020/12,71251403
도이치모터스(주),067990,2020/12,1164362747
동국산업(주),005160,2020/12,278919317
동국제강(주),001230,2020/12,4613655633
동국제약(주),086450,2020/12,500483297
동부건설(주),005960,2020/12,1090216496
동성제약(주),002210,2020/12,87799927
동신건설(주),025950,2020/12,35499043
동아쏘시오홀딩스(주),000640,2020/12,54495087
동아에스티(주),170900,2020/12,586576702
동아타이어공업(주),282690,2020/12,143437611
동아화성(주),041930,2020/12,125677739
동양이엔피(주),079960,2020/12,428477666
동양철관(주),008970,2020/12,147757880
동양파일(주),228340,2020/12,46951377
동양피스톤(주),092780,2020/12,266029253
동원금속(주),018500,2021/03,206340080
동원산업(주),006040,2020/12,702070775
동원수산(주),030720,2020/12,98783332
동원시스템즈(주),014820,2020/12,581843179
동일고무벨트(주),163560,2020/12,238594728
동일금속(주),109860,2020/12,58684621
동일산업(주),004890,2020/12,282032282
동일제강(주),002690,2020/12,122912620
동일철강(주),023790,2020/12,21920386
동화기업(주),025900,2020/12,380917302
동화약품(주),000020,2020/12,267438909
두산밥캣(주),241560,2020/12,203908240
두산에너빌리티(주),034020,2020/12,3451444903
두산퓨얼셀(주),336260,2020/12,461838982
디씨엠(주),024090,2020/12,165376395
디아이동일(주),001530,2020/12,272439324
디아이티(주),110990,2020/12,28575196
디에스알(주),155660,2020/12,163969738
디에스알제강(주),069730,2020/12,176206567
디엑스앤브이엑스(주),180400,2020/12,7696752
디엘(주),000210,2020/12,859871346
디엘건설(주),001880,2020/12,1734637384
디와이(주),013570,2020/12,43212488
디와이씨(주),310870,2020/12,
디와이파워(주),210540,2020/12,171990416
디와이피엔에프(주),104460,2020/12,207928648
디젠스(주),113810,2020/12,49594018
디케이락(주),105740,2020/12,71190955
라온시큐어(주),042510,2020/12,28479792
라온피플(주),300120,2020/12,15041930
램테크놀러지(주),171010,2020/12,40454039
로스웰인터내셔널유한회사,900260,2020/12,
로체시스템즈(주),071280,2020/12,179791558
롯데관광개발(주),032350,2020/12,14066103
롯데렌탈(주),089860,2020/12,2075911713
롯데쇼핑(주),023530,2020/12,8708083759
롯데정밀화학(주),004000,2020/12,1260405209
롯데정보통신(주),286940,2020/12,835876818
롯데제과(주),280360,2020/12,1531184845
롯데지주(주),004990,2020/12,290497522
롯데칠성음료(주),005300,2020/12,2161963013
롯데케미칼(주),011170,2020/12,9171305612
롯데하이마트(주),071840,2020/12,4051729086
리노공업(주),058470,2020/12,201335459
마이크로로봇(주),182690,2020/12,11737554
매일유업(주),267980,2020/12,1460441790
매일홀딩스(주),005990,2020/12,13990396
메가스터디(주),072870,2020/12,40055983
메가스터디교육(주),215200,2020/12,411985818
메가엠디(주),133750,2020/12,76247593
메디앙스(주),014100,2020/12,66656033
메디포스트(주),078160,2020/12,48626807
명문제약(주),017180,2020/12,120446698
명성티엔에스(주),257370,2020/12,17465053
명신산업(주),009900,2020/12,148453325
모델솔루션(주),417970,2020/12,55018463
모바일어플라이언스(주),087260,2020/12,39231177
모트렉스(주),118990,2020/12,235113950
무림에스피(주),001810,2020/12,124593866
무림페이퍼(주),009200,2020/12,404975197
무림피앤피(주),009580,2020/12,484811979
문배철강(주),008420,2020/12,152678067
미디어젠(주),279600,2020/12,11880240
미래나노텍(주),095500,2020/12,266914580
미래산업(주),025560,2020/12,39425116
미스터블루(주),207760,2020/12,28876425
미원상사(주),002840,2020/12,282330179
미원스페셜티케미칼(주),268280,2020/12,371989561
미원홀딩스(주),107590,2020/12,23712312
미원화학(주),134380,2020/12,160234351
미창석유공업(주),003650,2020/12,277578235
미투젠(유),950190,2020/12,112955615
바디텍메드(주),206640,2020/12,127271228
바이오플러스(주),099430,2020/12,24220106
바이온(주),032980,2020/12,15667499
바이옵트로(주),222160,2021/03,16114978
바이젠셀(주),308080,2020/12,0
백광산업(주),001340,2020/12,171019196
범양건영(주),002410,2020/12,149130151
범한퓨얼셀(주),382900,2020/12,31900208
베뉴지(주),019010,2020/12,33904454
보로노이(주),310210,2020/12,5977452
보성파워텍(주),006910,2020/12,82079529
보해양조(주),000890,2020/12,78562429
부광약품(주),003000,2020/12,166144370
부국철강(주),026940,2020/12,138929983
부산산업(주),011390,2020/12,23072502
부산주공(주),005030,2020/12,152724659
브레인즈컴퍼니(주),099390,2020/12,14829409
브릿지바이오테라퓨틱스(주),288330,2020/12,6339946
비나텍(주),126340,2020/12,46690215
비디아이(주),148140,2020/12,196498599
비비씨(주),318410,2020/12,21271873
비씨엔씨(주),146320,2020/12,45405770
비에이치아이(주),083650,2020/12,235216481
비케이탑스(주),030790,2020/12,7777162
비플라이소프트(주),148780,2020/12,14939499
빛샘전자(주),072950,2020/12,21643427
사조동아원(주),008040,2020/12,391913287
사조산업(주),007160,2020/12,382028754
사조씨푸드(주),014710,2020/12,214456964
삼강엠앤티(주),100090,2020/12,368686071
삼륭물산(주),014970,2020/12,38832974
삼목에스폼(주),018310,2020/12,116454496
삼보모터스(주),053700,2020/12,253523066
삼보산업(주),009620,2020/12,242162688
삼부토건(주),001470,2020/12,376331922
삼성SDI(주),006400,2020/12,9101397947
삼성공조(주),006660,2020/12,54737476
삼성물산(주),028260,2020/12,19088822950
삼성바이오로직스(주),207940,2020/12,1164776874
삼성에스디에스(주),018260,2020/12,4549427072
삼성엔지니어링(주),028050,2020/12,5020786128
삼성전기(주),009150,2020/12,5597799214
삼성전자(주),005930,2020/12,166311191000
삼성제약(주),001360,2020/12,48269172
삼성중공업(주),010140,2020/12,6825532312
삼아알미늄(주),006110,2020/12,155606892
삼아제약(주),009300,2020/12,53652809
삼양식품(주),003230,2020/12,636777102
삼양통상(주),002170,2020/12,198235308
삼영무역(주),002810,2020/12,217526443
삼영엠텍(주),054540,2020/12,62653247
삼영이엔씨(주),065570,2020/12,35290264
삼영전자공업(주),005680,2020/12,174103024
삼영화학공업(주),003720,2020/12,97062975
삼익티에이치케이(주),004380,2020/12,263856444
삼일제약(주),000520,2020/12,122680032
삼정펄프(주),009770,2020/12,146331017
삼지전자(주),037460,2020/12,76157433
삼진제약(주),005500,2020/12,235164889
삼천당제약(주),000250,2020/12,118445264
삼천리자전거(주),024950,2020/12,104539181
삼현철강(주),017480,2020/12,224919933
삼호개발(주),010960,2020/12,355732845
삼화왕관(주),004450,2020/12,106547404
삼화전기(주),009470,2020/12,151540610
삼화전자공업(주),011230,2020/12,32129639
삼화콘덴서공업(주),001820,2020/12,188917122
삼화페인트공업(주),000390,2020/12,480660029
상신브레이크(주),041650,2020/12,276364616
상신이디피(주),091580,2020/12,98320488
상신전자(주),263810,2020/12,80872046
새론오토모티브(주),075180,2020/12,106767200
샘표(주),007540,2020/12,18279058
샘표식품(주),248170,2020/12,309027672
서암기계공업(주),100660,2020/12,31803726
서울도시가스(주),017390,2020/12,1271968265
서울바이오시스(주),092190,2020/12,252258702
서울반도체(주),046890,2020/12,993090756
서울식품공업(주),004410,2020/12,61566333
서울전자통신(주),027040,2020/12,33570704
서호전기(주),065710,2020/12,58650045
선도전기(주),007610,2020/12,79666931
선바이오(주),067370,2020/12,5458529
선진뷰티사이언스(주),086710,2020/12,43725184
성문전자(주),014910,2020/12,18965493
성보화학(주),003080,2020/12,51755630
성신양회(주),004980,2020/12,495995475
성우전자(주),081580,2020/12,21951232
성우테크론(주),045300,2020/12,36620339
성일하이텍(주),365340,2020/12,60502903
성창기업지주(주),000180,2020/12,6470380
성호전자(주),043260,2020/12,72901278
세기상사(주),002420,2020/12,2234196
세명전기공업(주),017510,2020/12,14311512
세방(주),004360,2020/12,577261592
세방전지(주),004490,2020/12,1077016196
세원이앤씨(주),091090,2020/12,109931867
세종공업(주),033530,2020/12,332069178
세종텔레콤(주),036630,2020/12,253481518
세하(주),027970,2020/12,189516847
소니드(주),060230,2020/12,21285002
소프트캠프(주),258790,2020/12,18356565
솔루스첨단소재(주),336370,2020/12,126048680
솔브레인(주),357780,2020/12,453415196
솔브레인홀딩스(주),036830,2020/12,22374705
솔트웨어(주),328380,2020/12,
송원산업(주),004430,2020/12,618476000
스튜디오드래곤(주),253450,2020/12,498610374
시그네틱스(주),033170,2020/12,201306718
신대양제지(주),016590,2020/12,189037602
신라교역(주),004970,2020/12,316974130
신라섬유(주),001000,2020/12,4179073
신라에스지(주),025870,2020/12,58763523
신라젠(주),215600,2020/12,1669716
신성델타테크(주),065350,2020/12,130275196
신세계건설(주),034300,2020/12,956756075
신송홀딩스(주),006880,2020/12,1644000
신신제약(주),002800,2020/12,66958481
신원종합개발(주),017000,2020/12,123807110
신일전자(주),002700,2020/12,172441515
신일제약(주),012790,2020/12,61438038
신풍제약(주),019170,2020/12,187327145
신풍제지(주),002870,2020/12,23988730
신화인터텍(주),056700,2020/12,240937415
신흥에스이씨(주),243840,2020/12,144717727
쌍용씨앤이(주),003410,2020/12,992643779
쌍용자동차(주),003620,2020/12,2929789338
쌍용정보통신(주),010280,2020/12,94411303
써니전자(주),004770,2020/12,15912642
씨비아이(주),013720,2020/12,16710125
씨아이에스(주),222080,2020/12,118057348
씨앤지하이테크(주),264660,2020/12,119183108
씨앤티85(주),056730,2020/12,896923
씨에스베어링(주),297090,2020/12,103344056
씨에스윈드(주),112610,2020/12,684456953
씨유테크(주),376290,2020/12,18916184
씨제이(주),001040,2020/12,165163104
씨제이대한통운(주),000120,2020/12,6936119891
씨제이바이오사이언스(주),311690,2020/12,5311547
씨제이씨지브이(주),079160,2020/12,325759755
씨제이씨푸드(주),011150,2020/12,149049674
씨제이제일제당(주),097950,2020/12,5980828026
씨제이프레시웨이(주),051500,2020/12,1926275093
씨큐브(주),101240,2020/12,36971669
아남전자(주),008700,2020/12,264727082
아미코젠(주),092040,2020/12,33982592
아비코전자(주),036010,2020/12,74175042
아세아(주),002030,2020/12,20343361
아세아시멘트(주),183190,2020/12,352858953
아세아제지(주),002310,2020/12,428031027
아시아나아이디티(주),267850,2020/12,195855075
아시아나항공(주),020560,2020/12,3559873869
아이디피(주),332370,2020/12,17129016
아이쓰리시스템(주),214430,2020/12,66532479
아이에스동서(주),010780,2020/12,931924053
아이진(주),185490,2020/12,3363424
아이큐어(주),175250,2020/12,48873888
아이크래프트(주),052460,2020/12,80544788
아이텍(주),119830,2020/12,40122283
아주스틸(주),139990,2020/12,326861772
아진산업(주),013310,2020/12,263540910
안국약품(주),001540,2020/12,131884173
알리코제약(주),260660,2020/12,124808944
알서포트(주),131370,2020/12,36458677
알에스오토메이션(주),140670,2020/12,93256251
알에프머트리얼즈(주),327260,2020/12,10326575
알에프에이치아이씨(주),218410,2020/12,54484083
압타바이오(주),293780,2020/12,341044
애경산업(주),018250,2020/12,583711079
애경케미칼(주),161000,2020/12,718100007
애니젠(주),196300,2020/12,8516025
애머릿지코퍼레이션,900100,2020/12,29219727
앱클론(주),174900,2020/12,2771179
어보브반도체(주),102120,2020/12,137876652
에브리봇(주),270660,2020/12,49165300
에스넷시스템(주),038680,2020/12,203011408
에스디바이오센서(주),137310,2020/12,1477922065
에스디엔(주),099220,2020/12,78729509
에스맥(주),097780,2020/12,97622233
에스비더블유생명과학(주),151910,2020/12,39906252
에스비아이핀테크솔루션즈(주),950110,2021/03,29510825
에스씨아이평가정보(주),036120,2020/12,47301100
에스씨엠생명과학(주),298060,2020/12,320006
에스엔유프리시젼(주),080000,2020/12,101697263
에스엔케이폴리텍(주),091340,2020/12,17607628
에스엘(주),005850,2020/12,1739395060
에스와이(주),109610,2020/12,224937478
에스지씨에너지(주),005090,2020/12,69990768
에스지씨이테크건설(주),016250,2020/12,1135494919
에스지에이(주),049470,2020/12,37878216
에스지에이솔루션즈(주),184230,2020/12,18881620
에스지이(주),255220,2020/12,113526220
에스케이(주),034730,2020/12,3473984000
에스케이가스(주),018670,2020/12,3631780357
에스케이네트웍스(주),001740,2020/12,8062953000
에스케이디스커버리(주),006120,2020/12,21009783
에스케이디앤디(주),210980,2020/12,547882611
에스케이렌터카(주),068400,2020/12,863535691
에스케이바이오사이언스(주),302440,2020/12,225610785
에스케이바이오팜(주),326030,2020/12,63013129
에스케이씨(주),011790,2020/12,556765066
에스케이아이이테크놀로지(주),361610,2020/12,460271672
에스케이케미칼(주),285130,2020/12,921133614
에스케이텔레콤(주),017670,2020/12,11746630000
에스케이하이닉스(주),000660,2020/12,30524987000
에스텍(주),069510,2020/12,197955005
에스트래픽(주),234300,2020/12,84720685
에스티팜(주),237690,2020/12,109049508
에스퓨얼셀(주),288620,2020/12,46952005
에쓰-오일(주),010950,2020/12,16735504000
에쓰씨엔지니어링(주),023960,2020/12,72469645
에어부산(주),298690,2020/12,189917868
에이디엠코리아(주),187660,2020/12,13111663
에이비엘바이오(주),298380,2020/12,8104203
에이비온(주),203400,2020/12,1993818
에이에프더블류(주),312610,2020/12,11316325
에이치디씨(주),012630,2020/12,52838715
에이치디씨랩스(주),039570,2020/12,260212578
에이치디씨현대산업개발(주),294870,2020/12,3659511873
에이치디씨현대이피(주),089470,2020/12,569314142
에이치비솔루션(주),297890,2020/12,21082360
에이치에스디엔진(주),082740,2020/12,829749317
에이치엘디앤아이한라(주),014790,2020/12,1442069020
에이치엘만도(주),204320,2020/12,3009765572
에이치엘비(주),028300,2020/12,48730105
에이치엘비글로벌(주),003580,2020/12,14637998
에이치엘비생명과학(주),067630,2020/12,14824118
에이치엘비제약(주),047920,2020/12,40571187
에이치엘비테라퓨틱스(주),115450,2020/12,43048581
에이치엘홀딩스(주),060980,2020/12,567598722
에이치엠엠(주),011200,2020/12,6223944000
에이치케이이노엔(주),195940,2020/12,515289077
에이케이홀딩스(주),006840,2020/12,45515032
에이테크솔루션(주),071670,2020/12,190074247
에이프로젠제약(주),003060,2020/12,31831238
에이피시스템(주),265520,2020/12,583332098
에이피에스홀딩스(주),054620,2020/12,4535391
에이피위성(주),211270,2020/12,45379282
에이피티씨(주),089970,2020/12,93030436
에코바이오홀딩스(주),038870,2020/12,16271501
에코캡(주),128540,2020/12,65887640
에코플라스틱(주),038110,2020/12,850691895
에프엔에스테크(주),083500,2020/12,91838023
엑스큐어(주),070300,2020/12,10118280
엔브이에이치코리아(주),067570,2020/12,363531991
엔시트론(주),101400,2020/12,10346899
엔에이치엔(주),181710,2020/12,290424936
엔에이치엔한국사이버결제(주),060250,2020/12,622149966
엔피씨(주),004250,2020/12,324574688
엘브이엠씨홀딩스(주),900140,2020/12,
엘비세미콘(주),061970,2020/12,234124085
엘아이지넥스원(주),079550,2020/12,1599434376
엘에스전선아시아(주),229640,2020/12,33651150
엘지디스플레이(주),034220,2020/12,22799273000
엘지전자(주),066570,2020/12,28435323000
엘컴텍(주),037950,2020/12,36164087
엘티씨(주),170920,2020/12,59644785
엠에프엠코리아(주),323230,2020/12,61085231
엠케이전자(주),033160,2020/12,476530542
영보화학(주),014440,2020/12,86456975
영신금속공업(주),007530,2020/12,108309788
영진약품(주),003520,2020/12,208463640
영창케미칼(주),112290,2020/12,60759972
영풍정밀(주),036560,2020/12,90841012
영풍제지(주),006740,2020/12,98155185
영화금속(주),012280,2020/12,179397570
영화테크(주),265560,2020/12,32687242
예스이십사(주),053280,2020/12,612985950
오가닉티코스메틱스홀딩스컴퍼니리미티드,900300,2020/12,
오로라월드(주),039830,2020/12,102897661
오상자이엘(주),053980,2020/12,63728319
오성첨단소재(주),052420,2020/12,79546991
오션브릿지(주),241790,2020/12,68198226
오스템임플란트(주),048260,2020/12,429271833
오토앤(주),353590,2020/12,49437277
올리패스(주),244460,2020/12,269816
올릭스(주),226950,2020/12,2474272
옴니시스템(주),057540,2020/12,85829470
옵티시스(주),109080,2020/12,20410902
와이더블유(주),051390,2020/12,16652186
와이아이케이(주),232140,2020/12,135985765
와이엠씨(주),155650,2020/12,145611733
와이엠티(주),251370,2020/12,70201875
와토스코리아(주),079000,2020/12,18310579
우리바이오(주),082850,2020/12,31051975
우리산업(주),215360,2020/12,274230355
우리산업홀딩스(주),072470,2020/12,2680992
우리손에프앤지농업회사법인(주),073560,2020/12,77032508
우리엔터프라이즈(주),037400,2020/12,25855358
우리이앤엘(주),153490,2020/12,114377114
우림피티에스(주),101170,2020/12,60109608
우수AMS(주),066590,2020/12,183575584
우원개발(주),046940,2020/12,167002835
우진비앤지(주),018620,2020/12,25409676
원텍(주),336570,2020/12,
원풍물산(주),008290,2020/12,29083210
웰바이오텍(주),010600,2020/12,16233123
웹케시(주),053580,2020/12,72830846
위즈코프(주),038620,2020/12,27401642
윈텍(주),320000,2020/12,11239478
윙입푸드홀딩스,900340,2020/12,
유네코(주),064510,2020/12,10415450
유니셈(주),036200,2020/12,210831360
유니슨(주),018000,2020/12,78512293
유니온머티리얼(주),047400,2020/12,93579934
유니퀘스트(주),077500,2020/12,398938432
유비벨록스(주),089850,2020/12,82219283
유성기업(주),002920,2020/12,241124419
유아이엘(주),049520,2020/12,50002764
유엔젤(주),072130,2020/12,26691556
유일에너테크(주),340930,2020/12,58978131
유진기업(주),023410,2020/12,749154175
율촌화학(주),008730,2020/12,498548880
이건산업(주),008250,2020/12,154442857
이구산업(주),025820,2020/12,202936445
이노뎁(주),303530,2020/12,66729680
이노시스(주),056090,2020/12,17732868
이니텍(주),053350,2020/12,41864028
이삭엔지니어링(주),351330,2020/12,44386005
이스트아시아홀딩스인베스트먼트리미티드,900110,2020/12,
이엠코리아(주),095190,2020/12,64882728
이연제약(주),102460,2020/12,130034153
이오플로우(주),294090,2020/12,21655
이원다이애그노믹스(주),245620,2020/12,48206551
이원컴포텍(주),088290,2020/12,32681437
이지케어텍(주),099750,2021/03,76752276
이트론(주),096040,2020/12,41349067
이화공영(주),001840,2020/12,153232963
이화산업(주),000760,2020/12,41763426
이화전기공업(주),024810,2020/12,53295892
인바이오(주),352940,2020/12,34563133
인베니아(주),079950,2020/12,141250256
인선이엔티(주),060150,2020/12,131185355
인지컨트롤스(주),023800,2020/12,311644985
인천도시가스(주),034590,2020/12,504439929
인카금융서비스(주),211050,2020/12,301000748
인크로스(주),216050,2020/12,36181292
인탑스(주),049070,2020/12,252820205
인터지스(주),129260,2020/12,418388179
인포뱅크(주),039290,2020/12,79068982
인화정공(주),101930,2020/12,58513851
일동제약(주),249420,2020/12,560963990
일동홀딩스(주),000230,2020/12,16921957
일성건설(주),013360,2020/12,340707105
일성신약(주),003120,2020/12,40600732
일신방직(주),003200,2020/12,293767618
일양약품(주),007570,2020/12,214511254
일정실업(주),008500,2020/12,30785380
일진다이아몬드(주),081000,2020/12,50050154
일진디스플레이(주),020760,2020/12,67685415
일진머티리얼즈(주),020150,2020/12,291788657
일진전기(주),103590,2020/12,703635618
일진하이솔루스(주),271940,2020/12,113524940
일진홀딩스(주),015860,2020/12,6763915
잉글우드랩(주),950140,2020/12,111197562
자이글(주),234920,2020/12,18040648
자이에스앤디(주),317400,2020/12,356212405
자화전자(주),033240,2020/12,249070668
재영솔루텍(주),049630,2020/12,88642656
전방(주),000950,2020/12,104767955
전진바이오팜(주),110020,2020/12,3866596
제너셈(주),217190,2020/12,41941655
제룡산업(주),147830,2020/12,26566079
제룡전기(주),033100,2020/12,44195775
제이더블유생명과학(주),234080,2020/12,178530625
제이더블유신약(주),067290,2020/12,89993482
제이더블유중외제약(주),001060,2020/12,542634874
제이더블유홀딩스(주),096760,2020/12,88888149
제이스코홀딩스(주),023440,2020/12,37520549
제이씨케미칼(주),137950,2020/12,234687924
제이씨현시스템(주),033320,2020/12,190462430
제이엔케이히터(주),126880,2020/12,165904140
제이엠아이(주),033050,2020/12,12780625
제이엠티(주),094970,2020/12,28665293
제이준코스메틱(주),025620,2020/12,26027248
제일약품(주),271980,2020/12,692224837
제일연마공업(주),001560,2020/12,63627427
제일전기공업(주),199820,2020/12,151342828
제일파마홀딩스(주),002620,2020/12,17030706
제주맥주(주),276730,2020/12,21525592
조광아이엘아이(주),044060,2020/12,34450302
조광페인트(주),004910,2020/12,196502637
조광피혁(주),004700,2020/12,97316423
조선내화(주),000480,2020/12,441324760
조선선재(주),120030,2020/12,59517342
조아제약(주),034940,2020/12,64104411
조일알미늄(주),018470,2020/12,332913378
주성엔지니어링(주),036930,2020/12,118525512
줌인터넷(주),239340,2020/12,23814219
지나인제약(주),078650,2020/12,41937566
지니너스(주),389030,2020/12,3794450
지니언스(주),263860,2020/12,26466395
지더블유바이텍(주),036180,2020/12,52493393
지에스건설(주),006360,2020/12,8890992063
지에이치신소재(주),130500,2020/12,48737551
지엔원에너지(주),270520,2020/12,30369711
지엘팜텍(주),204840,2020/12,2881192
지엠비코리아(주),013870,2020/12,400620613
지투파워(주),388050,2020/12,29134566
진양산업(주),003780,2020/12,46511447
진양제약(주),007370,2020/12,48809579
진양폴리우레탄(주),010640,2020/12,35461350
진양화학(주),051630,2020/12,43288270
진원생명과학(주),011000,2020/12,35774126
진흥기업(주),002780,2020/12,377247252
차이나크리스탈신소재홀딩스,900250,2020/12,
참엔지니어링(주),009310,2020/12,107960336
참좋은여행(주),094850,2020/12,12643422
카페24(주),042000,2020/12,172419130
커머스마이너 (주),223310,2020/12,10174800
컨버즈(주),109070,2020/12,16830781
컬러레이홀딩스,900310,2020/12,
케이디켐(주),221980,2020/12,47026064
케이만금세기차륜집단유한공사,900280,2020/12,
케이비아이동국실업(주),001620,2020/12,317443439
케이비아이메탈(주),024840,2020/12,473567920
케이씨그린홀딩스(주),009440,2020/12,14341910
케이씨코트렐(주),119650,2020/12,303185515
케이알모터스(주),000040,2020/12,20218005
케이에이치건설(주),226360,2020/12,49774500
케이에이치전자(주),111870,2020/12,16364954
케이엠제약(주),225430,2020/12,22928127
케이지이티에스(주),151860,2020/12,153866930
케이지케미칼(주),001390,2020/12,143437560
케이카(주),381970,2020/12,1323113771
케이피엑스라이프사이언스(주),114450,2020/12,24560724
케이피엑스케미칼(주),025000,2020/12,573783532
케이피엑스홀딩스(주),092230,2020/12,77879542
켄코아에어로스페이스(주),274090,2020/12,10342816
코나아이(주),052400,2020/12,134262741
코드네이처(주),078940,2020/12,26732697
코리아에프티(주),123410,2020/12,202476002
코스맥스(주),192820,2020/12,765400192
코스맥스비티아이(주),044820,2020/12,71929893
코스맥스엔비티(주),222040,2020/12,196367270
코스모신소재(주),005070,2020/12,204252718
코스모화학(주),005420,2020/12,112794562
코아스템(주),166480,2020/12,1853650
코오롱글로벌(주),003070,2020/12,3802884625
코오롱생명과학(주),102940,2020/12,129431591
코오롱인더스트리(주),120110,2020/12,2916642688
코오롱티슈진(주),950160,2020/12,3555842
코오롱플라스틱(주),138490,2020/12,293645352
코웨이(주),021240,2020/12,2592546949
코웰패션(주),033290,2020/12,222061996
코위버(주),056360,2020/12,80672355
콜마비앤에이치(주),200130,2020/12,536324902
쿠쿠홀딩스(주),192400,2020/12,26522599
쿠쿠홈시스(주),284740,2020/12,562838132
큐렉소(주),060280,2020/12,39281592
큐알티(주),405100,2020/12,53401001
크로바하이텍(주),043590,2020/12,23789691
크루셜텍(주),114120,2020/12,46014669
크리스탈지노믹스(주),083790,2020/12,11005137
키네마스터(주),139670,2020/12,27148444
태경산업(주),015890,2020/12,104312782
태경케미컬(주),006890,2020/12,45550291
태광산업(주),003240,2020/12,1495625845
태림포장(주),011280,2020/12,517553375
태양금속공업(주),004100,2020/12,271506884
태원물산(주),001420,2020/12,16338893
태평양물산(주),007980,2020/12,546235667
테고사이언스(주),191420,2020/12,8585204
테라사이언스(주),073640,2020/12,16078849
텔코웨어(주),078000,2020/12,36401943
티와이엠(주),002900,2020/12,387284201
티제이미디어(주),032540,2020/12,49047361
티케이지애강(주),022220,2020/12,59019699
티케이지휴켐스(주),069260,2020/12,593511362
팅크웨어(주),084730,2020/12,179942134
파나케이아(주),058530,2020/12,9201381
파미셀(주),005690,2020/12,37752048
팜젠사이언스(주),004720,2020/12,96614310
패션플랫폼(주),225590,2020/12,58092504
팬오션(주),028670,2020/12,2102895000
퍼스텍(주),010820,2020/12,132075450
펌텍코리아(주),251970,2020/12,143748052
페이퍼코리아(주),001020,2020/12,258411805
평화산업(주),090080,2020/12,338563070
평화홀딩스(주),010770,2020/12,16532581
포스코스틸리온(주),058430,2020/12,870211620
포스코홀딩스(주),005490,2020/12,26509920446
풍국주정공업(주),023900,2020/12,52324004
풍원정밀(주),371950,2020/12,35711899
프레스티지바이오로직스(주),334970,2020/12,0
프리시젼바이오(주),335810,2020/12,4918272
피씨엘(주),241820,2020/12,53682670
피아이첨단소재(주),178920,2020/12,261788779
피앤씨테크(주),237750,2020/12,19641453
피에스케이(주),319660,2020/12,248772024
피에스케이홀딩스(주),031980,2020/12,33017249
피에스텍(주),002230,2020/12,52735410
피에이치에이(주),043370,2020/12,560887688
피엔케이피부임상연구센타(주),347740,2020/12,14676377
하나마이크론(주),067310,2020/12,311271481
하나머티리얼즈(주),166090,2020/12,200685453
하나제약(주),293480,2020/12,177305504
하이록코리아(주),013030,2020/12,130110589
하이즈항공(주),221840,2020/12,29060544
하이트진로(주),000080,2020/12,2049288474
하이트진로홀딩스(주),000140,2020/12,35811901
하인크코리아(주),373200,2020/12,
한국가스공사(주),036460,2020/12,20004187241
한국공항(주),005430,2020/12,281189435
한국기업평가(주),034950,2020/12,53025445
한국내화(주),010040,2020/12,203694764
한국단자공업(주),025540,2020/12,762699590
한국맥널티(주),222980,2020/12,37752069
한국석유공업(주),004090,2020/12,239033287
한국선재(주),025550,2020/12,152868934
한국수출포장공업(주),002200,2020/12,260487525
한국쉘석유(주),002960,2020/12,200334947
한국알콜산업(주),017890,2020/12,296324599
한국앤컴퍼니(주),000240,2020/12,64144787
한국유나이티드제약(주),033270,2020/12,215949553
한국유니온제약(주),080720,2020/12,50379269
한국전력공사(주),015760,2020/12,57989410000
한국전력기술(주),052690,2020/12,431722626
한국전자금융(주),063570,2020/12,221701595
한국전자인증(주),041460,2020/12,32498088
한국정밀기계(주),101680,2020/12,17167829
한국정보공학(주),039740,2020/12,169903903
한국정보인증(주),053300,2020/12,45725171
한국정보통신(주),025770,2020/12,490304218
한국조선해양(주),009540,2020/12,172383351
한국주강(주),025890,2020/12,33885845
한국지역난방공사,071320,2020/12,2098906300
한국철강(주),104700,2020/12,633382164
한국컴퓨터(주),054040,2020/12,36260836
한국콜마(주),161890,2020/12,609200623
한국콜마홀딩스(주),024720,2020/12,35234722
한국타이어앤테크놀로지(주),161390,2020/12,2862380052
한국프랜지공업(주),010100,2020/12,562052207
한국항공우주산업(주),047810,2020/12,2811967926
한국화장품(주),123690,2020/12,17526907
한라아이엠에스(주),092460,2020/12,53325670
한미반도체(주),042700,2020/12,255740539
한미사이언스(주),008930,2020/12,35553207
한미약품(주),128940,2020/12,872404731
한성기업(주),003680,2020/12,266147981
한세실업(주),105630,2020/12,1657328004
한세엠케이(주),069640,2020/12,164424244
한세예스24홀딩스(주),016450,2020/12,19781181
한솔로지스틱스(주),009180,2020/12,342734898
한솔아이원스(주),114810,2020/12,146325243
한솔인티큐브(주),070590,2020/12,52588843
한솔제지(주),213500,2020/12,1482853494
한솔테크닉스(주),004710,2020/12,674089199
한솔피엔에스(주),010420,2020/12,244823923
한솔홀딩스(주),004150,2020/12,26323088
한신공영(주),004960,2020/12,1500329130
한신기계공업(주),011700,2020/12,50019826
한양디지텍(주),078350,2020/12,159637091
한양이엔지(주),045100,2020/12,626495760
한온시스템(주),018880,2020/12,2680084688
한올바이오파마(주),009420,2020/12,88602270
한일단조공업(주),024740,2020/12,126552434
한일사료(주),005860,2020/12,106910200
한일시멘트(주),300720,2020/12,841302506
한일철강(주),002220,2020/12,148725086
한일현대시멘트(주),006390,2020/12,334267704
한일홀딩스(주),003300,2020/12,17921102
한일화학공업(주),007770,2020/12,83859392
한전산업개발(주),130660,2020/12,321962419
한전케이피에스(주),051600,2020/12,1299186315
한창산업(주),079170,2020/12,56285676
한화솔루션(주),009830,2020/12,5717317072
한화시스템(주),272210,2020/12,1631867960
한화에어로스페이스(주),012450,2020/12,1059925451
해성디에스(주),195870,2020/12,458746168
해성산업(주),034810,2020/12,163286821
해성옵틱스(주),076610,2020/12,60377415
해태제과식품(주),101530,2020/12,548569117
핸즈코퍼레이션(주),143210,2020/12,494631810
헝셩그룹유한회사,900270,2020/12,
현대건설(주),000720,2020/12,9320113000
현대건설기계(주),267270,2020/12,1705764559
현대글로비스(주),086280,2020/12,12909957670
현대두산인프라코어(주),042670,2020/12,2712338251
현대로템(주),064350,2020/12,2677456585
현대모비스(주),012330,2020/12,22954483000
현대무벡스(주),319400,2020/12,
현대바이오사이언스(주),048410,2020/12,12362569
현대비앤지스틸(주),004560,2020/12,679980856
현대약품(주),004310,2020/11,132965512
현대에너지솔루션(주),322000,2020/12,419090026
현대에이치티(주),039010,2020/12,103683133
현대엘리베이터(주),017800,2020/12,1492244847
현대오토에버(주),307950,2020/12,1195747889
현대위아(주),011210,2020/12,5585482000
현대일렉트릭앤에너지시스템(주),267260,2020/12,1566219691
현대자동차(주),005380,2020/12,50661002000
현대제철(주),004020,2020/12,15568026955
현대중공업(주),329180,2020/12,8310181048
현대코퍼레이션(주),011760,2020/12,2081049935
현대코퍼레이션홀딩스(주),227840,2020/12,129025893
현우산업(주),092300,2020/12,152927637
호전실업(주),111110,2020/12,258862814
화성밸브(주),039610,2020/12,58928954
화성산업(주),002460,2020/12,419259299
화일약품(주),061250,2020/12,123613031
화천기계(주),010660,2020/12,136810035
화천기공(주),000850,2020/12,134237940
환인제약(주),016580,2020/12,171326507
효성아이티엑스(주),094280,2020/12,481197885
효성중공업(주),298040,2020/12,2504698942
효성첨단소재(주),298050,2020/12,722533748
효성티앤씨(주),298020,2020/12,3143280086
효성화학(주),298000,2020/12,1643261559
휴림네트웍스(주),192410,2020/12,14586939
휴림로봇(주),090710,2020/12,19919798
휴마시스(주),205470,2020/12,45717212
휴젤(주),145020,2020/12,183751299
흥구석유(주),024060,2020/12,114843735
흥아해운(주),003280,2020/12,85455349
