,종목코드,외국인체결강도
0,000020,82.8318
1,000040,99.4166
2,000050,76.541
3,000060,157.1337
4,000070,103.0182
5,000071,0.0
6,000080,102.7151
7,000082,82.9493
8,000100,107.7696
9,000101,67.9491
10,000120,148.0031
11,000140,90.0838
12,000150,99.2697
13,000151,44.7143
14,000152,79.1667
15,000180,55.1848
16,000210,84.1645
17,000211,45.431
18,000220,94.9143
19,000221,392.1944
20,000230,26.1737
21,000240,73.3825
22,000270,79.4314
23,000300,100.2644
24,000320,320.1342
25,000370,128.8861
26,000390,100.9701
27,000400,65.6555
28,000430,116.0799
29,000480,48.556
30,000490,131.2706
31,000500,77.1762
32,000520,128.6719
33,000540,89.2571
34,000541,100.0
35,000542,inf
36,000590,97.3091
37,000640,32.987
38,000650,14.6067
39,000660,99.2498
40,000670,83.1398
41,000680,180.1443
42,000700,100.4447
43,000720,140.5368
44,000721,9.6774
45,000760,57.2816
46,000810,128.9589
47,000811,228.8047
48,000850,83.6018
49,000860,122.0214
50,000880,140.8024
51,000881,0.0
52,00088K,43.9715
53,000890,86.5574
54,000910,99.0572
55,000950,141.7109
56,000970,174.2765
57,000990,88.231
58,001020,156.086
59,001040,91.5827
60,001041,25.9436
61,00104K,61.1253
62,001060,71.3062
63,001062,inf
64,001070,104.8534
65,001080,53.9244
66,001120,121.0321
67,001130,116.7203
68,001140,95.566
69,001200,93.4651
70,001210,148.4616
71,001230,93.8782
72,001250,189.4247
73,001260,101.2663
74,001270,753.9419
75,001290,207.6612
76,001340,95.2491
77,001360,100.2965
78,001380,98.9535
79,001390,96.5676
80,001420,105.2397
81,001430,221.2798
82,001440,84.1491
83,001450,146.7484
84,001460,49.6599
85,001461,0.0
86,001470,109.5566
87,001500,132.6501
88,001510,106.364
89,001511,18.251
90,001520,125.188
91,001530,48.4899
92,001550,263.5354
93,001560,127.8922
94,001570,90.5285
95,001620,98.847
96,001630,86.7948
97,001680,55.5488
98,001681,2.2489
99,001720,204.3085
100,001721,239.7146
101,001740,97.2232
102,001741,0.0
103,001750,105.1504
104,001770,68.572
105,001780,108.6126
106,001790,139.2477
107,001791,125.9816
108,001800,109.4664
109,001820,75.8039
110,001880,78.0827
111,001940,29.6124
112,002020,122.2997
113,002021,337.9817
114,002030,104.818
115,002070,93.3192
116,002100,125.1854
117,002140,133.7215
118,002150,151.2202
119,002170,226.6597
120,002200,121.9594
121,002210,80.8082
122,002220,125.9797
123,002240,119.2014
124,002270,140.9522
125,002310,88.9819
126,002320,81.326
127,002350,62.9335
128,002360,105.7596
129,002380,156.2224
130,002390,118.2961
131,002410,92.0268
132,002450,130.301
133,002460,84.0704
134,002620,71.1487
135,002630,108.3689
136,002690,86.9424
137,002700,88.5293
138,002710,100.6723
139,002720,104.9624
140,002760,120.5709
141,002780,105.2501
142,002781,4.9468
143,002782,85.7143
144,002790,78.1295
145,002791,111.2665
146,00279K,138.7347
147,002810,89.0405
148,002820,228.2903
149,002840,107.4668
150,002870,105.6163
151,002880,80.1103
152,002900,106.7158
153,002920,43.3809
154,002960,248.6639
155,002990,156.4883
156,002991,0.0
157,003000,80.217
158,003010,85.8538
159,003030,139.2087
160,003060,84.4333
161,003070,121.3899
162,003071,0.0
163,003080,99.8219
164,003090,51.8139
165,003120,112.0722
166,003160,87.0985
167,003200,144.5774
168,003220,61.4328
169,003230,44.7661
170,003240,58.2228
171,003300,107.6677
172,003350,91.423
173,003410,166.2761
174,003460,247.3432
175,003470,95.7289
176,003471,106.678
177,003480,121.212
178,003490,57.1567
179,003491,91.0404
180,003520,59.0914
181,003530,96.1137
182,003531,92.1215
183,003540,47.1172
184,003541,29.9526
185,003542,201.2599
186,003550,123.6232
187,003551,53.0917
188,003560,82.5231
189,003570,54.8435
190,003580,98.1632
191,003610,106.7809
192,003650,202.0029
193,003670,130.24
194,003680,112.2138
195,003690,121.8105
196,003720,117.3936
197,003780,100.4259
198,003830,14.9449
199,003850,92.3315
200,003920,182.9967
201,003921,0.0
202,003960,121.6573
203,004000,131.7604
204,004020,146.7131
205,004060,105.5657
206,004080,27.6647
207,004090,91.769
208,004100,95.6235
209,004101,inf
210,004140,104.8669
211,004150,194.3089
212,004170,121.9998
213,004250,141.9829
214,004270,92.3087
215,004310,74.2203
216,004360,241.854
217,004370,51.4654
218,004380,112.1649
219,004410,101.3045
220,004411,6033.3333
221,004430,76.9837
222,004440,132.6158
223,004450,3.2258
224,004490,118.0063
225,004540,89.3083
226,004541,1651.7056
227,004560,81.7196
228,004690,92.1856
229,004700,62.3486
230,004710,136.3112
231,004720,88.9706
232,004770,103.0502
233,004800,184.2136
234,004830,93.7869
235,004831,99.0768
236,004840,92.4609
237,004870,90.2866
238,004890,14.425
239,004910,97.3845
240,004920,152.385
241,004960,102.2149
242,004970,58.9418
243,004980,126.6388
244,004981,148.6395
245,004990,59.8899
246,005010,133.8845
247,005030,207.4118
248,005070,124.897
249,005090,147.068
250,005110,183.8939
251,005180,72.5901
252,005190,66.7866
253,005250,78.1133
254,005300,135.0169
255,005301,188.4726
256,005320,99.9684
257,005360,81.8392
258,005380,86.3889
259,005381,88.9938
260,005382,103.6769
261,005383,25.5688
262,005390,77.4893
263,005420,121.6196
264,005430,123.9466
265,005440,45.9439
266,005490,112.0502
267,005500,38.3083
268,005610,162.8813
269,005680,34.5616
270,005690,67.737
271,005720,82.0561
272,005740,121.3557
273,005741,124.6616
274,005750,136.973
275,005800,166.6667
276,005810,43.1414
277,005820,71.2983
278,005830,157.1699
279,005850,88.6876
280,005870,84.1346
281,005880,93.7727
282,005930,88.4221
283,005931,54.6468
284,005940,210.8473
285,005941,307.2298
286,005950,68.8957
287,005960,440.912
288,005961,inf
289,006040,170.1569
290,006060,81.2754
291,006090,155.3268
292,006110,101.2845
293,006120,109.302
294,006121,91.778
295,006200,93.3143
296,006220,82.8065
297,006260,72.7692
298,006280,107.9069
299,006340,79.4343
300,006341,inf
301,006360,75.8741
302,006370,94.09
303,006380,91.6793
304,006390,145.1242
305,006400,105.85
306,006401,97.6306
307,006490,86.482
308,006570,177.358
309,006650,81.3458
310,006660,118.7176
311,006740,104.1091
312,006800,143.3351
313,006801,9.8455
314,00680K,30.8003
315,006840,51.6571
316,006880,120.131
317,006890,95.9969
318,006980,91.7905
319,007070,155.0874
320,007110,104.1092
321,007120,192.5564
322,007160,85.1002
323,007210,108.7756
324,007280,208.6991
325,007310,75.3673
326,007340,159.144
327,007460,105.1405
328,007540,164.2319
329,007570,111.2451
330,007571,0.0
331,007590,142.9969
332,007610,89.7824
333,007660,97.3239
334,007690,98.5341
335,007700,124.4926
336,007810,102.4292
337,007860,92.5954
338,007980,79.6838
339,008040,100.5405
340,008060,77.9349
341,00806K,36.6121
342,008110,66.0055
343,008250,170.2475
344,008260,118.9065
345,008350,86.1836
346,008351,20.0
347,008420,110.3174
348,008490,42.2541
349,008560,89.1134
350,008600,101.3917
351,008700,76.837
352,008730,124.2319
353,008770,91.2431
354,008771,74.5684
355,008870,130.5723
356,008930,91.4135
357,008970,87.9999
358,009070,98.7025
359,009140,112.3945
360,009150,89.006
361,009151,107.2262
362,009160,120.3739
363,009180,102.5339
364,009190,130.0276
365,009200,117.4613
366,009240,143.2338
367,009270,77.0604
368,009271,6.25
369,009290,47.0862
370,009310,88.4072
371,009320,85.2232
372,009410,159.2594
373,009411,118.7774
374,009420,79.0119
375,009440,87.1768
376,009450,107.1331
377,009460,101.366
378,009470,104.118
379,009540,188.0805
380,009580,152.7492
381,009680,126.7424
382,009770,59.7162
383,009810,149.4788
384,009830,104.5598
385,009831,126.7765
386,009900,91.0978
387,009970,49.368
388,010040,179.6085
389,010050,180.182
390,010060,93.3549
391,010100,103.6993
392,010120,121.0419
393,010130,85.8834
394,010140,137.127
395,010141,8.3333
396,010400,38.8332
397,010420,161.1684
398,010600,101.1006
399,010620,86.2645
400,010640,84.0688
401,010660,313.9297
402,010690,95.7501
403,010770,62.5826
404,010780,106.3494
405,010820,105.191
406,010950,63.7383
407,010951,145.388
408,010960,152.4817
409,011000,127.856
410,011070,74.0123
411,011090,95.683
412,011150,116.6676
413,011151,100.0
414,011170,68.2872
415,011200,101.4615
416,011210,64.8026
417,011230,91.8694
418,011280,121.4423
419,011300,94.048
420,011330,203.2267
421,011390,141.3595
422,011420,148.5738
423,011500,100.3366
424,011700,97.5437
425,011760,82.0235
426,011780,71.0162
427,011781,117.6005
428,011790,102.9894
429,011810,111.132
430,011930,110.0093
431,012030,201.375
432,012160,125.0561
433,012200,161.8016
434,012201,3.4836
435,012280,100.8762
436,012320,197.4592
437,012330,74.2359
438,012450,86.991
439,012510,38.12
440,012600,98.4149
441,012610,93.8634
442,012630,95.9311
443,012690,96.4027
444,012750,103.8979
445,012800,169.6901
446,013000,128.7487
447,013360,79.5933
448,013520,94.4729
449,013570,128.2824
450,013580,202.3135
451,013700,107.6163
452,013870,87.0495
453,013890,59.2557
454,014130,133.2602
455,014160,102.1695
456,014280,139.5667
457,014281,23.8095
458,014440,244.3411
459,014530,99.9683
460,014580,151.4675
461,014680,103.3622
462,014710,86.6596
463,014790,146.623
464,014820,67.2298
465,014830,105.784
466,014910,347.258
467,014911,27.2727
468,014990,147.0392
469,015020,103.8777
470,015230,107.9975
471,015260,147.8884
472,015350,19.8672
473,015360,2.0974
474,015540,99.0141
475,015590,123.3832
476,015760,64.1283
477,015860,57.7553
478,015890,95.9065
479,016090,121.3429
480,016360,124.1881
481,016380,123.4782
482,016450,168.5995
483,016580,53.5821
484,016590,105.8715
485,016610,162.3324
486,016710,96.3417
487,016740,99.0145
488,016800,0.0
489,016880,101.689
490,017040,75.6754
491,017180,84.9263
492,017370,70.5301
493,017390,169.5536
494,017550,66.6212
495,017670,177.5027
496,017800,128.441
497,017810,113.1588
498,017900,63.7716
499,017940,93.8509
500,017960,54.3914
501,018250,84.1835
502,018260,93.6667
503,018470,177.8996
504,018500,82.9931
505,018670,33.8349
506,018880,83.8634
507,019170,105.3708
508,019171,92.2228
509,019180,118.4571
510,019440,193.4052
511,019490,90.2045
512,019680,29.5515
513,019681,1442.31
514,020000,68.3565
515,020120,101.7546
516,020150,87.5198
517,020560,93.3551
518,020760,108.6242
519,021050,75.5478
520,021240,72.4073
521,023000,154.9485
522,023150,148.8499
523,023350,154.9685
524,023450,inf
525,023530,116.9517
526,023590,154.906
527,023800,124.0665
528,023810,85.8131
529,023960,90.9825
530,024070,186.4053
531,024090,113.724
532,024110,168.6537
533,024720,89.147
534,024890,89.7429
535,024900,92.3496
536,025000,74.4835
537,025530,1308.9595
538,025540,129.588
539,025560,83.9057
540,025620,98.9441
541,025750,101.5846
542,025820,174.023
543,025860,114.5469
544,025890,99.3634
545,026890,102.7498
546,026940,160.9052
547,026960,92.7813
548,027410,60.6984
549,027740,99.565
550,027970,113.1002
551,028050,133.8706
552,028100,93.2305
553,028260,109.477
554,02826K,185.7143
555,028670,64.003
556,029460,70.6552
557,029530,226.9966
558,029780,158.8959
559,030000,94.1971
560,030200,197.295
561,030210,140.1322
562,030610,84.0652
563,030720,48.9324
564,030790,86.1297
565,031430,140.3926
566,031440,92.8312
567,031820,98.4736
568,032350,69.0601
569,032560,62.4249
570,032640,133.3342
571,032830,106.0458
572,033180,129.5931
573,033240,56.0033
574,033250,125.304
575,033270,85.0414
576,033530,132.0738
577,033660,26.7968
578,033780,105.9404
579,033920,85.951
580,034020,97.984
581,034220,93.0932
582,034300,87.4435
583,034310,241.2217
584,034590,483.6478
585,034730,80.8904
586,03473K,102.3756
587,034830,168.5974
588,035000,38.2401
589,035150,101.9777
590,035250,42.0878
591,035420,80.7729
592,035510,127.6058
593,035720,127.9338
594,036420,107.2891
595,036460,158.8461
596,036530,146.7351
597,036570,134.5071
598,036580,115.616
599,037270,88.3474
600,037560,105.0804
601,037710,290.1038
602,039130,98.1392
603,039490,86.1716
604,039570,202.7076
605,041650,81.4571
606,042660,73.0569
607,042670,114.88
608,042700,108.0243
609,044380,103.0574
610,044450,157.5816
611,044820,102.1141
612,047040,87.1061
613,047050,139.8728
614,047400,104.5467
615,047810,92.1114
616,049770,134.4493
617,049800,153.1175
618,051600,115.7281
619,051630,100.7299
620,051900,112.433
621,051901,61.2482
622,051910,75.5614
623,051911,139.5949
624,052690,68.0188
625,053210,49.9187
626,053690,180.1617
627,055490,91.1271
628,055550,130.4852
629,057050,223.2249
630,058430,116.4967
631,058650,64.2738
632,058730,100.6636
633,058850,116.2811
634,058860,129.6318
635,060980,120.8381
636,063160,103.3787
637,064350,95.8691
638,064960,98.6409
639,066570,74.6231
640,066571,96.9376
641,067830,96.2568
642,068270,127.9701
643,068290,93.2832
644,068400,143.4717
645,069260,71.6961
646,069460,97.0955
647,069620,82.782
648,069640,296.4904
649,069730,124.7882
650,069960,128.9621
651,070960,103.2332
652,071050,92.2409
653,071051,249.8967
654,071090,152.4812
655,071320,62.7018
656,071840,168.6782
657,071950,130.6694
658,071970,87.7412
659,072130,88.3602
660,072710,69.9168
661,073240,34.7947
662,074610,85.166
663,075180,55.3219
664,075580,140.5766
665,077500,65.5157
666,077970,96.262
667,078000,44.3039
668,078520,41.4075
669,078930,53.119
670,078931,101.1645
671,079160,67.2372
672,079430,158.5115
673,079550,100.4987
674,079980,126.348
675,081000,83.9049
676,081660,101.9148
677,082640,61.3138
678,082740,100.3533
679,083420,69.1564
680,084010,102.0432
681,084670,241.3793
682,084680,114.1379
683,084690,57.3487
684,084691,0.0
685,084870,117.408
686,085310,76.3837
687,085620,59.2643
688,086280,90.3102
689,086790,105.3524
690,088260,102.2351
691,088350,134.2393
692,088790,98.2067
693,088980,361.8075
694,089470,105.5679
695,089590,71.8982
696,090080,27.8902
697,090350,91.6501
698,090351,161.5385
699,090370,96.9361
700,090430,167.5956
701,090431,99.8356
702,091090,159.2409
703,091810,89.4384
704,092200,112.7396
705,092220,114.0878
706,092230,159.3497
707,092440,90.2961
708,092780,80.0838
709,093050,65.3938
710,093230,105.1589
711,093240,106.2587
712,093370,90.5543
713,094280,174.2305
714,094800,82.4228
715,095570,237.2054
716,095720,92.7915
717,096300,0.0
718,096760,57.9274
719,096770,84.6323
720,096771,117.5076
721,097230,200.3206
722,097950,86.7425
723,097951,69.4605
724,100220,201.6357
725,100250,94.7557
726,100840,171.7071
727,101060,24.7787
728,101140,88.8117
729,101530,96.7207
730,102260,156.2449
731,102280,58.687
732,102460,101.9215
733,103140,79.7822
734,103590,149.4962
735,104700,119.2168
736,105560,134.8904
737,105630,107.6922
738,105840,128.2496
739,107590,85.4878
740,108670,142.669
741,108671,112.9529
742,111110,140.1387
743,111770,197.0735
744,112610,124.2608
745,114090,44.2303
746,115390,133.117
747,117580,146.6866
748,118000,146.6717
749,119650,80.0852
750,120030,98.7558
751,120110,100.1096
752,120111,198.0769
753,122900,48.7991
754,123690,47.4686
755,123700,20.7656
756,123890,162.7925
757,126560,77.1116
758,128820,149.0584
759,128940,95.8965
760,129260,93.1886
761,130660,126.7436
762,133820,131.498
763,134380,inf
764,134790,195.0808
765,136490,119.1558
766,138040,72.2605
767,138250,104.9478
768,138490,157.0369
769,138930,77.1132
770,139130,92.3748
771,139480,80.6528
772,140910,126.0591
773,143210,74.7743
774,144620,80.4897
775,145210,116.3524
776,145270,60.8483
777,145720,160.535
778,145990,72.1451
779,155660,184.3821
780,161000,128.6948
781,161390,140.9756
782,161890,119.845
783,163560,192.3266
784,170900,38.802
785,175330,135.6868
786,180640,76.5411
787,18064K,82.7454
788,181710,96.7547
789,183190,130.6219
790,185750,56.1421
791,192080,92.6252
792,192400,133.9963
793,192650,83.4838
794,192820,73.7459
795,194370,105.1979
796,195870,126.5088
797,200880,95.0725
798,204210,0.0
799,204320,55.5522
800,207940,109.9506
801,210540,80.4785
802,210980,80.9551
803,213500,85.4647
804,214320,148.2565
805,214330,117.0841
806,214390,72.2773
807,214420,63.5894
808,226320,87.7557
809,227840,104.264
810,229640,120.6582
811,234080,141.4261
812,241560,116.2865
813,241590,76.5923
814,244920,92.457
815,248070,117.2619
816,248170,81.7305
817,249420,27.7711
818,251270,124.9154
819,264900,93.6861
820,26490K,117.2006
821,267250,90.8952
822,267260,77.8926
823,267270,111.3711
824,267290,130.5939
825,267850,91.7498
826,268280,88.5273
827,271560,95.6644
828,271980,55.6981
829,272210,126.197
830,272450,58.2673
831,272550,113.1757
832,280360,155.3834
833,281820,216.4473
834,282330,70.2878
835,282690,514.2167
836,284740,83.2195
837,285130,91.8633
838,28513K,122.4093
839,286940,130.3789
840,293480,162.7553
841,293940,165.0441
842,294870,97.8667
843,298000,89.0175
844,298020,99.8381
845,298040,104.2676
846,298050,83.1762
847,298690,95.1009
848,300720,97.5455
849,302440,22.9335
850,306200,112.4767
851,307950,107.0949
852,308170,89.5045
853,316140,114.5753
854,317400,102.4863
855,322000,184.9335
856,326030,38.6844
857,330590,225.6994
858,334890,139.6551
859,336260,84.5006
860,33626K,103.4907
861,336370,51.7527
862,33637K,67.5144
863,338100,93.0032
864,339770,95.5212
865,344820,72.9714
866,348950,119.0107
867,350520,76.773
868,352820,101.0461
869,353200,68.1022
870,35320K,114.9939
871,357120,168.6705
872,357250,148.5601
873,363280,85.9382
874,36328K,318.2699
875,365550,159.7302
876,375500,92.6857
877,37550K,43.4761
878,378850,99.0567
879,5307W1,97.5634
880,702070,93.4668
881,000057,118.6383
882,000214,63.7143
883,000250,87.1595
884,000295,174.8541
885,000312,99.9582
886,000341,88.1584
887,000440,105.0028
888,000449,64.2766
889,001000,72.1781
890,001540,69.8647
891,001810,101.1388
892,001840,95.1652
893,002230,76.0044
894,002290,107.9332
895,002680,115.9219
896,002800,79.3339
897,003100,62.7509
898,003310,95.7581
899,003380,103.4421
900,003800,377.5398
901,004590,85.0024
902,004650,302.5102
903,004780,87.9096
904,005160,146.8734
905,005290,79.3227
906,005670,84.1291
907,005710,105.8259
908,005860,87.1985
909,005990,145.5117
910,006050,168.182
911,006140,64.3496
912,006620,107.3842
913,006730,56.3032
914,006910,87.1189
915,006920,144.1411
916,007330,63.3175
917,007370,117.1155
918,007390,192.8094
919,007530,108.2258
920,007680,124.1865
921,007720,113.2913
922,007770,103.1785
923,007820,117.1807
924,008290,109.3551
925,008370,100.6787
926,008470,150.0584
927,008830,139.9848
928,009300,68.5968
929,009520,104.0524
930,009620,114.9889
931,009780,78.0082
932,010170,117.4412
933,010240,104.1336
934,010280,198.717
935,010470,101.8111
936,011040,85.9274
937,011080,87.1457
938,011320,77.0877
939,011370,106.2946
940,011560,222.0854
941,012340,106.2415
942,012620,167.7276
943,012700,100.6285
944,012790,37.4525
945,012860,100.5931
946,013030,123.1699
947,013120,83.9421
948,013310,99.2139
949,013720,79.1456
950,013810,125.1133
951,013990,60.6008
952,014100,6.8576
953,014190,100.7184
954,014200,120.1405
955,014470,97.4299
956,014570,163.0329
957,014620,105.8503
958,014940,116.1977
959,014970,201.8892
960,015710,90.4518
961,015750,69.5494
962,016100,111.0145
963,016250,139.6094
964,016600,229.7545
965,016790,107.5029
966,016920,136.7845
967,017000,99.6489
968,017250,106.0545
969,017480,175.4772
970,017510,129.4515
971,017650,61.1092
972,017890,140.9807
973,018000,145.4572
974,018120,112.8329
975,018290,89.1357
976,018310,142.553
977,018620,129.7678
978,018680,140.6357
979,018700,112.6313
980,019010,130.6509
981,019210,112.3899
982,019540,146.6739
983,019550,112.1373
984,019570,190.64
985,019590,78.0371
986,019660,97.5423
987,019770,93.247
988,019990,97.628
989,020180,89.2654
990,020400,76.7439
991,020710,194.0065
992,021040,90.2346
993,021041,23.4702
994,021080,100.8727
995,021320,106.1648
996,021650,96.2639
997,021880,199.9093
998,022100,97.8243
999,022220,175.2006
1000,023160,148.4504
1001,023410,167.895
1002,023440,149.2392
1003,023460,93.3078
1004,023600,155.2104
1005,023760,112.7626
1006,023770,109.1361
1007,023790,230.3101
1008,023890,70.5262
1009,023900,204.0239
1010,023910,206.6506
1011,024060,97.9095
1012,024120,93.5982
1013,024740,153.1603
1014,024800,112.1167
1015,024810,94.8171
1016,024840,170.8883
1017,024850,104.8971
1018,024880,85.429
1019,024910,81.519
1020,024940,120.5652
1021,024950,132.3894
1022,025320,54.4655
1023,025440,98.8177
1024,025550,124.9116
1025,025770,187.7357
1026,025870,97.2848
1027,025880,110.0255
1028,025900,82.2786
1029,025950,101.5735
1030,025980,104.1354
1031,026040,263.8107
1032,026150,104.1972
1033,026910,79.5726
1034,027040,133.7377
1035,027050,56.137
1036,027360,98.9026
1037,027580,162.389
1038,027710,85.9345
1039,027830,98.6394
1040,028080,36.248
1041,028150,91.5022
1042,028300,76.8239
1043,029480,104.4148
1044,029960,160.4945
1045,030190,193.7713
1046,030350,129.9073
1047,030520,72.3921
1048,030530,85.1137
1049,030960,93.9057
1050,031310,103.204
1051,031330,83.5474
1052,031390,102.3819
1053,031510,108.3564
1054,031860,124.4531
1055,031980,18.8891
1056,032080,147.2442
1057,032190,113.9903
1058,032280,111.2816
1059,032300,97.0442
1060,032500,76.7264
1061,032540,76.6177
1062,032580,103.3869
1063,032620,134.6836
1064,032680,162.3265
1065,032681,inf
1066,032750,96.7206
1067,032800,134.6882
1068,032820,103.0622
1069,032850,119.2106
1070,032860,92.9132
1071,032940,107.5697
1072,032960,130.082
1073,032980,83.0604
1074,033050,230.9191
1075,033100,130.9108
1076,033130,91.1876
1077,033160,73.6628
1078,033170,126.9668
1079,033200,124.434
1080,033230,172.3305
1081,033290,247.3919
1082,033310,105.5401
1083,033320,96.2197
1084,033340,404.1284
1085,033500,103.0318
1086,033540,89.0447
1087,033560,107.823
1088,033640,98.5015
1089,034230,39.2007
1090,034810,118.6931
1091,034940,53.0154
1092,034950,78.3241
1093,035080,108.8417
1094,035200,252.9382
1095,035460,128.0988
1096,035600,52.5271
1097,035610,103.7068
1098,035620,186.6895
1099,035760,93.2944
1100,035810,85.5192
1101,035890,85.3174
1102,035900,183.3939
1103,036000,50.5029
1104,036010,69.8957
1105,036030,97.4904
1106,036090,98.4355
1107,036120,103.3797
1108,036170,130.6939
1109,036190,56.9048
1110,036200,66.1139
1111,036480,64.6419
1112,036490,148.9959
1113,036540,99.7337
1114,036560,90.3214
1115,036620,142.639
1116,036630,113.0443
1117,036640,76.0344
1118,036670,192.3924
1119,036690,128.4615
1120,036710,53.2736
1121,036800,190.1144
1122,036810,101.3187
1123,036830,47.8903
1124,036890,92.0454
1125,036930,107.9521
1126,037030,100.1749
1127,037070,110.5877
1128,037230,87.5457
1129,037330,82.5967
1130,037350,106.6997
1131,037370,122.627
1132,037400,105.5204
1133,037440,114.4951
1134,037460,106.4362
1135,037760,101.5239
1136,037950,182.7435
1137,038010,92.262
1138,038060,100.8001
1139,038070,84.1637
1140,038110,106.6795
1141,038290,83.449
1142,038340,136.2913
1143,038390,111.5149
1144,038460,93.7911
1145,038500,99.35
1146,038530,135.6712
1147,038540,158.1778
1148,038620,101.2184
1149,038680,153.8808
1150,038870,96.7718
1151,038880,85.7742
1152,038950,136.4402
1153,039010,106.9414
1154,039020,63.2625
1155,039030,72.7426
1156,039200,73.5083
1157,039240,118.6635
1158,039290,114.3816
1159,039310,63.9158
1160,039340,168.1251
1161,039420,87.0625
1162,039440,128.3526
1163,039560,85.5927
1164,039610,83.3916
1165,039740,50.8777
1166,039830,86.1436
1167,039840,102.1747
1168,039860,90.831
1169,039980,225.5276
1170,040160,130.6904
1171,040300,151.127
1172,040350,94.5833
1173,040420,186.2002
1174,040610,97.4195
1175,040910,88.4464
1176,041020,132.2655
1177,041140,122.993
1178,041190,101.8923
1179,041440,143.4134
1180,041460,95.3006
1181,041510,89.8468
1182,041520,98.3805
1183,041590,150.3018
1184,041830,154.6319
1185,041910,139.0583
1186,041920,93.6366
1187,041930,93.1271
1188,041960,32.1195
1189,042000,109.2375
1190,042040,87.1951
1191,042110,154.5848
1192,042370,86.8712
1193,042420,78.8875
1194,042500,138.052
1195,042510,99.8727
1196,042520,102.505
1197,042600,88.1984
1198,042940,88.6583
1199,043090,100.0155
1200,043150,216.117
1201,043200,136.2622
1202,043220,168.2716
1203,043260,94.9541
1204,043290,91.3371
1205,043340,250.582
1206,043360,156.0003
1207,043370,118.7285
1208,043610,98.8253
1209,043650,114.33
1210,043710,114.1432
1211,043910,86.4314
1212,044060,104.6446
1213,044180,95.6092
1214,044340,79.8573
1215,044480,103.2614
1216,044490,155.7852
1217,044780,132.8595
1218,044960,76.4167
1219,045060,218.9592
1220,045100,72.8057
1221,045300,121.3082
1222,045340,106.6481
1223,045390,104.5586
1224,045510,169.262
1225,045520,136.8779
1226,045660,102.3829
1227,045890,91.1763
1228,045970,138.7745
1229,046070,146.9516
1230,046110,126.7553
1231,046120,84.9637
1232,046140,149.8643
1233,046210,80.7666
1234,046310,86.8176
1235,046390,96.2675
1236,046440,63.1052
1237,046890,66.5618
1238,046940,110.8699
1239,046970,170.9213
1240,047080,100.931
1241,047310,84.4667
1242,047560,101.7665
1243,047770,98.0166
1244,047820,104.1839
1245,047920,93.644
1246,048260,121.4678
1247,048410,94.8422
1248,048430,181.9089
1249,048470,66.841
1250,048530,102.6023
1251,048550,162.3805
1252,048770,102.9658
1253,048830,98.1059
1254,048870,96.3921
1255,048910,95.1003
1256,049070,81.7541
1257,049080,98.3466
1258,049120,89.8759
1259,049180,75.8316
1260,049430,163.453
1261,049470,201.9419
1262,049480,124.9288
1263,049520,81.7003
1264,049550,97.2685
1265,049630,126.82
1266,049720,155.2904
1267,049830,64.2985
1268,049950,37.1047
1269,049960,35.9655
1270,050090,94.0821
1271,050110,96.1916
1272,050120,88.2213
1273,050760,96.386
1274,050860,143.0998
1275,050890,102.0356
1276,050960,103.713
1277,051160,127.8727
1278,051360,120.3512
1279,051370,98.8835
1280,051380,195.0642
1281,051390,59.9046
1282,051490,93.0752
1283,051500,61.521
1284,051780,144.8036
1285,051980,95.1027
1286,052020,71.1888
1287,052220,100.3444
1288,052260,43.3014
1289,052300,75.4236
1290,052330,91.8712
1291,052400,101.1566
1292,052420,100.0139
1293,052460,100.264
1294,052600,102.0367
1295,052670,120.107
1296,052710,97.1513
1297,052790,123.6745
1298,052860,173.8939
1299,052900,102.1378
1300,053030,94.1421
1301,053050,192.6199
1302,053060,88.6362
1303,053080,90.637
1304,053110,100.2541
1305,053160,107.2355
1306,053260,77.4026
1307,053270,86.1455
1308,053280,161.3284
1309,053290,105.0946
1310,053300,84.3291
1311,053350,217.9037
1312,053450,101.0373
1313,053580,129.6355
1314,053590,87.9118
1315,053610,96.6232
1316,053620,82.2032
1317,053700,116.0077
1318,053800,83.1368
1319,053950,108.2435
1320,053980,65.2236
1321,054040,109.9534
1322,054050,177.698
1323,054090,100.1234
1324,054180,102.4852
1325,054210,95.7913
1326,054300,83.2952
1327,054410,97.1263
1328,054450,90.2539
1329,054540,119.9563
1330,054620,107.6211
1331,054630,100.653
1332,054670,47.8741
1333,054780,88.1822
1334,054800,9.4766
1335,054920,100.6526
1336,054930,167.2743
1337,054940,78.856
1338,054950,150.3026
1339,056080,93.6204
1340,056090,119.0847
1341,056190,57.9057
1342,056360,96.7352
1343,056700,98.1709
1344,057030,113.6376
1345,057540,97.0966
1346,057680,72.3138
1347,057880,69.5047
1348,058110,107.4479
1349,058470,116.4487
1350,058610,60.1093
1351,058630,103.0469
1352,058820,79.1635
1353,059090,107.4083
1354,059100,81.3144
1355,059120,91.9681
1356,059210,80.9908
1357,060150,143.0631
1358,060230,75.5836
1359,060240,103.4516
1360,060250,84.7063
1361,060260,135.8459
1362,060280,118.8817
1363,060310,132.0931
1364,060370,96.6073
1365,060380,126.478
1366,060480,172.3151
1367,060540,258.3522
1368,060560,97.737
1369,060570,152.858
1370,060590,92.1099
1371,060720,103.2702
1372,060850,190.6105
1373,060900,130.5527
1374,061040,98.4435
1375,061250,81.725
1376,061970,82.1181
1377,062860,146.4396
1378,062970,65.7507
1379,063080,96.6476
1380,063170,100.5123
1381,063440,103.7799
1382,063570,101.3594
1383,063760,89.1933
1384,064090,103.7265
1385,064240,114.3531
1386,064260,98.7585
1387,064290,103.4864
1388,064480,146.8533
1389,064510,183.0297
1390,064550,49.992
1391,064760,145.8625
1392,064800,184.9932
1393,064820,114.6602
1394,064850,95.8476
1395,065060,52.3585
1396,065130,99.7303
1397,065170,153.1502
1398,065350,76.8663
1399,065370,60.5762
1400,065440,143.6847
1401,065450,103.0065
1402,065500,99.618
1403,065510,80.5598
1404,065530,140.2668
1405,065570,99.5676
1406,065650,106.336
1407,065660,85.976
1408,065680,154.8114
1409,065690,76.0602
1410,065710,90.5098
1411,065770,126.5065
1412,065950,95.6316
1413,066130,104.9986
1414,066310,52.8298
1415,066360,98.1267
1416,066410,138.0015
1417,066430,123.0019
1418,066590,75.6957
1419,066620,175.4406
1420,066670,72.4981
1421,066700,83.79
1422,066900,115.2805
1423,066910,90.2052
1424,066970,123.9514
1425,066980,55.6167
1426,067000,98.2148
1427,067010,100.7475
1428,067080,54.4054
1429,067160,102.5191
1430,067170,221.2187
1431,067280,117.5064
1432,067290,118.2915
1433,067310,80.3757
1434,067390,84.706
1435,067570,112.1353
1436,067630,114.8355
1437,067730,99.4616
1438,067770,56.9967
1439,067900,67.5148
1440,067920,143.2838
1441,067990,51.8187
1442,068050,97.173
1443,068240,91.5866
1444,068330,130.2012
1445,068760,77.5944
1446,068790,106.1994
1447,068930,62.8734
1448,068940,79.9234
1449,069080,76.855
1450,069110,96.584
1451,069140,87.713
1452,069410,169.6079
1453,069510,38.0281
1454,069920,121.2887
1455,070590,158.1204
1456,071200,94.3004
1457,071280,111.1311
1458,071460,125.9337
1459,071670,86.1974
1460,071850,107.3643
1461,072020,97.356
1462,072470,128.3157
1463,072520,91.6763
1464,072770,106.1681
1465,072870,250.4595
1466,072950,179.1862
1467,072990,192.2619
1468,073010,112.0302
1469,073110,103.1929
1470,073190,97.5072
1471,073490,77.3892
1472,073540,110.7034
1473,073560,88.8438
1474,073570,96.7239
1475,073640,38.6486
1476,074430,95.674
1477,074600,123.6728
1478,075130,113.4951
1479,075970,102.8054
1480,076080,138.1866
1481,076610,88.0367
1482,077360,110.556
1483,078020,184.3827
1484,078070,67.4845
1485,078130,111.9552
1486,078140,318.0047
1487,078150,96.7525
1488,078160,109.8865
1489,078340,73.6814
1490,078350,214.5399
1491,078590,101.4449
1492,078600,95.4227
1493,078650,133.8639
1494,078860,87.5274
1495,078890,104.1016
1496,078940,59.8915
1497,079000,181.9543
1498,079170,88.8715
1499,079370,96.5551
1500,079650,141.7229
1501,079810,147.4109
1502,079940,113.8438
1503,079950,53.353
1504,079960,61.502
1505,079970,101.3245
1506,080000,86.429
1507,080010,22.0075
1508,080160,53.1119
1509,080220,95.4989
1510,080420,92.4725
1511,080470,97.2169
1512,080520,70.2094
1513,080530,149.9322
1514,080580,103.6208
1515,080720,118.2491
1516,081150,97.3129
1517,081580,138.911
1518,082210,65.2215
1519,082270,96.1754
1520,082660,144.298
1521,082800,117.4363
1522,082850,80.3127
1523,082920,94.7846
1524,083310,113.2524
1525,083450,96.1636
1526,083500,109.6996
1527,083550,155.935
1528,083640,100.8014
1529,083650,98.6947
1530,083660,94.9608
1531,083790,100.6428
1532,083930,66.3209
1533,084110,89.758
1534,084180,106.8433
1535,084370,93.7838
1536,084650,96.7628
1537,084730,92.0764
1538,084850,82.0356
1539,084990,102.7844
1540,085370,91.5029
1541,085660,88.6004
1542,085670,113.9576
1543,085810,98.0596
1544,085910,179.6199
1545,086040,37.4458
1546,086060,100.3763
1547,086390,112.2264
1548,086450,47.1774
1549,086520,86.5535
1550,086670,136.6682
1551,086710,124.0022
1552,086820,93.8882
1553,086890,98.7299
1554,086900,90.9757
1555,086960,81.2369
1556,086980,100.9146
1557,087010,86.0481
1558,087260,107.1365
1559,087600,104.4231
1560,088130,38.4403
1561,088290,87.8627
1562,088390,165.0364
1563,088800,103.6356
1564,088910,95.8061
1565,089010,36.9503
1566,089030,52.2657
1567,089140,103.9279
1568,089150,99.0448
1569,089230,125.615
1570,089530,96.9006
1571,089600,123.9085
1572,089790,67.6693
1573,089850,150.6755
1574,089890,96.5215
1575,089970,130.5454
1576,089980,82.3506
1577,090150,107.9455
1578,090360,87.7611
1579,090410,92.5402
1580,090460,63.4258
1581,090470,66.6572
1582,090710,120.0337
1583,090740,124.2107
1584,090850,126.5029
1585,091120,51.0199
1586,091340,98.7048
1587,091440,246.2928
1588,091580,102.1927
1589,091590,130.8905
1590,091700,89.4507
1591,091970,77.7661
1592,091990,69.8635
1593,092040,103.5499
1594,092070,86.1021
1595,092130,88.2668
1596,092190,105.7289
1597,092300,68.5431
1598,092460,87.2693
1599,092600,112.7803
1600,092730,204.5494
1601,092870,129.0137
1602,093190,492.3584
1603,093320,155.1946
1604,093380,103.9105
1605,093520,121.6097
1606,093640,90.2245
1607,093920,106.798
1608,094170,88.1664
1609,094360,102.3229
1610,094480,101.7069
1611,094820,157.184
1612,094840,76.4987
1613,094850,88.9645
1614,094860,92.11
1615,094940,89.425
1616,094970,91.0032
1617,095190,99.9045
1618,095270,100.8229
1619,095340,95.4617
1620,095500,104.2954
1621,095610,125.7628
1622,095660,116.1001
1623,095700,94.8876
1624,095910,102.3826
1625,096040,99.3871
1626,096240,144.8486
1627,096350,109.9835
1628,096530,74.7912
1629,096610,95.2796
1630,096630,118.7533
1631,096640,94.235
1632,096690,86.594
1633,096870,119.9265
1634,097520,81.3935
1635,097780,124.8456
1636,097800,123.0623
1637,097870,241.0322
1638,098120,81.3665
1639,098460,100.1792
1640,098660,72.6673
1641,099190,121.4316
1642,099220,67.1192
1643,099320,74.4827
1644,099410,213.5833
1645,099440,99.8344
1646,099520,66.8149
1647,099750,48.1566
1648,100030,84.1329
1649,100090,101.8237
1650,100120,240.3193
1651,100130,130.6287
1652,100590,160.7061
1653,100660,121.8838
1654,100700,107.7504
1655,100790,106.1631
1656,101000,126.7662
1657,101160,95.0761
1658,101170,132.1722
1659,101240,124.6228
1660,101330,100.3686
1661,101360,113.0127
1662,101390,90.7874
1663,101400,96.2138
1664,101490,115.4466
1665,101670,122.7795
1666,101730,91.3456
1667,101930,93.6367
1668,102120,82.7321
1669,102710,92.5215
1670,102940,73.9967
1671,103840,95.9974
1672,104040,100.2503
1673,104200,108.4055
1674,104460,123.9028
1675,104480,132.9142
1676,104540,73.2707
1677,104620,77.7437
1678,104830,95.6401
1679,105330,65.6137
1680,105550,106.6616
1681,105740,132.5475
1682,106190,118.3963
1683,106240,134.6933
1684,106520,86.0282
1685,108230,81.8541
1686,108320,71.9136
1687,108380,125.062
1688,108490,100.4008
1689,108860,122.5434
1690,109080,111.3079
1691,109610,102.9907
1692,109740,72.799
1693,109820,32.1077
1694,109860,84.9693
1695,109960,90.9789
1696,110020,64.3632
1697,110790,112.9609
1698,110990,81.642
1699,111710,114.8787
1700,111870,75.784
1701,112040,133.6279
1702,113810,166.0139
1703,114120,98.7007
1704,114450,83.9877
1705,114630,135.7897
1706,114810,114.5707
1707,115160,135.2255
1708,115180,65.7109
1709,115310,100.0
1710,115440,46.452
1711,115450,121.3717
1712,115480,127.82
1713,115500,104.4457
1714,115570,94.5614
1715,115610,104.5451
1716,115960,101.2296
1717,117670,99.2276
1718,117730,85.187
1719,118990,101.2543
1720,119500,109.5264
1721,119610,82.2419
1722,119830,139.7276
1723,119850,147.535
1724,119860,60.8457
1725,120240,93.3723
1726,121440,75.1193
1727,121600,99.0735
1728,121800,98.1698
1729,121850,76.0812
1730,122310,131.6296
1731,122350,92.6304
1732,122450,80.0118
1733,122640,88.7822
1734,122690,123.7992
1735,122870,64.6235
1736,122990,48.8479
1737,123010,122.4572
1738,123040,100.8825
1739,123330,71.3431
1740,123410,74.3165
1741,123420,104.4338
1742,123570,276.343
1743,123750,117.6585
1744,123840,68.9913
1745,123860,50.6964
1746,124500,75.0952
1747,124560,95.7762
1748,125210,109.7242
1749,126340,92.1354
1750,126600,91.826
1751,126640,93.6389
1752,126700,127.2784
1753,126870,116.1683
1754,126880,89.0737
1755,127120,71.9399
1756,127710,233.9234
1757,128540,99.9794
1758,128660,91.1429
1759,129890,138.9448
1760,130500,245.672
1761,130580,161.6835
1762,130740,119.1456
1763,131030,114.196
1764,131090,26.1094
1765,131100,93.2234
1766,131180,191.5687
1767,131220,126.9992
1768,131290,94.9024
1769,131370,64.2976
1770,131390,98.1459
1771,131400,151.7457
1772,131760,122.9018
1773,131970,101.3964
1774,133750,95.9481
1775,134060,108.4721
1776,134580,72.3387
1777,136480,106.9109
1778,136510,83.9721
1779,136540,77.7702
1780,137400,92.4628
1781,137940,87.3742
1782,137950,131.1546
1783,138070,82.2959
1784,138080,68.1799
1785,138580,136.557
1786,138610,116.0268
1787,138690,98.3014
1788,139050,128.3619
1789,139670,86.8542
1790,140070,78.407
1791,140410,94.1773
1792,140520,99.431
1793,140670,97.3383
1794,140860,136.0802
1795,141000,60.9215
1796,141070,109.8583
1797,141080,143.8176
1798,142210,86.0547
1799,142280,49.609
1800,142760,100.1285
1801,143160,62.552
1802,143240,251.3619
1803,143540,35.952
1804,144510,106.09
1805,144960,103.5282
1806,145020,107.7859
1807,147760,107.7502
1808,147830,197.7137
1809,148140,94.3709
1810,148150,140.5787
1811,148250,119.1008
1812,149950,61.5251
1813,149980,162.8468
1814,150840,110.0098
1815,150900,121.6914
1816,151860,113.9468
1817,151910,76.6793
1818,153460,35.2713
1819,153490,64.9031
1820,153710,55.9076
1821,154030,104.0209
1822,154040,144.5104
1823,155650,91.0144
1824,156100,65.3002
1825,158430,93.7995
1826,159580,98.4621
1827,160550,106.8967
1828,160980,74.0795
1829,161570,66.5518
1830,161580,112.6616
1831,163730,96.4595
1832,164060,116.6096
1833,166090,191.4466
1834,166480,54.8332
1835,169330,210.5028
1836,170030,91.675
1837,170790,172.2659
1838,170920,64.897
1839,171010,86.4113
1840,171090,105.3085
1841,171120,143.0527
1842,173130,84.081
1843,173940,76.4567
1844,174880,99.1692
1845,174900,86.9769
1846,175140,161.6932
1847,175250,101.0655
1848,177350,91.1653
1849,177830,180.275
1850,178320,98.6262
1851,178920,183.638
1852,179290,71.7688
1853,179900,147.2441
1854,181340,76.0515
1855,182360,84.0791
1856,182400,121.189
1857,182690,109.8416
1858,183300,105.5288
1859,183490,101.8914
1860,184230,104.7743
1861,185490,98.6738
1862,186230,84.2646
1863,187220,62.5374
1864,187270,114.1822
1865,187420,77.2711
1866,187790,112.1776
1867,187870,78.5927
1868,189300,80.7407
1869,189330,123.8724
1870,189690,133.1125
1871,189860,174.2036
1872,189980,99.3051
1873,190510,137.9752
1874,190650,148.1644
1875,191410,142.7369
1876,191420,125.7582
1877,192250,100.8283
1878,192390,177.9667
1879,192410,103.7541
1880,192440,95.1312
1881,193250,99.6649
1882,194480,95.91
1883,194700,105.4537
1884,195500,72.3014
1885,195990,63.6097
1886,196170,74.9023
1887,196300,70.7774
1888,196490,111.5499
1889,196700,122.8698
1890,197140,74.7744
1891,198080,33.3345
1892,198440,100.2275
1893,1990V1,150.2816
1894,199820,119.7716
1895,200130,64.1761
1896,200230,77.7794
1897,200470,80.5287
1898,200670,123.1453
1899,200710,80.9171
1900,200780,108.0878
1901,201490,47.7281
1902,203450,104.4473
1903,203650,96.7874
1904,203690,51.9186
1905,204020,151.578
1906,204270,45.6737
1907,204620,78.8928
1908,204630,102.2499
1909,204840,111.1556
1910,205100,96.2226
1911,205470,91.0569
1912,205500,133.7391
1913,206400,76.8357
1914,206560,96.8425
1915,206640,49.9207
1916,206650,118.1279
1917,207760,151.6369
1918,208140,99.9718
1919,208340,57.4794
1920,208350,110.3749
1921,208370,176.3061
1922,208640,110.916
1923,208710,98.5268
1924,208860,118.3738
1925,211270,104.2548
1926,2114A1,122.6182
1927,2115T1,318.4461
1928,212560,89.2563
1929,213090,0.0
1930,213420,104.6056
1931,214150,72.9222
1932,214180,122.7326
1933,214260,103.6138
1934,214270,101.424
1935,214310,106.4552
1936,214370,70.4771
1937,214430,215.2685
1938,214450,145.7414
1939,214610,82.5458
1940,214680,91.7928
1941,214870,107.9106
1942,215000,89.4391
1943,215090,135.6718
1944,215100,89.0347
1945,215200,84.2914
1946,215360,125.2607
1947,215380,62.1357
1948,215480,93.7859
1949,215790,158.138
1950,216050,88.8179
1951,216080,83.5171
1952,217190,86.6473
1953,217270,110.8327
1954,217330,77.6917
1955,217480,81.6752
1956,217500,100.3985
1957,217600,85.5634
1958,217620,102.7205
1959,217730,70.7685
1960,217820,90.417
1961,218150,117.5713
1962,218410,86.8291
1963,219130,89.9894
1964,219420,190.8083
1965,219550,127.6045
1966,219750,108.6546
1967,220100,55.9071
1968,220180,116.6039
1969,220260,104.319
1970,220630,95.0814
1971,221610,98.3229
1972,221840,135.4923
1973,221980,124.7111
1974,222040,94.3804
1975,222080,91.6235
1976,222110,89.0947
1977,222420,109.3719
1978,222800,93.7448
1979,222810,93.8053
1980,222980,100.8412
1981,223250,100.0617
1982,224060,93.3505
1983,224110,112.077
1984,225190,96.0255
1985,225220,93.9041
1986,225330,121.8364
1987,225430,112.0551
1988,225530,97.3874
1989,225570,84.2938
1990,225590,129.8022
1991,226330,84.3285
1992,226340,81.7945
1993,226360,83.456
1994,226400,40.2708
1995,226440,91.1139
1996,226950,127.3476
1997,227100,135.0431
1998,227610,86.3768
1999,227950,94.1377
2000,228340,114.5069
2001,228670,73.1597
2002,228760,48.9214
2003,228850,289.508
2004,229000,90.0902
2005,230240,94.0928
2006,230360,59.363
2007,230980,130.5847
2008,232140,60.758
2009,234100,99.0639
2010,234300,91.4193
2011,234340,122.0742
2012,234690,54.7037
2013,234920,129.8209
2014,235980,91.607
2015,236200,59.3703
2016,236810,100.4091
2017,237690,115.9121
2018,237750,130.3679
2019,237820,67.6686
2020,237880,67.9284
2021,238090,103.553
2022,238120,63.8177
2023,238200,114.8601
2024,238490,103.3774
2025,239340,107.0934
2026,239610,114.4294
2027,239890,99.309
2028,240810,73.6468
2029,241520,90.6549
2030,241690,126.731
2031,241710,150.7888
2032,241770,114.7375
2033,241790,121.7574
2034,241820,120.2789
2035,241840,91.8055
2036,242040,115.4946
2037,243070,139.5311
2038,243840,71.6667
2039,244460,111.1113
2040,245620,39.8914
2041,246690,101.8976
2042,246710,114.4814
2043,246720,92.9444
2044,246960,116.8891
2045,247540,127.1357
2046,247660,100.3916
2047,250000,132.097
2048,250060,99.0844
2049,250930,186.8899
2050,251370,102.6318
2051,251630,107.3634
2052,251970,82.1274
2053,252500,105.9286
2054,253450,162.7881
2055,253590,108.2074
2056,253840,66.6785
2057,254120,163.8101
2058,255220,290.8049
2059,255440,80.6258
2060,256150,128.7701
2061,256630,100.5253
2062,256840,102.0709
2063,256940,103.4637
2064,258610,108.4123
2065,258790,89.8615
2066,258830,111.1125
2067,259630,102.8285
2068,260660,32.9356
2069,260930,98.0368
2070,261200,78.2529
2071,262260,95.4172
2072,262840,133.654
2073,263020,89.9907
2074,263050,64.623
2075,263600,112.7896
2076,263690,81.203
2077,263700,101.0203
2078,263720,85.5823
2079,263750,75.827
2080,263770,113.9205
2081,263800,160.5181
2082,263810,88.1603
2083,263860,118.509
2084,264450,90.1726
2085,264660,129.4085
2086,264850,111.0166
2087,265520,81.6015
2088,265560,100.8437
2089,265740,127.7293
2090,267320,90.6335
2091,267790,91.2906
2092,267980,81.9266
2093,268600,68.3063
2094,269620,88.1518
2095,270520,110.6726
2096,270870,92.0036
2097,272110,97.366
2098,272290,107.8398
2099,273060,72.2582
2100,274090,107.6981
2101,275630,101.4807
2102,277070,182.7696
2103,277410,190.9714
2104,277810,86.8872
2105,277880,107.7377
2106,278280,128.2825
2107,278650,95.756
2108,279600,128.1741
2109,281740,100.0394
2110,282880,84.339
2111,284620,71.515
2112,285490,103.3607
2113,286750,100.1664
2114,287410,115.8426
2115,288330,87.9138
2116,288620,127.5542
2117,289010,116.7939
2118,289080,124.6538
2119,289220,68.9586
2120,290120,59.2459
2121,290270,223.2317
2122,290380,66.6932
2123,290510,86.0547
2124,290520,73.9198
2125,290550,84.4519
2126,290650,91.2119
2127,290660,185.9878
2128,290670,109.9562
2129,290690,108.7664
2130,290720,148.9214
2131,290740,229.6805
2132,291650,111.7736
2133,293490,162.3154
2134,293580,93.5362
2135,293780,103.5354
2136,294090,137.308
2137,294140,75.2741
2138,294630,135.9046
2139,297090,93.3382
2140,297570,100.2119
2141,297890,130.402
2142,298060,128.5326
2143,298380,69.4569
2144,298540,107.47
2145,299030,90.5801
2146,299170,110.9171
2147,299660,112.5555
2148,299900,98.0123
2149,299910,102.1365
2150,300080,175.9513
2151,300120,129.1313
2152,301300,95.765
2153,302430,92.7501
2154,302550,97.5244
2155,303030,106.5835
2156,304100,123.8717
2157,304840,80.1047
2158,305090,100.04
2159,306040,84.834
2160,306620,76.7044
2161,307070,151.5695
2162,307160,921.5909
2163,307180,162.9125
2164,307280,83.7326
2165,307750,99.4128
2166,307930,101.6486
2167,308100,117.9327
2168,309930,94.5431
2169,310200,438.4198
2170,310840,100.0
2171,311390,186.3519
2172,311690,101.8192
2173,312610,118.3796
2174,313750,986.0
2175,313760,87.7988
2176,314130,56.9487
2177,314930,95.5965
2178,317030,100.0
2179,317120,82.735
2180,317240,93.7609
2181,317320,118.8087
2182,317330,93.8587
2183,317530,77.9055
2184,317690,47.8079
2185,317770,170.0078
2186,317830,95.4112
2187,317850,116.9612
2188,317870,118.6597
2189,318000,118.0276
2190,318010,150.2914
2191,318020,105.0544
2192,318410,110.4467
2193,319400,97.7654
2194,319660,106.4516
2195,320000,94.1422
2196,321260,82.243
2197,321550,101.4686
2198,321820,127.3568
2199,322180,76.0561
2200,322310,121.4112
2201,322510,92.5976
2202,322780,102.4095
2203,323210,inf
2204,323230,106.202
2205,323280,inf
2206,323940,52.4664
2207,323990,129.8103
2208,327260,135.0541
2209,328380,239.0244
2210,329560,inf
2211,330350,66.4624
2212,330860,105.8495
2213,330990,0.0
2214,331380,64.8571
2215,331920,90.5873
2216,332290,51.1335
2217,332370,83.7493
2218,332570,40.8344
2219,332710,100.0
2220,333050,174.744
2221,333430,107.2895
2222,334970,89.1037
2223,335810,212.1682
2224,335870,3.861
2225,335890,15.9587
2226,336060,200.0
2227,337930,99.5343
2228,338220,135.2861
2229,339950,150.8066
2230,340120,inf
2231,340360,170.5983
2232,340440,56.9721
2233,340570,129.3927
2234,340930,108.1566
2235,341160,28.8235
2236,342550,inf
2237,344050,inf
2238,344390,9.6162
2239,347000,99.0362
2240,347140,inf
2241,347700,75.6401
2242,347740,116.6622
2243,347770,119.9906
2244,347860,104.313
2245,347890,82.8797
2246,348030,109.8318
2247,348150,99.7717
2248,348210,158.2024
2249,348350,97.2093
2250,352700,111.2006
2251,352770,139.4051
2252,352940,107.1576
2253,353060,0.5407
2254,353490,202.4502
2255,353810,103.9274
2256,354200,97.1274
2257,356860,15.2704
2258,356890,97.5969
2259,357550,96.5422
2260,357780,75.3164
2261,359090,153.2609
2262,361390,58.8561
2263,366330,198.8462
2264,367340,0.0
2265,367360,42.3025
2266,367460,0.6452
2267,369370,86.0465
2268,373200,0.0
2269,392070,105.4127
2270,392080,58.4095
2271,392100,40.096
2272,3931T1,139.0402
2273,840090,143.11
2274,840110,155.1762
2275,840140,67.788
2276,840150,61.4756
