종목코드,종목명,종가,등락률,거래량,거래대금,시가총액,상장주식수
95570,AJ네트웍스,4505,1.46,165865,747227030,2.10934E+11,46822295
6840,AK홀딩스,26700,-3.78,97894,2654226200,3.5371E+11,13247561
27410,BGF,7010,6.86,9629965,71150947870,6.70975E+11,95716791
282330,BGF리테일,158000,-0.63,51465,8146049000,2.73086E+12,17283906
138930,BNK금융지주,6790,0.59,1588525,10790890310,2.2131E+12,325935246
1460,BYC,345500,0.44,494,170035000,2.15804E+11,624615
1465,BYC우,151500,1.34,134,20086500,32630827500,215385
1040,CJ,94000,0.43,76835,7266307200,2.74264E+12,29176998
79160,CJ CGV,28050,0.9,321205,8867182300,9.84555E+11,35100000
00104K,CJ4우(전환),74700,0.54,3272,244663700,3.1572E+11,4226512
120,CJ대한통운,183000,-1.88,71655,13149854500,4.17466E+12,22812344
11150,CJ씨푸드,4775,-0.42,372456,1785816965,1.71569E+11,35930773
11155,CJ씨푸드1우,36550,-1.22,1097,40105550,7310000000,200000
1045,CJ우,56300,2.18,16915,932334200,1.27251E+11,2260223
97950,CJ제일제당,411000,0,45750,18890482953,6.18727E+12,15054186
97955,CJ제일제당 우,184000,0,4890,903929500,2.44248E+11,1327433
590,CS홀딩스,64300,1.74,4626,295217300,74233192600,1154482
12030,DB,871,-0.11,437788,380596430,1.75222E+11,201173933
16610,DB금융투자,6050,1.17,440541,2681590080,2.56801E+11,42446389
5830,DB손해보험,47300,1.72,290277,13719535400,3.34884E+12,70800000
990,DB하이텍,56300,-1.4,603985,34049089600,2.49964E+12,44398588
995,DB하이텍1우,103000,-0.96,204,21050000,11568548000,112316
139130,DGB금융지주,8440,0.84,481168,4045127460,1.42759E+12,169145833
1530,DI동일,171500,0.59,7635,1303138500,4.22852E+11,2465609
210,DL,87500,0.11,223938,19834881000,1.35111E+12,15441262
215,DL우,43850,1.27,8151,359778150,73936142750,1686115
375500,DL이앤씨,120500,-0.41,208816,25233149500,2.33273E+12,19358738
37550K,DL이앤씨우,73600,-0.27,6097,448883000,1.55582E+11,2113885
4840,DRB동일,6760,-0.88,24805,166907120,1.34727E+11,19930000
155660,DSR,5680,1.79,109007,612722260,90880000000,16000000
69730,DSR제강,5510,3.38,181227,990823350,79344000000,14400000
17940,E1,42900,0,11900,511600250,2.94294E+11,6860000
365550,ESR켄달스퀘어리츠,6030,-0.66,286477,1727047340,8.63852E+11,143259000
7700,F&F,127500,-0.39,78827,9997834500,1.9635E+12,15400000
114090,GKL,16650,1.52,329264,5442256950,1.0299E+12,61855670
78930,GS,39100,0.13,240234,9388353050,3.63299E+12,92915378
6360,GS건설,43000,0.23,1020695,44027107700,3.67611E+12,85490868
1250,GS글로벌,2500,5.26,2975460,7390177275,2.06334E+11,82533764
7070,GS리테일,38150,-0.13,162911,6222663050,2.93755E+12,77000000
78935,GS우,32300,0.62,7508,242186400,57649879800,1784826
12630,HDC,11250,0.45,214059,2396737000,6.72094E+11,59741721
39570,HDC아이콘트롤스,10150,1,49155,495242240,1.67069E+11,16460000
89470,HDC현대EP,6290,2.61,165040,1025486550,2.00651E+11,31900000
294870,HDC현대산업개발,29350,0.86,345011,10075728650,1.93438E+12,65907330
11200,HMM,29000,3.2,15096798,4.40479E+11,9.8788E+12,340648197
82740,HSD엔진,9360,3.54,4042217,38259115380,3.80011E+11,40599422
3560,IHQ,1995,-1.72,1172109,2348911545,2.9174E+11,146235748
175330,JB금융지주,6550,2.83,857784,5585147910,1.29024E+12,196982894
234080,JW생명과학,19000,1.33,247297,4665991550,3.00857E+11,15834554
1060,JW중외제약,29650,-0.17,77288,2295493800,6.38659E+11,21539926
1067,JW중외제약2우B,64500,1.42,717,46051200,6000306000,93028
1065,JW중외제약우,33300,1.06,1778,59322600,5910283800,177486
96760,JW홀딩스,4555,-0.65,728050,3350219690,3.1175E+11,68441182
105560,KB금융,56200,2.37,1834475,1.02162E+11,2.33684E+13,415807920
2380,KCC,237500,4.63,93931,22243667500,2.11054E+12,8886471
9070,KCTC,6430,-0.62,957421,6263228480,1.929E+11,30000000
9440,KC그린홀딩스,4710,1.18,105614,495080030,1.05669E+11,22434980
119650,KC코트렐,9650,0,846055,8276159200,1.2545E+11,13000000
92220,KEC,2325,0.22,1826113,4259907385,2.71344E+11,116706940
16380,KG동부제철,15300,1.32,2030840,31754783700,1.53014E+12,100008897
16385,KG동부제철우,121500,0,352,42388000,6486277500,53385
1390,KG케미칼,27000,-0.92,117613,3182030150,3.74385E+11,13866096
1940,KISCO홀딩스,17300,-0.86,33099,572340200,3.19641E+11,18476380
25000,KPX케미칼,63600,0,9319,598189700,3.07824E+11,4840000
92230,KPX홀딩스,60200,0.5,9039,543355300,2.54324E+11,4224646
40,KR모터스,1315,-0.38,918541,1218219895,1.26421E+11,96137368
44450,KSS해운,10950,0,79167,872880350,2.53885E+11,23185880
30200,KT,28250,1.62,1360892,38515339000,7.37641E+12,261111808
33780,KT&G,81400,0.37,379982,30885448400,1.11756E+13,137292497
30210,KTB투자증권,4815,2.99,2132126,10251303100,2.90412E+11,60314092
58850,KTcs,2925,-2.17,799140,2346443585,1.24854E+11,42685000
58860,KTis,3015,-1.31,308531,932725440,1.04928E+11,34802000
93050,LF,16350,-0.61,68388,1122077350,4.78074E+11,29240000
3550,LG,90400,-1.09,343168,31298097900,1.55992E+13,172557131
34220,LG디스플레이,22750,2.02,2520304,57195806250,8.14031E+12,357815700
1120,LG상사,31900,-0.78,208957,6682728850,1.23644E+12,38760000
51900,LG생활건강,1570000,-1.2,34293,54225501000,2.45206E+13,15618197
51905,LG생활건강우,685000,-1.3,4725,3255941000,1.43829E+12,2099697
3555,LG우,72200,1.69,25450,1835964400,2.3932E+11,3314677
32640,LG유플러스,12250,-0.81,2407214,29632835950,5.34849E+12,436611361
11070,LG이노텍,205500,0,199471,41536492000,4.86359E+12,23667107
66570,LG전자,150000,-1.32,2039038,3.12183E+11,2.45472E+13,163647814
66575,LG전자우,70500,-0.7,143587,10208725600,1.21161E+12,17185992
108670,LG하우시스,85000,0,277114,23913185500,7.62252E+11,8967670
108675,LG하우시스우,38800,0.26,19838,775892500,40054404000,1032330
37560,LG헬로비전,4920,2.61,1555424,7580324730,3.81039E+11,77446865
51910,LG화학,805000,-0.37,374401,3.04608E+11,5.68268E+13,70592343
51915,LG화학우,384000,1.59,21339,8152692500,2.9525E+12,7688800
79550,LIG넥스원,40150,2.69,236950,9515305400,8.833E+11,22000000
6260,LS,68500,0.74,141948,9647864700,2.2057E+12,32200000
10120,LS ELECTRIC,60900,0,87714,5336418100,1.827E+12,30000000
680,LS네트웍스,2820,0.18,84076,237443170,2.22225E+11,78803016
229640,LS전선아시아,7820,0.13,486815,3848873710,2.39487E+11,30624879
23150,MH에탄올,8710,-0.68,211761,1878257470,64266961460,7378526
35420,NAVER,377000,0.13,568103,2.15458E+11,6.19273E+13,164263395
181710,NHN,72500,-0.14,57231,4135636800,1.41846E+12,19565025
5940,NH투자증권,11650,2.19,1145988,13304505250,3.27841E+12,281408887
5945,NH투자증권우,9540,2.58,273826,2602197660,1.80029E+11,18870968
338100,NH프라임리츠,4395,-0.11,56528,248100995,82010700000,18660000
34310,NICE,17100,-1.44,75472,1290714600,6.47787E+11,37882300
8260,NI스틸,3610,3.29,869129,3096705545,1.03246E+11,28600117
4250,NPC,4175,-0.24,211916,878017615,1.53306E+11,36720000
4255,NPC우,2320,-1.07,28238,65453985,12249600000,5280000
10060,OCI,121500,2.97,497074,60793967000,2.8977E+12,23849371
5490,POSCO,320000,-0.78,467942,1.50535E+11,2.78998E+13,87186835
10950,S-Oil,81200,-1.69,296568,24079564100,9.14172E+12,112582792
10955,S-Oil우,46000,-1.08,10307,475089100,1.85009E+11,4021927
34120,SBS,22700,4.85,258487,5753927000,4.14334E+11,18252582
101060,SBS미디어홀딩스,2025,6.02,3164326,6413323165,2.8329E+11,139896190
5090,SGC에너지,39600,-0.13,52764,2087223700,5.81209E+11,14677004
4060,SG세계물산,743,1.78,5771261,4291534659,1.50402E+11,202424960
1380,SG충방,3200,12.68,39721392,1.26828E+11,1.43885E+11,44964143
2360,SH에너지화학,940,0.11,932855,875914554,1.04466E+11,111133730
9160,SIMPAC,3240,0.47,76645,245382520,2.11992E+11,65429516
123700,SJM,4095,-1.21,21870,89679055,63902057310,15604898
25530,SJM홀딩스,3615,0.14,20389,73468120,53986438920,14934008
34730,SK,282000,0.36,336019,94822041500,1.98416E+13,70360297
11790,SKC,128500,-0.39,220423,28281793500,4.86608E+12,37868298
18670,SK가스,106500,0,30846,3274025500,9.83021E+11,9230244
1740,SK네트웍스,5630,1.44,1075986,6030614480,1.3973E+12,248187647
1745,SK네트웍스우,109000,0,345,37457500,12387632000,113648
6120,SK디스커버리,60800,-1.62,77212,4703592500,1.1575E+12,19037855
6125,SK디스커버리우,43700,-2.78,22487,993651000,59364483500,1358455
210980,SK디앤디,38650,-0.26,55538,2143191850,7.3397E+11,18990164
68400,SK렌터카,10700,0.94,118606,1266908900,5.05958E+11,47285840
302440,SK바이오사이언스,120500,-4.74,1016714,1.23534E+11,9.21825E+12,76500000
326030,SK바이오팜,103000,-0.96,675835,71191783000,8.06626E+12,78313250
03473K,SK우,260000,-0.38,4528,1176259500,1.47195E+11,566135
96770,SK이노베이션,219000,-1.79,834713,1.83021E+11,2.025E+13,92465564
96775,SK이노베이션우,158000,-1.86,12759,2021861500,1.97251E+11,1248426
1510,SK증권,882,0.46,22659119,20321118061,4.16825E+11,472590171
1515,SK증권우,4940,6.58,93961,452156470,19327819160,3912514
285130,SK케미칼,250500,-3.84,252667,64311490500,2.94122E+12,11741396
28513K,SK케미칼우,116000,-4.13,29542,3472390000,1.69206E+11,1458670
17670,SK텔레콤,275000,2.42,456598,1.25799E+11,2.22051E+13,80745711
660,SK하이닉스,132500,-1.49,3309680,4.41277E+11,9.64603E+13,728002365
64960,SNT모티브,62100,0.49,43770,2691588300,9.08097E+11,14623136
100840,SNT에너지,17700,-0.28,12328,217322050,1.32869E+11,7506711
3570,SNT중공업,7500,-1.45,28108,211759980,2.49395E+11,33252697
36530,SNT홀딩스,18550,-1.59,23180,433162950,3.02437E+11,16303886
5610,SPC삼립,72500,-1.23,28027,2053685200,6.25603E+11,8629009
11810,STX,6050,-0.49,59085,356677980,1.19348E+11,19726902
77970,STX엔진,7980,-0.25,202423,1633728990,1.83611E+11,23008904
71970,STX중공업,4355,0,608465,2656586130,1.23534E+11,28365976
84870,TBH글로벌,1925,1.32,133072,255667440,40149376575,20856819
2710,TCC스틸,4510,-0.55,160660,726175455,1.0373E+11,23000000
24070,WISCOM,3695,5.12,376425,1381201540,56631188410,15326438
37270,YG PLUS,5540,-0.36,472164,2627602500,3.51237E+11,63400100
500,가온전선,30050,0.67,245397,7229739600,1.25018E+11,4160347
860,강남제비스코,30350,10.36,266966,7906075000,1.97275E+11,6500000
35250,강원랜드,25300,-0.59,731140,18521367400,5.41269E+12,213940500
11420,갤럭시아에스엠,1790,-0.56,307735,543340425,49313862760,27549644
2100,경농,13600,-1.45,78724,1075142200,2.95008E+11,21691750
9450,경동나비엔,50900,-0.2,36673,1862744700,6.92481E+11,13604730
267290,경동도시가스,19650,0.51,11450,225221600,1.15845E+11,5895406
12320,경동인베스트,40600,1.5,16733,680971950,96019933800,2365023
50,경방,13200,1.54,22671,297477750,3.61882E+11,27415270
214390,경보제약,12150,0.83,177704,2159645650,2.90468E+11,23906860
12610,경인양행,6680,-0.15,124510,832254410,2.76795E+11,41436365
9140,경인전자,29600,3.68,20403,599264250,46495591200,1570797
13580,계룡건설,31700,3.26,74237,2320389000,2.8311E+11,8930907
12200,계양전기,4325,0,200660,868595460,1.40995E+11,32600000
12205,계양전기우,6950,0.58,6557,45094220,9730000000,1400000
2140,고려산업,4250,2.29,327915,1384107430,1.05993E+11,24939425
10130,고려아연,408500,0.49,41692,16997632000,7.7084E+12,18870000
2240,고려제강,21500,14.06,1077392,22506934200,4.945E+11,23000000
9290,광동제약,8570,1.42,143101,1217011860,4.49247E+11,52420851
17040,광명전기,2405,-1.23,337450,816836535,1.04227E+11,43337615
17900,광전자,2375,0,216340,511081820,1.37616E+11,57943763
37710,광주신세계,169500,-0.59,1692,288270000,2.712E+11,1600000
30610,교보증권,7890,1.68,380299,3001976700,5.10115E+11,64653296
339770,교촌에프앤비,18050,-0.55,78696,1426180650,4.50935E+11,24982540
7690,국도화학,68900,0.15,24435,1686060400,4.00351E+11,5810616
5320,국동,4075,-2.86,1133252,4595351825,1.72586E+11,42352414
1140,국보,2230,-1.98,474542,1062326295,1.13362E+11,50834861
2720,국제약품,7570,-0.26,75968,578084680,1.4592E+11,19276090
83420,그린케미칼,13950,0.36,752008,10493347200,3.348E+11,24000000
14530,극동유화,6090,-8.56,5246770,32653135730,2.12355E+11,34869420
14280,금강공업,6140,7.16,619455,3712141910,1.78192E+11,29021513
14285,금강공업우,11950,1.27,7168,83536750,7049006250,589875
8870,금비,67700,-0.29,1649,111607300,67700000000,1000000
1570,금양,4300,-3.37,447705,1948143640,2.05605E+11,47815112
2990,금호산업,9820,1.03,298913,2924859390,3.59745E+11,36633924
2995,금호산업우,31650,-0.16,632,20052600,9250218900,292266
11780,금호석유,265000,2.91,637875,1.67555E+11,8.07394E+12,30467691
11785,금호석유우,116000,3.57,115661,13299252000,3.50724E+11,3023486
214330,금호에이치티,2240,-1.1,1406884,3164840705,2.80577E+11,125257661
1210,금호전기,2630,-0.38,32444,85057945,31512186600,11981820
73240,금호타이어,3810,-0.52,489795,1858354550,1.09446E+12,287260287
92440,기신정기,5990,-1.32,4448812,28098639830,1.74908E+11,29200000
270,기아차,82900,-1.66,3145247,2.6335E+11,3.36046E+13,405363347
24110,기업은행,9160,0.22,2793161,25605189820,6.76617E+12,738664360
13700,까뮤이앤씨,2195,-0.68,1555963,3403456925,99109254600,45152280
4540,깨끗한나라,7770,-8.05,4791506,36523447240,2.8936E+11,37240693
4545,깨끗한나라우,39900,-2.56,157764,5676607000,14609784000,366160
1260,남광토건,13900,0,54822,761941050,1.36622E+11,9828901
8350,남선알미늄,3930,1.42,1689795,6627812150,4.33004E+11,110179090
8355,남선알미우,37300,0.81,1652,60882850,11484297000,307890
4270,남성,3970,-2.34,636011,2539711390,1.43762E+11,36212160
3920,남양유업,303000,0.66,3673,1112725000,2.1816E+11,720000
3925,남양유업우,172000,-0.58,34,5838500,28665864000,166662
25860,남해화학,9000,0.22,265432,2380288290,4.4711E+11,49678843
5720,넥센,4705,0.86,105618,498730665,2.51924E+11,53543977
5725,넥센우,2980,1.36,11417,33762620,10729788000,3600600
2350,넥센타이어,7600,0.26,289806,2194094630,7.42276E+11,97667877
2355,넥센타이어1우B,2960,0.51,3639,10741980,19240000000,6500000
3580,넥스트사이언스,7700,11.92,7010746,52221493460,2.53609E+11,32936179
251270,넷마블,129000,1.57,199833,25631225000,1.10863E+13,85940234
90350,노루페인트,11000,0.92,2843551,32264848700,2.2E+11,20000000
90355,노루페인트우,12650,-1.56,9517,120688550,5858543900,463126
320,노루홀딩스,12850,5.33,262747,3307413950,1.70791E+11,13291151
325,노루홀딩스우,16300,0.93,959,15552100,3019575000,185250
6280,녹십자,360500,-2.17,54157,19641938000,4.213E+12,11686538
5250,녹십자홀딩스,34850,-1.69,163123,5706197000,1.63893E+12,47028210
5257,녹십자홀딩스2우,88000,0,1431,125433000,74447120000,845990
4370,농심,283500,-0.87,24749,7034134000,1.72443E+12,6082642
72710,농심홀딩스,75900,-0.13,4610,349850000,3.52008E+11,4637790
58730,다스코,5120,0.99,82194,421501030,78848000000,15400000
23590,다우기술,27050,1.31,234633,6343437350,1.21364E+12,44866617
19680,대교,4295,0.7,5770410,26123298080,3.63799E+11,84702850
19685,대교우B,2630,0.38,190064,507810035,51092983700,19426990
6370,대구백화점,10200,-1.92,15086,152947050,1.1038E+11,10821611
8060,대덕,6890,0.15,123775,852386400,2.33503E+11,33890150
00806K,대덕1우,7800,0,7904,61537610,9456384600,1212357
353200,대덕전자,14000,1.08,523368,7335694450,6.91837E+11,49416925
35320K,대덕전자1우,9050,-0.55,13242,119885530,18964446950,2095519
490,대동공업,10050,0,361729,3618827850,2.38469E+11,23728210
8110,대동전자,5890,2.26,66295,386162970,61788732830,10490447
5750,대림B&Co,6500,1.09,271765,1768578210,1.0837E+11,16672240
1880,대림건설,34900,0,77899,2712314700,7.6966E+11,22053284
6570,대림통상,4070,0.37,5569,22704670,61965750000,15225000
1680,대상,25150,1,103872,2601993750,8.71398E+11,34648025
1685,대상우,17150,0.29,2007,34463800,23499324450,1370223
84690,대상홀딩스,10800,7.46,583121,6060492480,3.91095E+11,36212538
84695,대상홀딩스우,8400,2.82,7350,60558600,7673248800,913482
128820,대성산업,4410,1.73,241198,1059698055,1.99488E+11,45235478
117580,대성에너지,5390,0.37,22691,122113160,1.48225E+11,27500000
16710,대성홀딩스,29050,1.93,55073,1588793400,4.67399E+11,16089459
3540,대신증권,16250,2.52,397994,6490848300,8.25068E+11,50773400
3547,대신증권2우B,13600,5.43,84955,1136605100,1.36E+11,10000000
3545,대신증권우,14050,4.46,255697,3549616300,3.653E+11,26000000
9190,대양금속,4055,3.05,672843,2717674370,1.1989E+11,29565939
14160,대영포장,2950,-3.28,6855110,20445176410,3.19764E+11,108394549
47040,대우건설,6610,0.76,2864245,18739298320,2.74727E+12,415622638
9320,대우부품,2590,-0.38,214933,556787390,1.23404E+11,47646375
42660,대우조선해양,28300,0.89,558473,15927320000,3.03633E+12,107290669
3090,대웅,32700,-0.91,148459,4899716600,1.90124E+12,58141980
69620,대웅제약,133500,0.75,50276,6688051000,1.54681E+12,11586575
430,대원강업,4475,2.05,940318,4171858470,2.7745E+11,62000000
6340,대원전선,1485,-2.94,1298009,1953197280,1.0546E+11,71016967
6345,대원전선우,2575,1.58,25625,64344665,6749590000,2621200
3220,대원제약,16050,0.31,37696,605892900,3.40658E+11,21224823
24890,대원화성,2670,-3.61,2602587,6940912740,1.10135E+11,41249152
2880,대유에이텍,1085,0,748138,807244700,1.1654E+11,107410543
300,대유플러스,798,-0.5,506651,403961951,94926191346,118955127
12800,대창,1820,-0.55,1192451,2174020280,1.65876E+11,91140499
15230,대창단조,8300,4.67,233844,1894352140,1.18575E+11,14286115
1070,대한방직,40950,-0.85,3425,140814900,2.17035E+11,5300000
6650,대한유화,325500,0.46,34418,11246786000,2.11575E+12,6500000
1440,대한전선,1160,7.41,36036769,39730511955,9.93509E+11,856473009
84010,대한제강,16700,3.09,305705,5022068350,4.116E+11,24646734
1790,대한제당,30650,10.25,433021,13168539600,2.7492E+11,8969658
1795,대한제당우,25200,7.92,249751,6438106050,16336555200,648276
1130,대한제분,147500,2.79,13939,2048320500,2.49275E+11,1690000
3490,대한항공,27200,-0.55,1587846,43330938450,9.46073E+12,347820825
3495,대한항공우,40050,-0.37,7769,312008600,44487299700,1110794
5880,대한해운,3425,-0.29,4179224,14438660970,8.36628E+11,244271090
3830,대한화섬,133500,-1.11,1186,157055500,1.77288E+11,1328000
16090,대현,2250,4.17,490227,1087789775,99635197500,44282310
69460,대호에이엘,2405,-1.23,137342,330483115,65259287795,27134839
192080,더블유게임즈,68500,1.18,321446,22236887400,1.25865E+12,18374502
12510,더존비즈온,98200,0,89491,8821354400,2.97354E+12,30280485
4830,덕성,25500,2.2,8216579,2.06332E+11,3.9984E+11,15680000
4835,덕성우,21300,-5.96,391264,8415021800,29649600000,1392000
24900,덕양산업,2785,0.72,397687,1108792000,90693469300,32564980
145720,덴티움,64100,0.16,53771,3481207700,7.09512E+11,11068830
2150,도화엔지니어링,8640,0.58,155779,1340922330,2.91341E+11,33720000
1230,동국제강,13650,0,1846879,25336040400,1.30266E+12,95432737
23450,동남합성,52700,-1.86,3815,203051200,1.90247E+11,3610000
4140,동방,6720,1.82,6519655,44953678840,2.6861E+11,39971766
7590,동방아그로,6940,-2.12,51668,361026050,94505984380,13617577
5960,동부건설,13450,1.13,115837,1548916750,3.05401E+11,22706407
5965,동부건설우,23750,3.04,2230,52954550,5361135000,225732
26960,동서,31950,0.31,133507,4278872150,3.18542E+12,99700000
2210,동성제약,11850,-0.84,99141,1177543400,3.09296E+11,26100970
102260,동성코퍼레이션,5780,3.58,379884,2173003730,2.5428E+11,43993012
5190,동성화학,17900,0,0,0,95506595600,5335564
640,동아쏘시오홀딩스,108000,-1.37,20555,2230731500,6.64777E+11,6155346
170900,동아에스티,83700,-0.12,14594,1221307000,7.06752E+11,8443868
28100,동아지질,18450,2.22,399380,7343509500,2.12175E+11,11500000
282690,동아타이어,11450,0.88,19034,215987150,1.57243E+11,13733015
1520,동양,1385,-1.42,1020028,1425333305,3.30577E+11,238684063
1527,동양2우B,11900,-0.83,1585,18925800,3671971100,308569
1529,동양3우B,24200,-1.02,968,23503150,2171272400,89722
84670,동양고속,23850,0.21,8418,199809000,69059320650,2895569
2900,동양물산,1690,-2.59,6915224,11842357130,2.31323E+11,136877565
82640,동양생명,4230,1.93,888813,3738575720,6.82547E+11,161358585
1525,동양우,6470,-0.61,2072,13432430,3996719570,617731
8970,동양철관,1270,-1.55,1972353,2506320325,1.50984E+11,118885290
92780,동양피스톤,5620,-0.71,80150,448798150,74006745200,13168460
49770,동원F&B,192500,-1.03,6444,1243904500,7.42881E+11,3859124
18500,동원금속,1190,0.42,852138,1007495455,55638370270,46754933
6040,동원산업,257000,-0.39,3440,882857000,9.45154E+11,3677641
30720,동원수산,8810,-0.23,23847,209588960,41000022050,4653805
14820,동원시스템즈,48450,0.94,37676,1806485050,1.24122E+12,25618511
14825,동원시스템즈우,33250,1.22,1163,37799400,8823153500,265358
163560,동일고무벨트,9190,0.33,46664,428201380,1.25444E+11,13650000
4890,동일산업,78900,-0.13,689,54347700,1.91349E+11,2425215
2690,동일제강,3335,-2.91,522512,1738864910,50025000000,15000000
20,동화약품,14250,0.71,142773,2018632600,3.98023E+11,27931470
150,두산,49950,1.11,96185,4743177600,8.25366E+11,16523835
157,두산2우B,58900,0,488,28764800,52599938200,893038
241560,두산밥캣,42100,4.34,629895,26012224750,4.22049E+12,100249166
155,두산우,39600,0.38,4916,194094250,1.5826E+11,3996462
42670,두산인프라코어,11350,0.89,6643226,75492609200,2.46367E+12,217063302
34020,두산중공업,13000,-1.52,2549685,33233174600,4.87029E+12,374637429
336260,두산퓨얼셀,51300,-0.58,495818,25123015200,3.35983E+12,65493726
33626K,두산퓨얼셀1우,15050,-1.95,48649,736549350,2.01131E+11,13364200
33626L,두산퓨얼셀2우B,18350,-0.54,6048,110175000,54798605000,2986300
16740,두올,5120,3.85,1369917,6947873730,1.38581E+11,27066680
192650,드림텍,9460,0.42,158224,1496671400,6.2355E+11,65914378
24090,디씨엠,17600,2.92,103369,1785448900,2.0592E+11,11700000
3160,디아이,6970,-0.14,167744,1172418980,2.19533E+11,31496785
92200,디아이씨,3160,2.93,263619,810402765,1.22888E+11,38888569
13570,디와이,5710,-0.52,92341,527314360,1.50285E+11,26319633
210540,디와이파워,18850,-3.33,191895,3620127500,2.08136E+11,11041708
7340,디티알오토모티브,31100,0.16,19314,600728500,3.10814E+11,9994005
26890,디피씨,12700,4.96,8350059,1.06845E+11,5.29313E+11,41678175
115390,락앤락,14750,-0.67,127655,1883139250,7.81863E+11,53007638
32350,롯데관광개발,18700,0.27,412795,7692840450,1.29545E+12,69275662
330590,롯데리츠,5210,-0.19,444241,2309904190,1.26587E+12,242968884
400,롯데손해보험,1845,0.82,1347579,2487705325,5.72571E+11,310336320
23530,롯데쇼핑,126000,0.4,83488,10533673500,3.56438E+12,28288755
4000,롯데정밀화학,58700,2.44,213604,12442177000,1.51446E+12,25800000
286940,롯데정보통신,38100,-0.39,17138,654202600,5.866E+11,15396331
280360,롯데제과,133000,-1.48,8100,1078983500,8.53423E+11,6416717
4990,롯데지주,34000,1.04,160303,5424186900,3.56691E+12,104909237
00499K,롯데지주우,59000,0,510,30120000,58269757000,987623
5300,롯데칠성,136500,0.37,35285,4810793500,1.2251E+12,8975123
5305,롯데칠성우,64900,0.15,1479,95978000,50317619000,775310
11170,롯데케미칼,301000,0,168395,51065798500,1.03169E+13,34275419
2270,롯데푸드,378500,-0.39,1883,715188000,4.28413E+11,1131870
71840,롯데하이마트,41900,1.82,86074,3598548700,9.89163E+11,23607712
27740,마니커,713,0.14,945846,671169074,1.41511E+11,198472594
204320,만도,65800,-2.52,534332,35238680300,3.08978E+12,46957120
1080,만호제강,20250,1,12394,248482550,84037500000,4150000
88980,맥쿼리인프라,11650,0.87,958809,11190853700,4.33604E+12,372192485
94800,맵스리얼티1,4460,0.45,71643,318205705,4.14041E+11,92834331
138040,메리츠금융지주,17200,5.52,400848,6840387000,2.30499E+12,134011294
8560,메리츠증권,4610,4.3,4074105,18567317760,3.11618E+12,675961727
60,메리츠화재,19350,5.16,955676,18304264950,2.33409E+12,120625000
90370,메타랩스,1175,-0.42,940321,1088283245,74835675975,63689937
17180,명문제약,5200,-0.95,237345,1239722870,1.76558E+11,33953454
9900,명신산업,25500,-1.92,237554,6132715350,1.03987E+12,40779120
12690,모나리자,5230,-2.79,1680175,8949717180,1.91268E+11,36571255
5360,모나미,5230,3.56,17643162,1.0377E+11,98832915610,18897307
204210,모두투어리츠,3400,1.8,21689,73493990,26611171000,7826815
9680,모토닉,12800,-1.54,74973,968855350,4.224E+11,33000000
9580,무림P&P,4955,-2.46,411383,2037386410,3.09035E+11,62368324
9200,무림페이퍼,2910,-0.34,117601,342315870,1.21083E+11,41609310
33920,무학,6880,-0.29,31645,218588010,1.9608E+11,28500000
8420,문배철강,4010,5.8,5384473,21608076975,82219055050,20503505
25560,미래산업,3235,1.09,120892,386981170,60374575315,18662929
7120,미래아이앤지,519,0.97,1263644,649589933,67202272812,129484148
6800,미래에셋대우,9860,1.13,2610232,25841768380,6.26422E+12,635316408
00680K,미래에셋대우2우B,4450,1.71,344914,1529065980,6.23E+11,140000000
6805,미래에셋대우우,4950,1.23,58885,290933495,69674962500,14075750
357250,미래에셋맵스리츠,4910,-0.2,48823,239627005,98691000000,20100000
85620,미래에셋생명,4200,-0.36,316415,1326655330,7.43468E+11,177016189
2840,미원상사,188500,-0.26,9211,1741422000,9.36845E+11,4970000
268280,미원에스씨,169000,1.2,5086,853907500,8.619E+11,5100000
107590,미원홀딩스,112000,-4.27,25173,2884708000,2.5984E+11,2320000
134380,미원화학,88000,2.33,6959,605185000,1.93536E+11,2199268
3650,미창석유,74400,0,1411,105078600,1.29432E+11,1739672
155900,바다로19호,2560,0.79,14028,35922710,38912010240,15200004
3610,방림,2300,0.22,214323,491831535,97322407000,42314090
1340,백광산업,4555,-0.76,1707931,7879061240,2.04603E+11,44918407
35150,백산,9900,-6.16,1691678,16990138650,2.3958E+11,24200000
2410,범양건영,4170,3.86,390735,1612565720,1.03549E+11,24831982
96300,베트남개발1,230,0.44,75118,17236748,31666448530,137680211
7210,벽산,2870,4.17,4801390,13736710735,1.96767E+11,68560000
2760,보락,2210,-0.23,303267,673843605,1.32379E+11,59900000
3850,보령제약,20800,-0.95,297334,6211302600,1.0841E+12,52120000
890,보해양조,1130,0,9950347,11231103680,1.44018E+11,127449373
3000,부광약품,23600,1.07,486580,11541643200,1.53018E+12,64837978
1270,부국증권,22750,0.89,10774,245166100,2.35915E+11,10369886
1275,부국증권우,20200,0.75,1476,29647650,60600000000,3000000
26940,부국철강,4170,0.85,215653,899238875,83400000000,20000000
15350,부산가스,57500,0,2538,144564100,6.325E+11,11000000
11390,부산산업,129500,1.57,10895,1402464500,1.36752E+11,1056000
5030,부산주공,680,-0.73,414172,281810712,38657671560,56849517
2070,비비안,3495,1.9,2457458,8753205520,93441935550,26735890
100220,비상교육,6910,0.29,41577,287109080,89807480310,12996741
30790,비케이탑스,12650,-0.39,182584,2330377000,1.66067E+11,13127849
352820,빅히트,243000,0.21,276932,67919984000,8.65657E+12,35623760
5180,빙그레,59900,0.84,28963,1725270500,5.90089E+11,9851241
3960,사조대림,18150,0.55,26675,482656150,1.66335E+11,9164467
8040,사조동아원,1345,-0.74,1654531,2216301280,1.89839E+11,141144600
7160,사조산업,49850,-0.7,25595,1277428800,2.4925E+11,5000000
14710,사조씨푸드,5820,-0.85,256417,1484985630,1.00212E+11,17218543
6090,사조오양,10900,0,58884,637665050,1.02708E+11,9422739
1470,삼부토건,3180,0.32,4559444,14639952910,4.37397E+11,137546368
6400,삼성SDI,660000,-1.49,318665,2.12227E+11,4.53846E+13,68764530
6405,삼성SDI우,451000,-0.11,4042,1826028000,7.29671E+11,1617896
6660,삼성공조,9800,-0.91,62416,610478690,79637877200,8126314
28260,삼성물산,124500,-1.19,365576,45827963000,2.32674E+13,186887081
02826K,삼성물산우B,119500,-0.42,3040,362511500,1.94477E+11,1627425
207940,삼성바이오로직스,748000,0.13,52596,39500085000,4.94914E+13,66165000
32830,삼성생명,78100,-0.26,320396,25189497300,1.562E+13,200000000
18260,삼성에스디에스,193500,-0.77,111256,21581362500,1.49726E+13,77377800
28050,삼성엔지니어링,14000,-0.71,3024188,42972658800,2.744E+12,196000000
9150,삼성전기,187500,0.27,473717,89984249000,1.40051E+13,74693696
9155,삼성전기우,112000,-0.44,13322,1506811500,3.25582E+11,2906984
5930,삼성전자,81400,-0.97,17240518,1.41378E+12,4.8594E+14,5969782550
5935,삼성전자우,73000,-1.35,1870825,1.3744E+11,6.00707E+13,822886700
1360,삼성제약,5830,-4.74,2393566,14198700520,3.8972E+11,66847367
10140,삼성중공업,7770,5.28,28523314,2.19866E+11,4.8951E+12,630000000
10145,삼성중공우,367000,1.94,6447,2385903500,42148115000,114845
16360,삼성증권,39450,1.54,720970,28500357350,3.52289E+12,89300000
68290,삼성출판사,46000,-0.86,570703,26710091300,4.6E+11,10000000
29780,삼성카드,34450,0.29,99376,3420381800,3.99134E+12,115858891
810,삼성화재,190000,0.8,139247,26444804000,9.00122E+12,47374837
815,삼성화재우,147500,1.03,11885,1752891500,4.7082E+11,3192000
6110,삼아알미늄,9290,-2.21,105052,982030090,1.0219E+11,11000000
145990,삼양사,57500,-0.17,20337,1162645100,5.93023E+11,10313449
145995,삼양사우,41450,1.22,1571,65175250,15339401500,370070
3230,삼양식품,89000,-0.22,21808,1944813500,6.70438E+11,7533015
2170,삼양통상,70000,3.86,23598,1645826100,2.1E+11,3000000
272550,삼양패키징,25000,1.63,48263,1206190850,3.55245E+11,14209804
70,삼양홀딩스,93700,0.75,18483,1724723500,8.02472E+11,8564271
75,삼양홀딩스우,60500,0.17,600,36172700,18395509000,304058
2810,삼영무역,15000,0.67,44036,660040300,2.77004E+11,18466948
5680,삼영전자,11000,-0.45,39396,435912750,2.2E+11,20000000
3720,삼영화학,2745,0.92,167692,451274020,93330000000,34000000
23000,삼원강재,3600,2.42,219708,789790340,1.44E+11,40000000
4380,삼익THK,12950,-0.77,47041,609260100,2.7195E+11,21000000
2450,삼익악기,1610,-0.31,479846,772506580,1.45755E+11,90530915
4440,삼일씨엔에스,16950,4.63,301156,4991488100,2.15807E+11,12731947
520,삼일제약,20050,-1.72,67005,1353593250,1.34233E+11,6694896
9770,삼정펄프,29650,-0.34,4215,125525200,74124140150,2499971
5500,삼진제약,24300,1.46,41737,1018017450,3.3777E+11,13900000
4690,삼천리,78400,-0.76,27794,2175802300,3.17914E+11,4055025
10960,삼호개발,5180,6.58,1266658,6437002870,1.295E+11,25000000
4450,삼화왕관,38300,0.13,957,36650200,82512715700,2154379
9470,삼화전기,23800,-1.04,54405,1301854950,1.57409E+11,6613820
11230,삼화전자,3875,-0.64,32773,127100970,40524517500,10457940
1820,삼화콘덴서,68300,0.15,58094,3964301000,7.09979E+11,10395000
390,삼화페인트,12750,2,229746,2891429300,3.44813E+11,27044153
1290,상상인증권,1200,1.69,588966,709342410,1.1533E+11,96108437
41650,상신브레이크,4185,-1.3,119689,502763310,89858018250,21471450
75180,새론오토모티브,5920,-0.67,6030,35642540,1.13664E+11,19200000
7540,샘표,53700,1.51,32028,1716419500,1.5443E+11,2875800
248170,샘표식품,47700,0.21,11844,563712100,2.17907E+11,4568286
7860,서연,23300,1.53,9991807,2.33169E+11,5.4708E+11,23479844
200880,서연이화,9760,-4.31,1869011,18406177840,2.63798E+11,27028437
17390,서울가스,88800,0.23,2924,259612200,4.44E+11,5000000
4410,서울식품,401,-1.47,16851405,6768650267,1.46576E+11,365526864
4415,서울식품우,5030,0.4,6478,32624590,11189235000,2224500
21050,서원,2500,2.25,375450,933325020,1.18686E+11,47474590
8490,서흥,51100,-0.39,27209,1386423400,5.91182E+11,11569113
7610,선도전기,3450,-0.14,88009,302428120,62100000000,18000000
136490,선진,16900,-2.87,169481,2883840350,4.01875E+11,23779604
2820,선창산업,4675,3.43,17232,79048900,58942348575,12607989
14910,성문전자,2135,-1.39,169390,362101875,41604439695,19486857
14915,성문전자우,8160,-0.61,10159,83035750,4896000000,600000
3080,성보화학,5550,-5.93,1124594,6319857070,1.11111E+11,20020000
4980,성신양회,10700,12.75,4837624,50713281550,2.62322E+11,24516073
4985,성신양회우,14900,10.78,398331,6039457150,10961110500,735645
11300,성안,787,0,0,0,44747135820,56857860
180,성창기업지주,2380,0.42,308625,730316710,1.66009E+11,69751600
2420,세기상사,61600,0,0,0,25107667200,407592
4360,세방,13200,-0.38,72642,961962850,2.54875E+11,19308690
4365,세방우,7110,1.28,1487,10457910,26230567500,3689250
4490,세방전지,77900,-0.76,67187,5238115600,1.0906E+12,14000000
1430,세아베스틸,18550,2.2,231406,4248365900,6.65242E+11,35862119
306200,세아제강,94900,2.26,15642,1471854900,2.69165E+11,2836300
3030,세아제강지주,55100,5.76,34978,1929366000,2.28205E+11,4141657
19440,세아특수강,13850,2.59,34328,469237250,1.18695E+11,8570000
58650,세아홀딩스,84400,5.5,4089,337761700,3.376E+11,4000000
13000,세우글로벌,2470,0,0,0,70901426570,28705031
91090,세원셀론텍,1865,1.36,346358,637625460,1.32203E+11,70886407
21820,세원정공,8090,0,0,0,80900000000,10000000
67830,세이브존I&C,3635,-1.49,130233,473176260,1.49184E+11,41040895
33530,세종공업,9040,2.84,263757,2350749060,2.51501E+11,27820961
75580,세진중공업,6480,6.75,2425205,15503072880,3.68384E+11,56849456
27970,세하,1940,-0.51,1026122,1985748030,1.11672E+11,57562997
145210,세화아이엠씨,660,1.23,2600439,1675344262,1.04021E+11,157607815
308170,센트랄모텍,29000,-1.69,156509,4568662800,2.4969E+11,8610000
12600,센트럴인사이트,2490,0,0,0,33838831080,13589892
68270,셀트리온,324500,0.31,529579,1.72092E+11,4.38165E+13,135027731
336370,솔루스첨단소재,47150,0.11,160700,7568379650,1.44231E+12,30589758
33637K,솔루스첨단소재1우,14850,-1.33,11951,178349000,1.09391E+11,7366400
33637L,솔루스첨단소재2우B,23950,0.21,2343,56242450,39422897500,1646050
248070,솔루엠,25300,-5.95,2376189,60190969450,1.24203E+12,49092219
4430,송원산업,20350,-1.21,401429,8190017050,4.884E+11,24000000
17550,수산중공업,4500,3.45,4844945,21995928775,2.42933E+11,53985163
53210,스카이라이프,8640,0.12,65933,569398420,4.13182E+11,47821966
134790,시디즈,62200,0.32,2655,165319100,1.244E+11,2000000
16590,신대양제지,81400,-0.12,19736,1606642100,3.28024E+11,4029782
29530,신도리코,30000,-1.32,24113,728896450,3.02401E+11,10080029
4970,신라교역,10350,-1.43,33160,342402950,1.656E+11,16000000
11930,신성이엔지,3290,3.13,11508610,37813136025,6.64846E+11,202080923
5390,신성통상,1690,0.6,27549871,50049218035,2.42867E+11,143708390
4170,신세계,281000,0.72,58150,16262197000,2.7665E+12,9845181
35510,신세계 I&C,154000,6.94,45521,6922856000,2.6488E+11,1720000
34300,신세계건설,46800,1.19,100788,4770789750,1.872E+11,4000000
31430,신세계인터내셔날,202500,0.75,32034,6463316500,1.44585E+12,7140000
31440,신세계푸드,74500,1.78,20340,1522256900,2.885E+11,3872480
6880,신송홀딩스,5090,-3.23,272026,1364878655,60208887220,11828858
5800,신영와코루,97700,0.62,774,75170100,87930000000,900000
1720,신영증권,57100,1.96,27000,1522189000,5.35954E+11,9386237
1725,신영증권우,55900,1.08,4156,231029800,3.94305E+11,7053763
9270,신원,1490,0,243089,360478050,1.26713E+11,85042499
9275,신원우,34500,-0.72,291,9998900,3130530000,90740
2700,신일전자,2205,0.23,1510871,3300667660,1.5666E+11,71047521
19170,신풍제약,85100,-6.99,2573586,2.27865E+11,4.50902E+12,52984990
19175,신풍제약우,85000,-6.39,29249,2586997300,1.87E+11,2200000
2870,신풍제지,4010,2.95,2530413,10016214585,1.40184E+11,34958700
293940,신한알파리츠,7530,-0.13,112135,849353180,3.94046E+11,52330123
55550,신한지주,37450,0.94,2421330,90324710400,1.93467E+13,516599554
1770,신화실업,23550,-0.84,8489,199463950,28610376900,1214878
4080,신흥,12000,0.84,4885,58331000,1.152E+11,9600000
102280,쌍방울,613,0.66,3642624,2249698575,1.46727E+11,239359627
3410,쌍용양회,7680,2.26,5396859,41435251830,3.86964E+12,503859595
3620,쌍용차,2770,0,0,0,4.15057E+11,149840002
4770,써니전자,3450,-0.43,1036105,3579462795,1.20215E+11,34845011
15540,쎌마테라퓨틱스,6410,0,0,0,86229499400,13452340
4920,씨아이테크,990,0,165806,163251689,24820064280,25070772
112610,씨에스윈드,75800,0.4,483643,36660848800,3.19659E+12,42171403
8700,아남전자,3115,0,1440311,4495052725,2.40244E+11,77124820
2790,아모레G,64900,-2.84,258231,16954541100,5.35154E+12,82458180
00279K,아모레G3우(전환),40500,-4.82,19503,814227850,2.87234E+11,7092200
2795,아모레G우,21900,-1.79,28658,630727450,1.41119E+11,6443770
90430,아모레퍼시픽,258500,-4.96,264737,69212004500,1.51115E+13,58458490
90435,아모레퍼시픽우,83500,-2.68,75121,6355642100,8.81579E+11,10557830
2030,아세아,121000,8.52,38018,4481989500,2.65114E+11,2191024
183190,아세아시멘트,116500,6.39,83272,9616752500,4.53862E+11,3895809
2310,아세아제지,48850,1.77,106867,5181994400,4.37525E+11,8956502
267850,아시아나IDT,21600,0,80689,1773226700,2.3976E+11,11100000
20560,아시아나항공,15150,-0.66,517021,7818693700,1.12734E+12,74411764
122900,아이마켓코리아,9070,-0.55,85585,781287990,3.032E+11,33428840
10780,아이에스동서,56700,-0.53,72874,4113518200,1.75161E+12,30892606
1780,알루코,4595,-0.76,604050,2791534450,3.82337E+11,83207283
18250,애경산업,24800,1.02,75027,1850570750,6.54966E+11,26409935
161000,애경유화,11600,-0.85,386966,4486670300,3.71664E+11,32040000
11090,에넥스,2255,5.62,12613262,28197280705,1.35281E+11,59991641
5850,에스엘,22300,-2.19,98755,2218148150,1.07493E+12,48203277
12750,에스원,81700,-1.09,56211,4613787500,3.10453E+12,37999178
23960,에쓰씨엔지니어링,4575,-1.4,1174725,5510502380,1.3168E+11,28782587
298690,에어부산,3740,2.05,1661987,6300901800,3.06942E+11,82070000
140910,에이리츠,7930,0.13,21399,170672620,30076705750,3792775
78520,에이블씨엔씨,7440,-0.67,28867,215484420,2.01129E+11,27033459
15260,에이엔피,1465,-0.68,181047,262498395,31975689185,21826409
7460,에이프로젠 KIC,2080,-4.15,13087664,28207363850,3.84627E+11,184916591
3060,에이프로젠제약,1170,-4.49,5809442,6907054075,4.66334E+11,398575767
244920,에이플러스에셋,8700,-5.23,607954,5447102970,1.96687E+11,22607693
36570,엔씨소프트,873000,3.31,152553,1.33E+11,1.91659E+13,21954022
138250,엔에스쇼핑,11700,-1.68,40596,477621600,3.94243E+11,33696000
85310,엔케이,1390,1.46,752847,1040549290,1.11177E+11,79983352
9810,엔케이물산,627,-0.32,1343484,843392735,49808384670,79439210
900140,엘브이엠씨홀딩스,4000,-0.87,499877,2007143780,3.37394E+11,84348589
14440,영보화학,4180,-0.83,79553,332198005,83600000000,20000000
111770,영원무역,40000,-2.32,107201,4299680100,1.77246E+12,44311468
9970,영원무역홀딩스,43300,3.34,41491,1774467050,5.90421E+11,13635592
3520,영진약품,6140,-0.65,598653,3694799590,1.12296E+12,182892731
670,영풍,582000,-0.85,2271,1321278000,1.07207E+12,1842040
6740,영풍제지,7030,0,189841,1340024830,1.56066E+11,22200000
12280,영화금속,1905,1.06,2279121,4352489055,1.01717E+11,53394505
12160,영흥,1150,0.88,319289,364934985,1.09612E+11,95314676
15360,예스코홀딩스,33700,0.45,1559,52407400,2.022E+11,6000000
7310,오뚜기,570000,-1.04,4101,2342841000,2.09303E+12,3671981
2630,오리엔트바이오,1580,3.95,10500463,16802914840,1.87341E+11,118570046
271560,오리온,131000,-0.76,60543,7953338500,5.17923E+12,39536132
1800,오리온홀딩스,14250,0.35,146184,2079682250,8.92697E+11,62645422
70960,용평리조트,4805,1.26,188063,901311590,2.31281E+11,48133333
316140,우리금융지주,10100,0,1501140,15230975000,7.2949E+12,722267683
33660,우리금융캐피탈,10850,0.46,27621,299420400,6.24373E+11,57545890
4720,우리들제약,8940,0.22,74304,666351180,1.31534E+11,14712933
118000,우리들휴브레인,2520,-0.79,354315,885009550,1.27007E+11,50399433
10050,우리종금,688,2.08,7161627,4917920578,6.01452E+11,874203406
6980,우성사료,4085,1.24,3084189,12605528240,1.26227E+11,30900000
17370,우신시스템,5800,1.05,65726,377476450,1.06222E+11,18314054
105840,우진,4770,-0.73,328575,1571700500,96364656180,20202234
10400,우진아이엔에스,7870,0.51,4441,34887900,59985140000,7622000
49800,우진플라임,7230,7.43,160576,1152048810,72300000000,10000000
16880,웅진,2910,-5.52,5305136,15529753955,2.30991E+11,79378330
95720,웅진씽크빅,3310,-2.36,4427790,14897746785,3.82325E+11,115505985
5820,원림,22400,-5.88,11996,273325250,49280000000,2200000
10600,웰바이오텍,2825,0,341840,963845930,1.37085E+11,48525642
8600,윌비스,1680,5.99,4739586,7802519690,1.10497E+11,65771912
33270,유나이티드제약,49400,-0.2,141124,6984193000,8.02494E+11,16244822
14830,유니드,67600,0.45,46772,3127549200,6.00953E+11,8889843
910,유니온,8780,-1.35,1318144,11492046630,1.3707E+11,15611619
47400,유니온머티리얼,4080,0.12,1000430,4048346475,1.7136E+11,42000000
11330,유니켐,1565,1.29,401006,624099195,1.07532E+11,68710343
77500,유니퀘스트,11450,-1.29,128373,1477360200,3.12891E+11,27326725
2920,유성기업,3135,0.97,60164,187422685,81345412500,25947500
700,유수홀딩스,6400,3.23,294267,1843087050,1.66668E+11,26041812
3470,유안타증권,3535,-0.56,2317875,8249015875,7.05574E+11,199596576
3475,유안타증권우,3660,-0.27,1129870,4236344455,47258695920,12912212
11690,유양디앤유,2440,0,0,0,3.59255E+11,147235637
72130,유엔젤,4100,-0.97,380544,1593403895,54101361400,13195454
220,유유제약,9080,21.72,4129580,37914808600,72960042760,8035247
225,유유제약1우,8980,29.96,353989,3101524060,10178515700,1133465
227,유유제약2우B,22200,29.82,18986,400186100,3642576000,164080
1200,유진투자증권,4040,1,1180200,4812800895,3.9134E+11,96866418
100,유한양행,63000,2.11,368435,23180368800,4.4083E+12,69972959
105,유한양행우,60400,1,5822,351714300,71328776000,1180940
3460,유화증권,2545,-0.39,405351,1039872970,1.44308E+11,56702415
3465,유화증권우,2640,2.33,7306,19048120,46137762000,17476425
8730,율촌화학,20350,-0.25,66159,1346805950,5.0468E+11,24800000
8250,이건산업,9570,1.16,81476,775275100,1.04817E+11,10952635
25820,이구산업,2805,-1.58,368436,1033625205,93804810000,33442000
214320,이노션,61500,1.82,45782,2798986500,1.23E+12,20000000
88260,이리츠코크렙,5760,-0.35,32417,186323870,3.64848E+11,63341590
139480,이마트,171000,-0.87,142158,24392687500,4.76677E+12,27875819
7660,이수페타시스,3410,0,210848,718399575,1.40725E+11,41268398
5950,이수화학,11650,-0.43,233375,2731618100,3.01792E+11,25904857
15020,이스타코,1520,18.29,23259166,35105133270,65134432000,42851600
93230,이아이디,403,1.26,47611314,19214699462,3.11657E+11,773342542
74610,이엔플러스,4670,-0.85,466237,2174584490,2.14085E+11,45842594
102460,이연제약,17000,0.59,31434,534644800,3.0445E+11,17908795
84680,이월드,3385,3.04,1097124,3711776775,3.59284E+11,106139897
350520,이지스레지던스리츠,4900,0.1,27864,136406845,1.0094E+11,20600000
334890,이지스밸류리츠,4895,0,143705,703391295,1.1748E+11,24000000
760,이화산업,23450,0.86,19388,445072050,65660000000,2800000
14990,인디에프,1290,0.39,62137,79785430,76023563550,58932995
101140,인바이오젠,3425,-0.87,360106,1242182265,1.76598E+11,51561397
6490,인스코비,3110,5.96,4460507,12943613120,3.19448E+11,102716266
23800,인지컨트롤스,14500,-3.01,163201,2384121200,2.19822E+11,15160128
34590,인천도시가스,25800,0.19,742,19146650,1.12869E+11,4374754
129260,인터지스,4290,4.13,3938990,16932099380,1.27618E+11,29747874
23810,인팩,6890,0,26763,185422560,68900000000,10000000
249420,일동제약,15900,0.32,46776,740620450,3.78472E+11,23803285
230,일동홀딩스,14350,0.35,14400,204441500,1.65605E+11,11540400
13360,일성건설,1440,-4,905920,1316282655,77795827200,54024880
3120,일성신약,82100,-0.24,1424,116639100,2.18386E+11,2660000
3200,일신방직,94500,-0.21,8464,794037600,2.268E+11,2400000
7110,일신석재,1870,-0.8,241465,453111260,1.44844E+11,77456610
7570,일양약품,33050,-0.6,184223,6114296850,6.30781E+11,19085664
7575,일양약품우,31200,-0.48,7173,224024200,13886496000,445080
8500,일정실업,15950,0.31,2352,37540900,19140000000,1200000
81000,일진다이아,40400,-1.1,66601,2691783050,5.738E+11,14202975
20760,일진디스플,4490,0.67,104009,464543930,1.54763E+11,34468286
20150,일진머티리얼즈,67900,-0.44,197718,13445737100,3.13093E+12,46110835
103590,일진전기,3830,0.13,136891,526035125,1.42018E+11,37080390
15860,일진홀딩스,5030,-0.4,127594,643012630,2.48218E+11,49347483
226320,잇츠한불,27300,2.25,53558,1445870550,5.9867E+11,21929315
317400,자이에스앤디,10950,0,94645,1038743450,2.93269E+11,26782520
33240,자화전자,16700,-1.47,102226,1708860750,2.9893E+11,17900000
950,전방,39050,-4.29,7513,296211950,65604000000,1680000
348950,제이알글로벌리츠,5220,-0.76,344825,1803116760,8.64432E+11,165600000
194370,제이에스코퍼레이션,19250,6.65,190457,3584700900,2.5671E+11,13335601
25620,제이준코스메틱,1730,-1.98,782345,1347012980,63853313900,36909430
36420,제이콘텐트리,51000,4.94,130627,6552481050,8.35639E+11,16385071
30000,제일기획,21250,-3.19,470356,10123778000,2.44463E+12,115041225
271980,제일약품,39900,-1.24,44002,1768419650,5.86724E+11,14704872
1560,제일연마,7820,-0.13,7827,60728560,78200000000,10000000
2620,제일파마홀딩스,17900,-1.1,7371,132394350,2.85923E+11,15973355
6220,제주은행,7730,0.39,466598,3627273540,2.48355E+11,32128774
89590,제주항공,23300,0.43,129125,2994893600,8.97041E+11,38499615
4910,조광페인트,7050,2.17,128865,910219620,90240000000,12800000
4700,조광피혁,54500,-0.18,2449,133680100,3.62378E+11,6649138
1550,조비,21200,-1.62,28165,600259800,1.10075E+11,5192239
480,조선내화,82100,1.11,4112,335833200,3.284E+11,4000000
120030,조선선재,135500,8.4,44971,5996334000,1.70412E+11,1257651
18470,조일알미늄,601,0.17,904507,544006156,52008433495,86536495
2600,조흥,178500,0.28,157,27956000,1.071E+11,600000
185750,종근당,138000,0,73275,10105824000,1.5768E+12,11426099
63160,종근당바이오,56700,-0.53,58585,3316618200,3.11054E+11,5485962
1630,종근당홀딩스,103500,1.47,20067,2057220500,5.18521E+11,5009861
44380,주연테크,1055,-0.94,744812,790566000,57615753895,54612089
13890,지누스,79400,-1.37,41703,3326812300,1.1439E+12,14406749
13870,지엠비코리아,7300,-0.54,55289,404904630,1.39228E+11,19072280
71320,지역난방공사,38350,0,5881,225690100,4.44045E+11,11578744
10580,지코,306,0,0,0,19761980616,64581636
35000,지투알,5770,1.23,52031,299435750,95593949930,16567409
88790,진도,5980,-4.32,2295796,13716394980,74437509120,12447744
3780,진양산업,7900,1.15,4481073,36007620860,1.027E+11,13000000
10640,진양폴리,3980,0.13,1022107,4112321320,39800000000,10000000
100250,진양홀딩스,2930,0.51,531745,1563360065,1.63773E+11,55895292
51630,진양화학,6440,4.38,3354874,21641382830,77280000000,12000000
272450,진에어,20500,-1.2,141978,2914324550,9.225E+11,45000000
11000,진원생명과학,11700,-2.09,499305,5917637550,5.23821E+11,44771008
2780,진흥기업,3455,-1.57,2606612,9138405490,5.02605E+11,145471745
2787,진흥기업2우B,12450,2.05,554,6856250,3670359600,294808
2785,진흥기업우B,6730,-0.3,20023,134098980,5769077140,857218
9310,참엔지니어링,1560,-1.58,384272,598018220,86494234320,55445022
650,천일고속,67100,3.71,8579,567730300,95900662000,1429220
33250,체시스,1655,3.76,439523,718013835,52960000000,32000000
35720,카카오,498000,0.91,503036,2.51145E+11,4.41959E+13,88746712
6380,카프로,3965,2.85,325707,1275190610,1.586E+11,40000000
109070,컨버즈,4100,0,0,0,57648054100,14060501
1620,케이비아이동국실업,937,6.24,1433221,1347238328,61881421464,66042072
29460,케이씨,27250,0.37,70971,1939730200,3.69348E+11,13554044
344820,케이씨씨글라스,49900,-1.19,142394,7149973950,7.96929E+11,15970512
281820,케이씨텍,26300,-1.87,78891,2090561150,5.48659E+11,20861556
145270,케이탑리츠,1515,2.71,884728,1324525900,70029552405,46224127
357120,코람코에너지리츠,5090,0,320254,1639586420,3.54366E+11,69620000
7815,코리아써우,5790,0.17,4443,25842730,17165555100,2964690
7810,코리아써키트,12350,-0.8,96462,1188401850,2.91716E+11,23620751
00781K,코리아써키트2우B,6340,-0.31,1068,6759310,4968651660,783699
3690,코리안리,8460,1.56,246273,2076092430,1.01832E+12,120369116
192820,코스맥스,122000,-1.21,95062,11690568000,1.22604E+12,10049509
44820,코스맥스비티아이,16400,2.18,44986,733402100,1.57504E+11,9603921
5070,코스모신소재,18500,-1.6,215994,4017074150,5.41087E+11,29247965
5420,코스모화학,11000,1.85,409121,4487916400,2.98577E+11,27143325
71950,코아스,1165,-0.85,107214,125056685,36006899650,30907210
2020,코오롱,23200,0.22,42540,988721200,2.92933E+11,12626426
3070,코오롱글로벌,21300,5.19,179083,3750475200,5.36982E+11,25210438
3075,코오롱글로벌우,25750,0,1299,33383300,8054677250,312803
144620,코오롱머티리얼,3055,-0.49,147490,449946425,2.09752E+11,68658635
2025,코오롱우,13800,0,6079,83598600,14854182000,1076390
120110,코오롱인더,59800,1.01,266834,15810181400,1.61333E+12,26978840
120115,코오롱인더우,26450,0.57,10082,265647500,73209897000,2767860
138490,코오롱플라스틱,6330,0.8,177888,1132130340,2.4054E+11,38000000
21240,코웨이,65500,-1.36,325679,21447230500,4.83388E+12,73799619
31820,콤텍시스템,1520,2.36,1393336,2100327180,1.03134E+11,67851466
192400,쿠쿠홀딩스,127500,-0.39,3227,410823500,9.06836E+11,7112437
284740,쿠쿠홈시스,42800,0.59,72705,3072806350,9.60318E+11,22437330
15590,큐로,643,0.47,4226800,2711282176,1.46097E+11,227211638
264900,크라운제과,10500,1.94,57445,596002150,1.315E+11,12523850
26490K,크라운제과우,10450,0.48,6989,72905900,8083702000,773560
5740,크라운해태홀딩스,9740,-0.31,35175,344594950,1.44613E+11,14847347
5745,크라운해태홀딩스우,14700,0.68,13802,200502650,8830672200,600726
20120,키다리스튜디오,14050,6.84,731273,10190692300,4.57859E+11,32587832
39490,키움증권,126000,2.44,187898,23631286000,3.27996E+12,26031389
12170,키위미디어그룹,1105,0,0,0,68534900070,62022534
14580,태경비케이,4645,1.75,487014,2229138025,1.28123E+11,27583100
15890,태경산업,7950,23.64,6109581,43005791570,2.32369E+11,29228750
6890,태경케미컬,13800,-0.72,79963,1102169200,1.6008E+11,11600000
3240,태광산업,920000,0.33,876,803165000,1.02433E+12,1113400
11280,태림포장,5110,-0.78,232083,1190859700,3.61818E+11,70805940
4100,태양금속,1615,-3.29,4157361,7083803180,59270500000,36700000
4105,태양금속우,3030,0.5,24697,74998530,9999000000,3300000
9410,태영건설,12000,0.84,301985,3588312900,4.66789E+11,38899098
9415,태영건설우,12000,-0.83,12492,149904450,15625704000,1302142
1420,태원물산,4310,-3.79,335143,1477915555,32756000000,7600000
7980,태평양물산,1905,3.53,668915,1269341870,91724963235,48149587
55490,테이팩스,51300,0.59,37901,1943208800,2.42015E+11,4717650
78000,텔코웨어,11500,0,42200,486280000,1.11581E+11,9702706
214420,토니모리,7970,0,17080,135893350,1.40591E+11,17640000
19180,티에이치엔,3170,2.92,124955,390352835,57060000000,18000000
363280,티와이홀딩스,26300,6.48,533535,13803879600,1.05651E+12,40171615
36328K,티와이홀딩스우,22700,2.71,22570,506367350,28496172600,1255338
91810,티웨이항공,2790,0.54,357103,993182225,3.07821E+11,110330279
4870,티웨이홀딩스,1380,-0.72,80240,111135030,1.05831E+11,76688976
5690,파미셀,15050,-1.95,524728,7909649550,9.02382E+11,59958950
36580,팜스코,7050,-1.67,127008,899458670,2.58932E+11,36727943
28670,팬오션,6170,-1.44,9186685,57414239320,3.29829E+12,534569512
10820,퍼스텍,2655,0.76,1340005,3589116185,1.27603E+11,48061460
16800,퍼시스,29500,0.34,984,29108650,3.3925E+11,11500000
1020,페이퍼코리아,2285,-0.87,54663,124507445,85693733480,37502728
90080,평화산업,1100,-0.45,92832,102578840,60392484900,54902259
10770,평화홀딩스,3630,-0.14,13517,48847940,53090441580,14625466
58430,포스코강판,28950,-0.86,143043,4089643000,1.737E+11,6000000
47050,포스코인터내셔널,20150,-3.36,878742,17794061000,2.48601E+12,123375149
3670,포스코케미칼,155000,0.32,312771,48223947500,1.20068E+13,77463220
7630,폴루스바이오팜,1225,0,0,0,55134426375,45007695
17810,풀무원,17050,-1.16,61868,1055342700,6.49955E+11,38120539
103140,풍산,33500,1.98,313046,10391098050,9.38813E+11,28024278
5810,풍산홀딩스,22950,0.44,29215,669696450,2.38899E+11,10409528
950210,프레스티지바이오파마,28200,0.71,554027,15727495650,1.69471E+12,60096155
33180,필룩스,3455,-2.4,3180284,11090572455,3.22816E+11,93434440
86790,하나금융지주,42800,3.51,1770744,75298279800,1.28504E+13,300242062
293480,하나제약,24550,1.03,39492,965875450,3.9771E+11,16200000
39130,하나투어,67800,2.11,113170,7599562300,9.45077E+11,13939185
172580,하이골드12호,2120,0.24,2665,5650180,27654340000,13044500
153360,하이골드3호,1325,-0.38,10572,13975535,21398471750,16149790
71090,하이스틸,28650,0,0,0,57298395600,1999944
19490,하이트론,9680,9.01,305802,2917714140,64998915520,6714764
80,하이트진로,36850,-0.14,388881,14346553900,2.58442E+12,70133611
87,하이트진로2우B,20150,0.25,1848,37072000,22772280700,1130138
140,하이트진로홀딩스,16950,1.5,53186,889119250,3.93355E+11,23206765
145,하이트진로홀딩스우,15150,1,1530,22911550,7132771500,470810
152550,한국ANKOR유전,1675,0,3169,5305575,1.17284E+11,70020000
36460,한국가스공사,33700,0.6,271797,9074883750,3.11095E+12,92313000
5430,한국공항,40900,1.36,8435,345237550,1.29504E+11,3166355
71050,한국금융지주,85600,-0.23,389601,33591419000,4.77014E+12,55725992
71055,한국금융지주우,64600,2.22,48137,3115386900,3.78443E+11,5858251
10040,한국내화,4040,2.02,155323,624654320,92369073280,22863632
25540,한국단자,72100,-1.23,50617,3669458800,7.50922E+11,10415000
4090,한국석유,268500,0.37,39154,10526003000,1.75921E+11,655200
2200,한국수출포장,24450,2.3,45132,1096126250,97800000000,4000000
2960,한국쉘석유,252000,0.4,2402,605130500,3.276E+11,1300000
240,한국앤컴퍼니,18500,-2.63,404549,7535637800,1.72087E+12,93020173
123890,한국자산신탁,4675,0.86,1942465,9113389140,5.79596E+11,123977752
15760,한국전력,23150,-0.43,2486607,57490148300,1.48615E+13,641964077
6200,한국전자홀딩스,1530,-5.56,8003994,12879795715,71608798080,46803136
9540,한국조선해양,133500,-0.74,534618,72775253500,9.44821E+12,70773116
23350,한국종합기술,7040,2.18,261872,1858107280,77088000000,10950000
25890,한국주강,1855,-0.8,86953,162001625,20978675445,11309259
970,한국주철관,9260,-0.64,169265,1563389780,2.11133E+11,22800500
104700,한국철강,10700,-1.83,279128,2984507500,4.92735E+11,46050000
17960,한국카본,12300,1.23,1207984,15051176500,5.40717E+11,43960757
161890,한국콜마,57400,0.88,142538,8137886500,1.31338E+12,22881180
24720,한국콜마홀딩스,28750,0.52,53604,1534401950,5.34081E+11,18576719
161390,한국타이어앤테크놀로지,49050,1.55,607541,29975460300,6.07607E+12,123875069
34830,한국토지신탁,2410,0,5595805,13555144705,6.08499E+11,252489230
7280,한국특수형강,2045,2,379481,769369800,1.08881E+11,53242476
168490,한국패러랠,1930,0,16687,32193600,1.54439E+11,80020000
10100,한국프랜지,3050,0.83,255877,776082595,92873781000,30450420
47810,한국항공우주,36750,0.27,697186,25728865100,3.58221E+12,97475107
123690,한국화장품,11900,0.42,41928,497785300,1.91209E+11,16068000
3350,한국화장품제조,35100,-1.13,10658,375815350,1.59073E+11,4532000
11500,한농화성,15900,-2.75,372012,5974606350,2.48629E+11,15637042
2390,한독,27350,0.18,32260,882963500,3.76433E+11,13763533
14790,한라,5250,1.74,218080,1138939440,2.04093E+11,38874942
60980,한라홀딩스,40800,-0.24,24905,1015380350,4.2726E+11,10472070
53690,한미글로벌,10700,-0.93,124200,1322810850,1.17246E+11,10957550
42700,한미반도체,24400,-0.2,284079,6891160850,1.20682E+12,49459877
8930,한미사이언스,58000,-0.34,62236,3609922000,3.90367E+12,67304611
128940,한미약품,316500,-0.63,23096,7319686500,3.82278E+12,12078282
9240,한샘,116500,0,131270,15575364000,2.7417E+12,23533928
20000,한섬,40600,-1.46,81780,3313421050,9.99978E+11,24630000
3680,한성기업,7990,0.5,23123,183979650,49614024850,6209515
105630,한세실업,20050,-4.07,485807,9818196150,8.02E+11,40000000
69640,한세엠케이,3810,6.13,235711,909318605,49184516820,12909322
16450,한세예스24홀딩스,8240,3,169304,1382793070,3.296E+11,40000000
10420,한솔PNS,1995,-2.21,327945,662052750,40883558940,20493012
9180,한솔로지스틱스,3415,0,865316,2945631050,93835406375,27477425
213500,한솔제지,14350,1.41,272113,3888557100,3.41538E+11,23800576
14680,한솔케미칼,241000,0.63,54381,13016361000,2.73178E+12,11335195
4710,한솔테크닉스,10550,4.46,1481988,15605196650,3.38759E+11,32109878
4150,한솔홀딩스,3880,2.51,624836,2407715705,1.62993E+11,42008577
25750,한솔홈데코,2080,0.97,2441864,5077016645,1.67576E+11,80565149
4960,한신공영,20150,2.81,100067,1993619500,2.3315E+11,11570702
11700,한신기계,2340,1.08,5356080,12291784985,75923993340,32446151
1750,한양증권,11300,7.11,435527,4895630450,1.43832E+11,12728534
1755,한양증권우,17400,4.19,6877,118949400,9135000000,525000
18880,한온시스템,17650,-1.67,1577238,28002212550,9.42157E+12,533800000
9420,한올바이오파마,22900,0,196948,4491766800,1.19631E+12,52240638
14130,한익스프레스,6170,-0.16,90530,558017660,74040000000,12000000
300720,한일시멘트,168000,9.09,44086,7228365500,1.16359E+12,6926154
2220,한일철강,2335,1.52,36170,83612185,61637788900,26397340
6390,한일현대시멘트,44000,6.41,325959,14161176950,7.40137E+11,16821290
3300,한일홀딩스,12750,4.94,140935,1787608200,3.67401E+11,28815780
51600,한전KPS,31500,2.61,713861,22224895300,1.4175E+12,45000000
52690,한전기술,22450,4.18,257164,5758021100,8.58039E+11,38220000
130660,한전산업,4710,-0.84,201819,949034575,1.53546E+11,32600000
2320,한진,43000,-1.04,113316,4871034000,6.42748E+11,14947628
97230,한진중공업,7460,4.19,387599,2866336910,6.21226E+11,83274281
3480,한진중공업홀딩스,3885,0.39,37121,143548710,1.14723E+11,29529812
180640,한진칼,57400,-0.17,40561,2327819100,3.80348E+12,66262654
18064K,한진칼우,39500,-0.63,2665,106068300,21202257000,536766
5110,한창,1225,0.41,443012,540467180,81818079525,66790269
9460,한창제지,2300,-0.65,839137,1922778310,1.37235E+11,59667486
880,한화,31850,2.58,553574,17402103000,2.38744E+12,74958735
00088K,한화3우B,14350,1.06,47672,680002950,3.22473E+11,22472000
88350,한화생명,3210,3.22,20685954,67271711930,2.78798E+12,868530000
370,한화손해보험,4880,-1.41,1174818,5823217800,5.69686E+11,116738915
9830,한화솔루션,50100,2.98,4155806,2.09918E+11,9.58305E+12,191278497
9835,한화솔루션우,59000,1.03,15707,937636700,66300483000,1123737
272210,한화시스템,22100,9.95,12925310,2.85478E+11,2.43609E+12,110230389
12450,한화에어로스페이스,40900,3.02,933510,38131711600,2.07077E+12,50630000
885,한화우,43000,10.12,4332,176779800,20609642000,479294
3530,한화투자증권,4250,5.85,197071163,8.64584E+11,9.11828E+11,214547775
3535,한화투자증권우,7580,28.04,11736959,84655816380,36384000000,4800000
195870,해성디에스,33300,-0.75,296014,9780685600,5.661E+11,17000000
101530,해태제과식품,8270,0,19622,162559480,2.40796E+11,29116822
143210,핸즈코퍼레이션,6710,0.15,37924,253111910,1.46703E+11,21863268
720,현대건설,44050,0.57,722901,31836269000,4.90522E+12,111355765
267270,현대건설기계,53800,-1.47,319002,17315071800,1.0599E+12,19700793
725,현대건설우,169000,-2.31,992,169260000,16706664000,98856
5440,현대그린푸드,10550,0.48,923101,9862610200,1.03078E+12,97704482
86280,현대글로비스,187500,-1.57,193623,36516102000,7.03125E+12,37500000
64350,현대로템,20350,-0.25,813728,16614305500,2.22105E+12,109142293
79430,현대리바트,18100,4.02,547858,9848831250,3.71689E+11,20535282
12330,현대모비스,292000,-2.18,361851,1.06412E+11,2.76796E+13,94793094
10620,현대미포조선,66900,1.98,579526,38952853100,2.67213E+12,39942149
69960,현대백화점,90700,0.55,152403,13758110800,2.1226E+12,23402441
4560,현대비앤지스틸,17500,-4.63,321946,5646283200,2.63879E+11,15078811
4565,현대비앤지스틸우,88000,-2.22,3757,324931000,9666976000,109852
11760,현대상사,19550,-0.76,89040,1747122300,2.58626E+11,13228966
4310,현대약품,7760,-0.51,479010,3748608700,2.4832E+11,32000000
322000,현대에너지솔루션,35900,2.13,104746,3743535250,4.0208E+11,11200000
17800,현대엘리베이,45800,0.99,247288,11306228800,1.86934E+12,40815191
307950,현대오토에버,118000,-1.26,49184,5853115000,2.478E+12,21000000
11210,현대위아,77100,-1.28,152675,11808668100,2.09674E+12,27195083
267260,현대일렉트릭,20950,0.96,524826,10901733150,7.55187E+11,36047135
4020,현대제철,48050,0.42,1076492,51768436650,6.41207E+12,133445785
267250,현대중공업지주,291500,3.19,89045,25744725000,4.6053E+12,15798617
5380,현대차,218000,-0.68,750876,1.64963E+11,4.65797E+13,213668187
5387,현대차2우B,98000,-1.61,50916,5035570700,3.57557E+12,36485451
5389,현대차3우B,94700,-0.32,6561,623219800,2.30001E+11,2428735
5385,현대차우,100000,-0.5,54683,5480824500,2.43567E+12,24356685
1500,현대차증권,13050,4.4,480959,6272958100,3.92115E+11,30047110
227840,현대코퍼레이션홀딩스,14550,-1.02,102429,1483651500,1.32417E+11,9100836
126560,현대퓨처넷,4790,-0.83,1293980,6295603345,5.40679E+11,112876596
1450,현대해상,24500,1.45,622487,15340921450,2.1903E+12,89400000
57050,현대홈쇼핑,80900,1.13,30588,2457076100,9.708E+11,12000000
93240,형지엘리트,4330,8.93,9341731,40684001460,1.349E+11,31154798
3010,혜인,7530,-0.4,1379326,10384746580,95726984910,12712747
111110,호전실업,10150,1,39469,399074650,81200000000,8000000
8770,호텔신라,86900,0.35,533023,46612075700,3.41066E+12,39248121
8775,호텔신라우,83800,0.6,5890,492985000,63007460200,751879
2460,화성산업,12200,1.24,73723,897778200,1.519E+11,12450800
378850,화승알앤에이,5560,-0.71,163920,910420020,1.05605E+11,18993623
241590,화승엔터프라이즈,18300,1.1,289804,5261668450,1.10798E+12,60545435
6060,화승인더,7780,-0.51,318079,2472903420,4.3039E+11,55320000
13520,화승코퍼레이션,1805,-0.82,174984,316277775,90342509860,50051252
10690,화신,4900,-2.39,288984,1422144680,1.7111E+11,34920410
133820,화인베스틸,2635,0.96,233640,613614955,77864250000,29550000
10660,화천기계,2565,2.19,322235,820696140,56430000000,22000000
850,화천기공,34650,1.02,9329,323271400,76230000000,2200000
16580,환인제약,18000,-0.55,58634,1057453850,3.34801E+11,18600070
32560,황금에스티,8560,0.94,117716,1008361860,1.1984E+11,14000000
4800,효성,88900,-0.45,83935,7473404800,1.87321E+12,21071025
94280,효성ITX,20200,3.06,64581,1288795350,2.33476E+11,11558200
298040,효성중공업,78400,-1.01,92110,7223718000,7.31045E+11,9324548
298050,효성첨단소재,380500,0,77822,29794623500,1.70462E+12,4479948
298020,효성티앤씨,573000,2.69,77399,43661392000,2.47976E+12,4327682
298000,효성화학,309000,-0.64,74184,23102332000,9.85749E+11,3190126
93370,후성,10500,-2.78,909721,9599780550,9.72372E+11,92606819
81660,휠라홀딩스,43150,-1.71,319200,13816338400,2.62146E+12,60752222
5870,휴니드,8610,-3.37,1179260,10122405940,1.21539E+11,14116015
79980,휴비스,8830,-0.56,237820,2100527310,3.04635E+11,34500000
5010,휴스틸,10950,2.82,200370,2177666700,83457264600,7621668
69260,휴켐스,21800,-2.24,1439139,31184482350,8.91153E+11,40878588
540,흥국화재,4105,1.36,295846,1202616075,2.63716E+11,64242645
547,흥국화재2우B,20300,-1.22,843,17077600,3118080000,153600
545,흥국화재우,8280,-0.48,15166,124976340,6359040000,768000
3280,흥아해운,258,0,0,0,30117000222,116732559
