회사명,거래소코드,회계년도,유동자산(요약)(백만원),부채총계(요약)(백만원)
(주)BNK금융지주,138930,2020/12,,
(주)CMG제약,058820,2020/12,145981,14225
(주)DB하이텍,000990,2020/12,455643,384020
(주)ES큐브,050120,2020/12,7524,9046
(주)HJ중공업,097230,2020/12,1067320,1868707
(주)JB금융지주,175330,2020/12,,
(주)KB금융지주,105560,2020/12,,
(주)MH에탄올,023150,2020/12,20504,39906
(주)SH에너지화학,002360,2020/12,64490,26753
(주)SIMPAC,009160,2020/12,259868,222410
(주)SNT에너지,100840,2020/12,199128,95507
(주)SNT홀딩스,036530,2020/12,22395,277
(주)STX,011810,2020/12,156654,336998
(주)TCC스틸,002710,2020/12,110333,162955
(주)가비아,079940,2020/12,20369,39723
(주)가온칩스,399720,2020/12,20212,14657
(주)강스템바이오텍,217730,2020/12,39797,16666
(주)강원랜드,035250,2020/12,1486092,391230
(주)강원에너지,114190,2020/12,21887,15787
(주)갤럭시아에스엠,011420,2020/12,14290,7835
(주)경농,002100,2020/12,148340,101836
(주)경동나비엔,009450,2020/12,269865,254061
(주)경동도시가스,267290,2020/12,325890,342314
(주)경동인베스트,012320,2020/12,35139,1447
(주)경방,000050,2020/12,67254,452924
(주)경보제약,214390,2020/12,138192,97182
(주)경인양행,012610,2020/12,164229,194513
(주)고려시멘트,198440,2020/12,38514,22975
(주)고바이오랩,348150,2020/12,54628,1541
(주)고영테크놀러지,098460,2020/12,201322,50453
(주)골드앤에스,035290,2020/12,9045,6146
(주)골드퍼시픽,038530,2020/12,42322,11682
(주)골프존,215000,2020/12,104804,119466
(주)골프존뉴딘홀딩스,121440,2020/12,42269,93885
(주)공구우먼,366030,2020/12,12003,2726
(주)광림,014200,2020/12,54598,86736
(주)광명전기,017040,2020/12,93190,50685
(주)광무,029480,2020/12,19658,12870
(주)광주신세계,037710,2020/12,142419,86160
(주)구영테크,053270,2020/12,47351,92403
(주)국동,005320,2020/12,88623,67030
(주)국보,001140,2020/12,26063,42971
(주)국보디자인,066620,2020/12,86860,96279
(주)국순당,043650,2020/12,58070,15763
(주)국영지앤엠,006050,2020/12,32357,19015
(주)국전약품,307750,2020/12,39004,25572
(주)그래디언트,035080,2020/12,140040,211851
(주)그리티,204020,2020/12,58187,9319
(주)그린플러스,186230,2020/12,40513,39301
(주)글로벌스탠다드테크놀로지,083450,2020/12,77581,22464
(주)금양,001570,2020/12,49190,113751
(주)금호에이치티,214330,2020/12,184558,106542
(주)금화피에스시,036190,2020/12,137595,26152
(주)기가레인,049080,2020/12,59512,49877
(주)기산텔레콤,035460,2020/12,27627,12956
(주)까뮤이앤씨,013700,2020/12,52564,83453
(주)까스텔바작,308100,2020/12,69744,20146
(주)나노,187790,2020/12,30460,26597
(주)나노브릭,286750,2020/12,11476,7992
(주)나노신소재,121600,2020/12,65734,14309
(주)나노엔텍,039860,2020/12,36077,6624
(주)나래나노텍,137080,2020/12,48943,81009
(주)나무가,190510,2020/12,125845,110477
(주)나스미디어,089600,2020/12,263213,173075
(주)나이벡,138610,2020/12,33335,21241
(주)나이스디앤비,130580,2020/12,42649,14362
(주)나이스홀딩스,034310,2020/12,16069,160855
(주)나인테크,267320,2020/12,45930,45108
(주)남선알미늄,008350,2020/12,121119,102870
(주)남성,004270,2020/12,55468,79331
(주)내츄럴엔도텍,168330,2020/12,20103,34318
(주)네오리진,094860,2020/12,5252,1846
(주)네오셈,253590,2020/12,38889,19335
(주)네오오토,212560,2020/12,50307,61730
(주)네오위즈,095660,2020/12,149350,55610
(주)네오위즈홀딩스,042420,2020/12,96167,1060
(주)네오이뮨텍,950220,2020/12,79931,11637
(주)네오크레마,311390,2020/12,22132,7709
(주)네오티스,085910,2020/12,49898,56769
(주)네오팜,092730,2020/12,113281,15427
(주)네오펙트,290660,2020/12,16564,24014
(주)네온테크,306620,2020/12,24236,31609
(주)네이블커뮤니케이션즈,153460,2020/12,20538,2614
(주)네이처셀,007390,2020/12,56334,23068
(주)네패스,033640,2020/12,123644,171782
(주)네패스아크,330860,2020/12,73763,153879
(주)넥센,005720,2020/12,130998,99792
(주)넥스턴바이오사이언스,089140,2020/12,66786,2583
(주)넥스트아이,137940,2020/12,59718,40132
(주)넥스트엔터테인먼트월드,160550,2020/12,57183,74929
(주)넥스트칩,396270,2020/12,28388,25165
(주)넥스틴,348210,2020/12,44971,8154
(주)넥슨게임즈,225570,2020/12,75447,28030
(주)넵튠,217270,2020/12,30481,38102
(주)노랑풍선,104620,2020/12,31323,29770
(주)노루페인트,090350,2020/12,253520,290770
(주)노루홀딩스,000320,2020/12,60700,61699
(주)노바렉스,194700,2020/12,99511,99403
(주)노바텍,285490,2020/12,46534,7518
(주)노블엠앤비,106520,2020/12,26721,39421
(주)노터스,278650,2020/12,24983,17726
(주)녹십자,006280,2020/12,952356,762377
(주)녹십자엠에스,142280,2020/12,56879,43903
(주)녹십자웰빙,234690,2020/12,59275,31494
(주)녹십자홀딩스,005250,2020/12,123525,449852
(주)녹원씨엔아이,065560,2020/12,22870,39496
(주)농심,004370,2020/12,701908,511527
(주)농심홀딩스,072710,2020/12,6902,4408
(주)누리플랜,069140,2020/12,14454,26640
(주)누리플렉스,040160,2020/12,38832,40368
(주)누보,332290,2020/12,,
(주)뉴로메카,348340,2020/12,8534,9802
(주)뉴보텍,060260,2020/12,29053,31881
(주)뉴인텍,012340,2020/12,18922,21161
(주)뉴트리,270870,2020/12,50151,24515
(주)뉴파워프라즈마,144960,2020/12,69071,98508
(주)뉴프렉스,085670,2020/12,60637,77695
(주)다나와,119860,2020/12,108745,13121
(주)다날,064260,2020/12,411020,246702
(주)다보링크,340360,2020/12,,
(주)다산네트웍스,039560,2020/12,45365,59729
(주)다우기술,023590,2020/12,335337,418240
(주)다우데이타,032190,2020/12,201812,277693
(주)다원시스,068240,2020/12,338337,367109
(주)다이나믹디자인,145210,2020/12,58601,66393
(주)대교,019680,2020/12,193362,224473
(주)대구백화점,006370,2020/12,39924,131976
(주)대덕,008060,2020/12,165085,4221
(주)대동,000490,2020/12,308004,411539
(주)대동스틸,048470,2020/12,57979,17371
(주)대륙제관,004780,2020/12,101574,52854
(주)대림제지,017650,2020/12,44290,57100
(주)대명소노시즌,007720,2020/12,189378,67835
(주)대성미생물연구소,036480,2020/12,23757,25952
(주)대성엘텍,025440,2020/12,50345,71895
(주)대성파인텍,104040,2020/12,31209,33011
(주)대성하이텍,129920,2020/12,68251,86707
(주)대양금속,009190,2020/12,81316,40491
(주)대우건설,047040,2020/12,5165732,6029114
(주)대웅,003090,2020/12,51102,20940
(주)대웅제약,069620,2020/12,374877,610702
(주)대원,007680,2020/12,275730,163167
(주)대유,290380,2020/12,76278,28448
(주)대유에이텍,002880,2020/12,120176,291009
(주)대유에이피,290120,2020/12,62155,109500
(주)대유플러스,000300,2020/12,80875,143341
(주)대창,012800,2020/12,197648,260578
(주)대창솔루션,096350,2020/12,26077,59450
(주)대창스틸,140520,2020/12,69515,135685
(주)대한과학,131220,2020/12,19431,7385
(주)대한항공,003490,2020/12,3717781,21377868
(주)대현,016090,2020/12,141252,49378
(주)대호에이엘,069460,2020/12,48190,73758
(주)대호특수강,021040,2020/12,67884,67263
(주)더 미동,161570,2020/12,13889,1681
(주)더네이쳐홀딩스,298540,2020/12,172565,93260
(주)더블유게임즈,192080,2020/12,124202,42644
(주)더블유아이,073570,2020/12,29000,11342
(주)더블유에스아이,299170,2020/12,27066,3099
(주)더존비즈온,012510,2020/12,124255,403740
(주)더코디,224060,2020/12,18257,18267
(주)덕산테코피아,317330,2020/12,63079,11308
(주)덕성,004830,2020/12,58552,37548
(주)덕신하우징,090410,2020/12,53477,53015
(주)데이타솔루션,263800,2020/12,59200,44926
(주)덱스터스튜디오,206560,2020/12,40057,11122
(주)덴티스,261200,2020/12,46428,56358
(주)덴티움,145720,2020/12,160619,266789
(주)도화엔지니어링,002150,2020/12,194673,171308
(주)동구바이오제약,006620,2020/12,72353,49701
(주)동국알앤에스,075970,2020/12,42144,39828
(주)동국에스엔씨,100130,2020/12,174032,52368
(주)동남합성,023450,2020/12,28840,32285
(주)동방,004140,2020/12,123113,395532
(주)동방선기,099410,2020/12,12665,4301
(주)동방아그로,007590,2020/12,137454,54222
(주)동서,026960,2020/12,727577,121494
(주)동성케미컬,102260,2020/12,67386,117469
(주)동성화인텍,033500,2020/12,127206,133616
(주)동아엘텍,088130,2020/12,98103,29200
(주)동아지질,028100,2020/12,242830,142978
(주)동양,001520,2020/12,235588,132910
(주)동양고속,084670,2020/12,7737,60795
(주)동양에스텍,060380,2020/12,55241,43372
(주)동우팜투테이블,088910,2020/12,109573,67272
(주)동운아나텍,094170,2020/12,57423,40351
(주)동원개발,013120,2020/12,1031620,164249
(주)동원에프앤비,049770,2020/12,479584,621974
(주)동일기연,032960,2020/12,37775,3513
(주)동진쎄미켐,005290,2020/12,328298,406460
(주)두산,000150,2020/12,1259205,2760522
(주)두산테스나,131970,2020/12,60441,232302
(주)두올,016740,2020/12,124757,112977
(주)듀오백,073190,2020/12,15919,6407
(주)드래곤플라이,030350,2020/12,10260,13496
(주)드림시큐리티,203650,2020/12,14454,15566
(주)드림씨아이에스,223250,2020/12,43065,12135
(주)드림어스컴퍼니,060570,2020/12,142612,75333
(주)드림텍,192650,2020/12,83637,76225
(주)디딤,217620,2020/12,25731,77629
(주)디모아,016670,2020/12,24568,41499
(주)디바이스이엔지,187870,2020/12,129997,58712
(주)디비아이엔씨,012030,2020/12,65439,150187
(주)디스플레이테크,066670,2020/12,65772,15191
(주)디아이,003160,2020/12,58450,68624
(주)디아이씨,092200,2020/12,113339,375026
(주)디아크,078590,2020/12,49637,357890
(주)디알비동일,004840,2020/12,110294,109943
(주)디알젬,263690,2020/12,54038,20083
(주)디알텍,214680,2020/12,53573,53416
(주)디앤씨미디어,263720,2020/12,54898,10720
(주)디어유,376300,2020/12,5647,15926
(주)디에스앤엘,141020,2020/12,78,19928
(주)디에스케이,109740,2020/12,58003,39723
(주)디에이테크놀로지,196490,2020/12,64667,21264
(주)디에이피,066900,2020/12,74795,118742
(주)디엔에이링크,127120,2020/12,44607,14491
(주)디엔에프,092070,2020/12,44295,15577
(주)디엔오토모티브,007340,2020/12,71462,28314
(주)디엠에스,068790,2020/12,212677,158734
(주)디오,039840,2020/12,161946,123471
(주)디와이디,219550,2020/12,14114,3486
(주)디이엔티,079810,2020/12,24255,26405
(주)디지비금융지주,139130,2020/12,,
(주)디지아이,043360,2020/12,24787,5029
(주)디지캡,197140,2020/12,8515,14285
(주)디지털대성,068930,2020/12,21658,40999
(주)디지틀조선일보,033130,2020/12,49409,5785
(주)디케이앤디,263020,2020/12,24207,7079
(주)디케이티,290550,2020/12,42843,9382
(주)디티앤씨,187220,2020/12,29172,69535
(주)딜리,131180,2020/12,29719,6061
(주)딥노이드,315640,2020/12,10314,13591
(주)라닉스,317120,2020/12,7045,15176
(주)라온테크,232680,2020/12,13835,20294
(주)라이온켐텍,171120,2020/12,63941,26153
(주)라이트론,069540,2020/12,38994,18315
(주)라이프시맨틱스,347700,2020/12,6190,7354
(주)라파스,214260,2020/12,24906,10806
(주)락앤락,115390,2020/12,106838,78908
(주)래몽래인,200350,2020/12,19714,3757
(주)랩지노믹스,084650,2020/12,79275,27535
(주)러셀,217500,2020/12,33347,3011
(주)레고켐바이오사이언스,141080,2020/12,100011,23786
(주)레드캡투어,038390,2020/12,29943,283601
(주)레몬,294140,2020/12,24487,38484
(주)레이,228670,2020/12,60394,20528
(주)레이언스,228850,2020/12,158671,15439
(주)레이크머티리얼즈,281740,2020/12,36607,49514
(주)레인보우로보틱스,277810,2020/12,5996,4825
(주)로보로보,215100,2020/12,15275,1180
(주)로보스타,090360,2020/12,98598,58335
(주)로보티즈,108490,2020/12,42779,9535
(주)로지시스,067730,2020/12,17968,7608
(주)루닛,328130,2020/12,21984,155761
(주)루멘스,038060,2020/12,85893,76539
(주)루트로닉,085370,2020/12,119084,65913
(주)룽투코리아,060240,2020/12,56268,6203
(주)리노스,039980,2020/12,75393,17392
(주)리더스기술투자,019570,2021/03,,
(주)리더스코스메틱,016100,2020/12,11654,49970
(주)리드코프,012700,2020/12,40671,491586
(주)리메드,302550,2020/12,45896,48584
(주)리파인,377450,2020/12,37664,13383
(주)링네트,042500,2020/12,108923,53776
(주)링크제니시스,219420,2020/12,37641,8389
(주)마니커,027740,2020/12,46469,117453
(주)마니커에프앤지,195500,2020/12,48239,45407
(주)마이크로디지탈,305090,2020/12,10072,13150
(주)마이크로컨텍솔루션,098120,2020/12,25361,7838
(주)마이크로프랜드,147760,2020/12,32837,18345
(주)마인즈랩,377480,2020/12,12822,76955
(주)마크로젠,038290,2020/12,85734,73981
(주)매직마이크로,127160,2020/12,31405,54918
(주)매커스,093520,2020/12,74157,37218
(주)맥스트,377030,2020/12,4084,2608
(주)머큐리,100590,2020/12,87890,45920
(주)멀티캠퍼스,067280,2020/12,88595,71035
(주)메드팩토,235980,2020/12,49024,2753
(주)메디아나,041920,2020/12,49892,8427
(주)메디콕스,054180,2020/12,7108,46933
(주)메디톡스,086900,2020/12,107256,208971
(주)메디프론디비티,065650,2020/12,17561,17184
(주)메리츠금융지주,138040,2020/12,,
(주)메지온,140410,2020/12,59523,14547
(주)메카로,241770,2020/12,61889,13623
(주)메타랩스,090370,2020/12,15578,13208
(주)메타바이오메드,059210,2020/12,49407,53704
(주)멕아이씨에스,058110,2020/12,41058,29038
(주)멜파스,096640,2020/12,9661,32326
(주)모나리자,012690,2020/12,38115,20100
(주)모나미,005360,2020/12,27216,81618
(주)모다이노칩,080420,2020/12,83898,422795
(주)모두투어네트워크,080160,2020/12,90896,83378
(주)모베이스,101330,2020/12,60675,44733
(주)모베이스전자,012860,2020/12,250903,406832
(주)모비데이즈,363260,2020/12,,
(주)모비릭스,348030,2020/12,29216,5716
(주)모비스,250060,2020/12,6919,6538
(주)모아데이타,288980,2020/12,11673,13670
(주)모아텍,033200,2021/03,48236,5659
(주)모코엠시스,333050,2020/12,,
(주)모토닉,009680,2020/12,358915,27801
(주)모헨즈,006920,2020/12,7237,7981
(주)무학,033920,2020/12,83311,72514
(주)미래생명자원,218150,2020/12,20478,3294
(주)미래아이앤지,007120,2020/12,59822,2852
(주)미래컴퍼니,049950,2020/12,59661,24822
(주)미코,059090,2020/12,42108,86322
(주)미코바이오메드,214610,2020/12,56459,14471
(주)미투온,201490,2020/12,6236,33204
(주)바른손이앤에이,035620,2020/12,8450,21897
(주)바른전자,064520,2020/12,13887,8045
(주)바이넥스,053030,2020/12,116636,96023
(주)바이브컴퍼니,301300,2020/12,30530,25842
(주)바이오니아,064550,2020/12,77930,37448
(주)바이오다인,314930,2020/12,6690,18242
(주)바이오로그디바이스,208710,2020/12,30955,45677
(주)바이오솔루션,086820,2020/12,40687,3134
(주)바이오스마트,038460,2020/12,30063,13134
(주)바이오에프디엔씨,251120,2020/12,7867,5202
(주)바이오톡스텍,086040,2020/12,26330,29617
(주)바텍,043150,2020/12,156737,85930
(주)박셀바이오,323990,2020/12,19186,830
(주)배럴,267790,2020/12,28692,9037
(주)백금티앤에이,046310,2020/12,30103,24537
(주)백산,035150,2020/12,102999,107940
(주)밸로프,331520,2020/12,,
(주)버킷스튜디오,066410,2020/12,31371,23406
(주)베노홀딩스,206400,2020/12,54022,23282
(주)베셀,177350,2020/12,21625,35043
(주)베스파,299910,2020/12,34528,22880
(주)벽산,007210,2020/12,111880,140478
(주)보광산업,225530,2020/12,49292,54097
(주)보라티알,250000,2020/12,52291,26450
(주)보락,002760,2020/12,17472,10107
(주)보령,003850,2020/12,307836,298835
(주)본느,226340,2020/12,39533,19355
(주)부-스타,008470,2020/12,62796,16500
(주)부방,014470,2020/12,9675,14879
(주)뷰노,338220,2020/12,7380,13229
(주)뷰웍스,100120,2020/12,107007,24180
(주)브랜드엑스코퍼레이션,337930,2020/12,56624,11905
(주)브리지텍,064480,2020/12,22181,8936
(주)브이씨,365900,2020/12,27131,16499
(주)브이원텍,251630,2020/12,50233,8939
(주)브이티지엠피,018290,2020/12,56635,62812
(주)블루베리엔에프티,044480,2020/12,18664,18830
(주)블루콤,033560,2020/12,43337,16000
(주)블리츠웨이,369370,2020/12,,
(주)비덴트,121800,2020/12,76713,69583
(주)비보존헬스케어,082800,2020/12,91074,89936
(주)비비안,002070,2020/12,94460,95124
(주)비상교육,100220,2020/12,102479,54693
(주)비스토스,419540,2020/12,5430,1359
(주)비씨월드제약,200780,2020/12,44300,60247
(주)비아트론,141000,2020/12,119484,37928
(주)비에이치,090460,2020/12,280074,154857
(주)비엔지티,032790,2020/12,16710,11840
(주)비엘,142760,2020/12,33247,32865
(주)비엘팜텍,065170,2020/12,24252,8995
(주)비엠티,086670,2020/12,78756,71729
(주)비올,335890,2020/12,20095,3888
(주)비와이씨,001460,2020/12,114148,219037
(주)비즈니스온커뮤니케이션,138580,2020/12,27843,3920
(주)비지에프,027410,2020/12,375855,39847
(주)비지에프리테일,282330,2020/12,805009,1636846
(주)비츠로셀,082920,2020/12,100075,32224
(주)비츠로시스,054220,2021/03,2489,9351
(주)비츠로테크,042370,2020/12,23784,31855
(주)비케이홀딩스,050090,2020/12,39485,16559
(주)비투엔,307870,2020/12,,
(주)비트나인,357880,2020/12,4775,11177
(주)비트컴퓨터,032850,2020/12,20757,15678
(주)비피도,238200,2020/12,38314,6664
(주)빅솔론,093190,2020/12,127302,14218
(주)빅텍,065450,2020/12,75168,60476
(주)빙그레,005180,2020/12,265902,123971
(주)사람인에이치알,143240,2020/12,76643,17655
(주)사조대림,003960,2020/12,256037,309379
(주)사조오양,006090,2020/12,130709,133950
(주)산돌,419120,2020/12,12793,16431
(주)삼기,122350,2020/12,143408,289275
(주)삼보판지,023600,2020/12,50428,63308
(주)삼성출판사,068290,2020/12,40142,25635
(주)삼양사,145990,2020/12,694107,902604
(주)삼양옵틱스,225190,2020/12,23478,9211
(주)삼양패키징,272550,2020/12,143750,256763
(주)삼양홀딩스,000070,2020/12,374177,247068
(주)삼에스코리아,060310,2021/03,16021,16924
(주)삼영에스앤씨,361670,2020/12,12478,3702
(주)삼원강재,023000,2020/12,133525,45218
(주)삼익악기,002450,2020/12,74813,189343
(주)삼일,032280,2020/12,20794,51132
(주)삼일기업공사,002290,2020/12,59606,8208
(주)삼일씨엔에스,004440,2020/12,125546,49036
(주)삼진,032750,2020/12,42602,13981
(주)삼진엘앤디,054090,2020/12,53709,44602
(주)삼천리,004690,2020/12,1015480,1514860
(주)삼표시멘트,038500,2020/12,192433,514258
(주)삼화네트웍스,046390,2020/12,22324,5094
(주)상보,027580,2020/12,42121,62756
(주)상상인,038540,2020/12,37247,25590
(주)상상인인더스트리,101000,2020/12,32815,15478
(주)상상인증권,001290,2020/12,,
(주)상아프론테크,089980,2020/12,108894,80887
(주)상지카일룸,042940,2020/12,67055,51827
(주)새로닉스,042600,2020/12,17950,37263
(주)새빗켐,107600,2020/12,7836,6367
(주)샘씨엔에스,252990,2020/12,17108,22250
(주)샤페론,378800,2020/12,30156,84519
(주)서남,294630,2020/12,6946,3945
(주)서린바이오사이언스,038070,2020/12,38301,15554
(주)서부티엔디,006730,2020/12,157054,1170517
(주)서산,079650,2020/12,27518,4773
(주)서연,007860,2020/12,23870,3351
(주)서연이화,200880,2020/12,406201,507176
(주)서연탑메탈,019770,2020/12,77481,57186
(주)서울리거,043710,2020/12,29804,17076
(주)서울옥션,063170,2020/12,75697,80428
(주)서울제약,018680,2020/12,25933,36235
(주)서원,021050,2020/12,71870,100604
(주)서원인텍,093920,2020/12,140682,15889
(주)서전기전,189860,2020/12,24753,16099
(주)서진시스템,178320,2020/12,121870,206428
(주)서진오토모티브,122690,2020/12,50569,158403
(주)서플러스글로벌,140070,2020/12,115658,82855
(주)서한,011370,2020/12,434582,225470
(주)서흥,008490,2020/12,185416,204725
(주)서희건설,035890,2020/12,787579,502071
(주)석경에이티,357550,2020/12,15722,6291
(주)선광,003100,2020/12,43074,118113
(주)선앤엘,002820,2020/12,107975,214927
(주)선익시스템,171090,2020/12,61182,15725
(주)선진,136490,2020/12,292266,418544
(주)성광벤드,014620,2020/12,234706,33554
(주)성도이엔지,037350,2020/12,125688,129877
(주)성안,011300,2020/12,23553,78629
(주)성우하이텍,015750,2020/12,758511,866342
(주)성창오토텍,080470,2020/12,49883,43704
(주)세경하이테크,148150,2020/12,126677,52757
(주)세동,053060,2020/12,23716,83234
(주)세림비앤지,340440,2020/12,,
(주)세보엠이씨,011560,2020/12,252368,156748
(주)세아메카닉스,396300,2020/12,30461,13897
(주)세아베스틸지주,001430,2020/12,781178,1087359
(주)세아제강,306200,2020/12,487375,456801
(주)세아제강지주,003030,2020/12,12448,56707
(주)세아특수강,019440,2020/12,246774,120658
(주)세아홀딩스,058650,2020/12,5899,132746
(주)세우글로벌,013000,2020/12,39455,4115
(주)세운메디칼,100700,2020/12,63649,9493
(주)세원물산,024830,2020/12,74346,111030
(주)세이브존아이앤씨,067830,2020/12,72842,107306
(주)세종메디칼,258830,2020/12,19162,2172
(주)세중,039310,2020/12,29839,6628
(주)세진중공업,075580,2020/12,104935,219259
(주)세진티에스,067770,2020/12,24597,1711
(주)세코닉스,053450,2020/12,134678,207239
(주)세토피아,222810,2020/12,25057,6728
(주)세화피앤씨,252500,2020/12,21459,3707
(주)센코,347000,2020/12,24046,7871
(주)센트랄모텍,308170,2020/12,65184,138578
(주)센트럴인사이트,012600,2020/12,7110,11273
(주)셀레믹스,331920,2020/12,28311,1242
(주)셀루메드,049180,2020/12,15470,16014
(주)셀리드,299660,2020/12,12975,2104
(주)셀리버리,268600,2020/12,54658,22123
(주)셀바스에이아이,108860,2020/12,14877,21026
(주)셀바스헬스케어,208370,2020/12,23181,19561
(주)셀트리온,068270,2020/12,2294204,1359837
(주)셀트리온제약,068760,2020/12,230921,247514
(주)셀트리온헬스케어,091990,2020/12,3186182,1630904
(주)셀피글로벌,068940,2020/12,25909,18346
(주)소룩스,290690,2020/12,34802,23561
(주)소마젠,950200,2020/12,34157,13363
(주)소프트센,032680,2020/12,28739,21302
(주)손오공,066910,2020/12,35512,23171
(주)솔고바이오메디칼,043100,2020/12,18286,18034
(주)솔루에타,154040,2020/12,34882,43360
(주)솔루엠,248070,2020/12,152724,170230
(주)솔본,035610,2020/12,15492,3052
(주)솔트룩스,304100,2020/12,41912,5491
(주)쇼박스,086980,2020/12,104712,15918
(주)수산아이앤티,050960,2020/12,29730,4152
(주)수산인더스트리,126720,2020/12,90549,40709
(주)수산중공업,017550,2020/12,37859,59741
(주)수젠텍,253840,2020/12,51566,9257
(주)슈프리마,236200,2020/12,78910,7600
(주)슈프리마아이디,317770,2020/12,35405,1950
(주)슈프리마에이치큐,094840,2020/12,43997,6504
(주)슈피겐코리아,192440,2020/12,152169,42292
(주)스마트솔루션즈,136510,2020/12,14174,12394
(주)스맥,099440,2020/12,109918,109270
(주)스카이문스테크놀로지,033790,2020/12,11854,6498
(주)스코넥엔터테인먼트,276040,2020/12,3201,9138
(주)스킨앤스킨,159910,2020/12,9368,4754
(주)스타플렉스,115570,2020/12,41668,60470
(주)스튜디오산타클로스엔터테인먼트,204630,2020/12,25022,28054
(주)스페코,013810,2020/12,27185,36423
(주)승일,049830,2020/12,61510,32680
(주)시공테크,020710,2020/12,57281,36754
(주)시너지이노베이션,048870,2020/12,16704,41674
(주)시노펙스,025320,2020/12,35749,46870
(주)시디즈,134790,2020/12,58459,46988
(주)시스웍,269620,2020/12,47265,36070
(주)시큐브,131090,2020/12,31108,4083
(주)시티랩스,139050,2020/12,7971,33399
(주)신도기연,290520,2020/12,48215,20787
(주)신도리코,029530,2020/12,674180,60396
(주)신성이엔지,011930,2020/12,123034,190310
(주)신세계,004170,2020/12,480403,3928791
(주)신세계아이앤씨,035510,2020/12,146747,72336
(주)신세계인터내셔날,031430,2020/12,366931,481422
(주)신세계푸드,031440,2020/12,230936,594737
(주)신영와코루,005800,2020/12,177708,54395
(주)신원,009270,2020/12,253501,232073
(주)신진에스엠,138070,2020/12,40680,30085
(주)신테카바이오,226330,2020/12,41536,3238
(주)신한금융지주회사,055550,2020/12,,
(주)신화다이나믹스,001770,2020/12,41573,29596
(주)신화콘텍,187270,2020/12,36772,40788
(주)신흥,004080,2020/12,57665,47266
(주)실리콘투,257720,2020/12,27097,13437
(주)심텍,222800,2020/12,168816,437930
(주)심텍홀딩스,036710,2020/12,879,4252
(주)싸이맥스,160980,2020/12,102195,51986
(주)싸이버원,356890,2020/12,8325,2350
(주)싸이토젠,217330,2020/12,22400,9974
(주)쌍방울,102280,2020/12,86265,128417
(주)썸에이지,208640,2020/12,22121,3905
(주)쎄노텍,222420,2020/12,26076,53048
(주)쎄니트,037760,2020/12,37367,55401
(주)쎄트렉아이,099320,2020/12,61219,28300
(주)쎌마테라퓨틱스,015540,2020/12,26241,31614
(주)쎌바이오텍,049960,2020/12,63974,3440
(주)쏘카,403550,2020/12,96794,196857
(주)쏠리드,050890,2020/12,108533,149661
(주)씨씨에스충북방송,066790,2020/12,15152,8258
(주)씨아이테크,004920,2020/12,5657,19437
(주)씨앤씨인터내셔널,352480,2020/12,47148,78248
(주)씨앤투스성진,352700,2020/12,70558,48213
(주)씨에스,065770,2020/12,21802,6181
(주)씨에스에이코스믹,083660,2020/12,18070,17142
(주)씨엔알리서치,359090,2020/12,,
(주)씨엔플러스,115530,2020/12,12200,14987
(주)씨유메디칼시스템,115480,2020/12,37292,29680
(주)씨이랩,189330,2020/12,8852,8743
(주)씨제이이엔엠,035760,2020/12,1144981,1804763
(주)씨젠,096530,2020/12,781307,398784
(주)씨티씨바이오,060590,2020/12,60328,79628
(주)씨티케이,260930,2020/12,93011,23115
(주)아가방앤컴퍼니,013990,2020/12,76773,52314
(주)아나패스,123860,2020/12,79650,74148
(주)아난티,025980,2020/12,64793,245058
(주)아리온테크놀로지,058220,2020/12,15206,35548
(주)아모그린텍,125210,2020/12,64175,66213
(주)아모레퍼시픽,090430,2020/12,1389842,479193
(주)아모레퍼시픽그룹,002790,2020/12,413443,55936
(주)아모센스,357580,2020/12,31565,45950
(주)아모텍,052710,2020/12,156950,259383
(주)아미노로직스,074430,2020/12,35323,6567
(주)아바코,083930,2020/12,139063,63684
(주)아바텍,149950,2020/12,39843,10716
(주)아센디오,012170,2020/12,15441,6591
(주)아셈스,136410,2020/12,21363,23939
(주)아스타,246720,2020/12,4992,1864
(주)아스트,067390,2020/12,175122,221491
(주)아스플로,159010,2020/12,29410,43905
(주)아시아경제,127710,2020/12,61135,38702
(주)아우딘퓨쳐스,227610,2020/12,30460,32024
(주)아이디스,143160,2020/12,120617,20665
(주)아이디스홀딩스,054800,2020/12,10880,107416
(주)아이마켓코리아,122900,2020/12,564061,407506
(주)아이비김영,339950,2020/12,13498,20216
(주)아이센스,099190,2020/12,141581,70460
(주)아이스크림에듀,289010,2020/12,63577,26500
(주)아이씨디,040910,2020/12,125368,47726
(주)아이씨에이치,368600,2020/12,14252,21410
(주)아이앤씨테크놀로지,052860,2020/12,22785,13330
(주)아이에스시,095340,2020/12,92982,56778
(주)아이에스이커머스,069920,2020/12,25478,28362
(주)아이에이,038880,2020/12,23441,30936
(주)아이에이치큐,003560,2020/12,94600,26697
(주)아이엘사이언스,307180,2020/12,14247,29890
(주)아이엠,101390,2020/12,44998,50165
(주)아이엠비씨,052220,2020/12,12955,12052
(주)아이오케이컴퍼니,078860,2020/12,64079,45268
(주)아이윈,090150,2020/12,36626,44357
(주)아이윈플러스,123010,2020/12,19890,16600
(주)아이즈비전,031310,2020/12,61677,15603
(주)아이컴포넌트,059100,2020/12,23598,17283
(주)아이퀘스트,262840,2020/12,22897,9731
(주)아이톡시,052770,2020/12,6871,5456
(주)아이티센,124500,2020/12,14102,59344
(주)아이티아이즈,372800,2020/12,16289,13961
(주)아이티엑스에이아이,099520,2020/12,34468,24518
(주)아이티엠반도체,084850,2020/12,244623,120475
(주)아이패밀리에스씨,114840,2020/12,26735,15129
(주)아즈텍더블유비이,032080,2020/12,52873,26893
(주)아진엑스텍,059120,2020/12,32896,5173
(주)아톤,158430,2020/12,40101,6392
(주)아프리카티비,067160,2020/12,184091,131194
(주)안랩,053800,2020/12,194681,61490
(주)안트로젠,065660,2020/12,54911,13137
(주)알로이스,297570,2020/12,24841,6257
(주)알루코,001780,2020/12,200337,190675
(주)알비더블유,361570,2020/12,52969,58781
(주)알에프세미,096610,2020/12,40443,50044
(주)알에프텍,061040,2020/12,109286,64219
(주)알엔투테크놀로지,148250,2020/12,25893,19560
(주)알체라,347860,2020/12,26423,2659
(주)알테오젠,196170,2020/12,96701,6906
(주)알톤스포츠,123750,2020/12,20981,4435
(주)알티캐스트,085810,2020/12,45173,24437
(주)알파홀딩스,117670,2020/12,44685,61807
(주)압타머사이언스,291650,2020/12,35308,1749
(주)애니플러스,310200,2020/12,9731,5925
(주)애드바이오텍,179530,2020/12,7139,9490
(주)액션스퀘어,205500,2020/12,18513,4489
(주)액토즈소프트,052790,2020/12,59019,13003
(주)액트로,290740,2020/12,56849,7427
(주)앤디포스,238090,2020/12,95552,29189
(주)앤씨앤,092600,2020/12,47935,42932
(주)앱코,129890,2020/12,125415,68026
(주)야스,255440,2020/12,92918,35945
(주)어스앤에어로스페이스,263540,2020/12,15984,34735
(주)얼라인드제네틱스,238120,2020/12,15603,3911
(주)에너토크,019990,2020/12,19408,5344
(주)에넥스,011090,2020/12,69900,67497
(주)에스디생명공학,217480,2020/12,67200,50478
(주)에스디시스템,121890,2020/12,7862,6622
(주)에스비비테크,389500,2020/12,4417,13212
(주)에스비에스,034120,2020/12,381346,510261
(주)에스비에스콘텐츠허브,046140,2020/12,147023,43883
(주)에스씨디,042110,2020/12,99967,49322
(주)에스아이리소스,065420,2020/12,8319,1903
(주)에스앤더블류,103230,2020/12,15368,13328
(주)에스앤디,260970,2020/12,33701,11449
(주)에스앤에스텍,101490,2020/12,83814,21450
(주)에스에너지,095910,2020/12,91897,72325
(주)에스에스알,275630,2020/12,21168,2455
(주)에스에이엠티,031330,2020/12,231298,88569
(주)에스에이티,060540,2020/12,25962,6376
(주)에스에이티이엔지,351320,2020/12,,
(주)에스에프에이,056190,2020/12,763376,272436
(주)에스에프에이반도체,036540,2020/12,127795,210399
(주)에스엘바이오닉스,214310,2020/12,17712,17834
(주)에스엠라이프디자인그룹,063440,2020/12,34281,5422
(주)에스엠벡셀,010580,2020/12,13853,54078
(주)에스엠엔터테인먼트,041510,2020/12,208877,163645
(주)에스엠컬처앤콘텐츠,048550,2020/12,225247,198102
(주)에스엠코어,007820,2020/12,71452,23105
(주)에스원,012750,2020/12,742800,484552
(주)에스제이그룹,306040,2020/12,77474,38557
(주)에스제이엠,123700,2020/12,58477,18460
(주)에스제이엠홀딩스,025530,2020/12,13615,13645
(주)에스지글로벌,001380,2020/12,47934,62444
(주)에스지세계물산,004060,2020/12,140210,68827
(주)에스지엔지,040610,2020/12,10486,49109
(주)에스코넥,096630,2020/12,51438,65096
(주)에스텍파마,041910,2020/12,70174,11749
(주)에스티아이,039440,2020/12,127539,64306
(주)에스티오,098660,2020/12,39802,35511
(주)에스티큐브,052020,2020/12,44300,13207
(주)에스폴리텍,050760,2020/12,78338,61293
(주)에스피시스템스,317830,2020/12,28745,21739
(주)에스피씨삼립,005610,2020/12,208818,647357
(주)에스피지,058610,2020/12,119340,122664
(주)에쎈테크,043340,2020/12,27518,34261
(주)에이디칩스,054630,2020/12,19962,18008
(주)에이디테크놀로지,200710,2020/12,134773,68290
(주)에이루트,096690,2020/12,72026,18629
(주)에이블씨엔씨,078520,2020/12,100905,72353
(주)에이비프로바이오,195990,2020/12,51733,16422
(주)에이스침대,003800,2020/12,96292,68808
(주)에이스테크놀로지,088800,2020/12,123226,176671
(주)에이스토리,241840,2020/12,46064,24461
(주)에이엔피,015260,2020/12,43690,63222
(주)에이치비테크놀러지,078150,2020/12,105711,54129
(주)에이치시티,072990,2020/12,26431,25959
(주)에이치알에스,036640,2020/12,32184,10133
(주)에이치앤비디자인,227100,2020/12,18806,18544
(주)에이치엘사이언스,239610,2020/12,78789,11220
(주)에이치와이티씨,148930,2020/12,14352,11997
(주)에이치케이,044780,2020/12,49261,31940
(주)에이치피에스피,403870,2020/12,47286,15238
(주)에이치피오,357230,2020/12,26166,12372
(주)에이텍,045660,2020/12,27971,13652
(주)에이텍티앤,224110,2020/12,9230,9555
(주)에이트원,230980,2020/12,14588,17874
(주)에이티넘인베스트먼트,021080,2020/12,,
(주)에이티세미콘,089530,2020/12,16454,127027
(주)에이팩트,200470,2020/12,21151,63174
(주)에이프로,262260,2020/12,53297,15311
(주)에이프로젠,007460,2020/12,160211,259965
(주)에이프로젠헬스케어앤게임즈,109960,2020/12,100341,5064
(주)에이프릴바이오,397030,2020/12,18005,33187
(주)에이플러스에셋어드바이저,244920,2020/12,77334,64716
(주)에치에프알,230240,2020/12,64367,63596
(주)에코마케팅,230360,2020/12,118545,33604
(주)에코프로,086520,2020/12,120965,171991
(주)에코프로비엠,247540,2020/12,270111,327633
(주)에프알텍,073540,2020/12,13667,30383
(주)에프앤가이드,064850,2020/12,22566,12397
(주)에프앤리퍼블릭,064090,2020/12,23261,32061
(주)에프앤에프홀딩스,007700,2020/12,496834,246107
(주)에프에스엔,214270,2020/12,23058,75061
(주)에프에스티,036810,2020/12,65874,82896
(주)에프엔씨엔터테인먼트,173940,2020/12,73691,60524
(주)엑사이엔씨,054940,2020/12,47597,55559
(주)엑서지21,043090,2020/12,15699,1457
(주)엑세스바이오인코퍼레이션,950130,2020/12,100804,60948
(주)엑셈,205100,2020/12,43712,6983
(주)엑시콘,092870,2020/12,50393,19388
(주)엔바이오니아,317870,2020/12,16298,9184
(주)엔비티,236810,2020/12,16186,10944
(주)엔시스,333620,2020/12,21714,12954
(주)엔씨소프트,036570,2020/12,2302172,787832
(주)엔아이스틸,008260,2020/12,57442,165936
(주)엔에스,217820,2020/12,69641,54503
(주)엔에스엔,031860,2020/12,26217,9704
(주)엔에이치엔벅스,104200,2020/12,41457,21449
(주)엔에프씨,265740,2020/12,33184,26684
(주)엔이능률,053290,2020/12,68317,25860
(주)엔젠바이오,354200,2020/12,42351,7944
(주)엔지스테크널러지,208860,2020/12,9680,36852
(주)엔지켐생명과학,183490,2020/12,104688,51018
(주)엔케이,085310,2020/12,65320,50550
(주)엔케이맥스,182400,2020/12,45608,69198
(주)엔켐,348370,2020/12,118239,65172
(주)엔텔스,069410,2020/12,44207,11704
(주)엔피,291230,2020/12,,
(주)엔피디,198080,2020/12,53681,31330
(주)엔피케이,048830,2020/12,17563,32571
(주)엘디티,096870,2020/12,8219,2680
(주)엘비루셈,376190,2020/12,82030,51575
(주)엘아이에스,138690,2020/12,64892,153305
(주)엘앤씨바이오,290650,2020/12,44476,17070
(주)엘앤에프,066970,2020/12,200634,247172
(주)엘앤케이바이오메드,156100,2020/12,33877,19754
(주)엘에스,006260,2020/12,178289,308916
(주)엘에스네트웍스,000680,2020/12,211460,716230
(주)엘에프,093050,2020/12,730542,451170
(주)엘엑스세미콘,108320,2020/12,627617,218870
(주)엘엑스세미콘,108320,2020/12,627617,218870
(주)엘엑스인터내셔널,001120,2020/12,770389,1241537
(주)엘엑스하우시스,108670,2020/12,852202,1212921
(주)엘엠에스,073110,2020/12,114998,109851
(주)엘오티베큠,083310,2020/12,111604,61213
(주)엘지,003550,2020/12,2546281,301043
(주)엘지생활건강,051900,2020/12,892926,767457
(주)엘지에너지솔루션,373220,2020/12,4188435,5090619
(주)엘지유플러스,032640,2020/12,4536761,9835857
(주)엘지헬로비전,037560,2020/12,373478,833176
(주)엘지화학,051910,2020/12,4934284,8886645
(주)엠게임,058630,2020/12,27392,10545
(주)엠디에스테크,086960,2020/12,63566,25791
(주)엠로,058970,2020/12,14988,22218
(주)엠씨넥스,097520,2020/12,314759,166744
(주)엠아이텍,179290,2020/12,45107,12680
(주)엠에스씨,009780,2020/12,70506,65756
(주)엠에스오토텍,123040,2020/12,43735,254481
(주)엠투아이코퍼레이션,347890,2020/12,36586,6788
(주)엠투엔,033310,2020/12,13261,50490
(주)엠플러스,259630,2020/12,101149,82162
(주)엠피대산,065150,2020/12,26756,23939
(주)엠피씨플러스,050540,2020/12,19888,42943
(주)연우,115960,2020/12,98479,60128
(주)연이비앤티,090740,2020/12,31155,47864
(주)영림원소프트랩,060850,2020/12,35893,18705
(주)영우디에스피,143540,2020/12,67680,54572
(주)영원무역,111770,2020/12,512097,536482
(주)영원무역홀딩스,009970,2020/12,85768,43341
(주)영풍,000670,2020/12,727720,494311
(주)영흥,012160,2020/12,127995,168869
(주)예림당,036000,2020/12,58651,4156
(주)예선테크,250930,2020/12,22166,28590
(주)예스코홀딩스,015360,2020/12,222989,165764
(주)예스티,122640,2020/12,50055,90868
(주)오공,045060,2020/12,28153,24128
(주)오디텍,080520,2020/12,46330,7371
(주)오뚜기,007310,2020/12,560393,603034
(주)오로스테크놀로지,322310,2020/12,19101,8577
(주)오르비텍,046120,2020/12,57798,52721
(주)오리엔탈정공,014940,2020/12,29188,26158
(주)오리엔트바이오,002630,2021/03,22142,21136
(주)오리엔트정공,065500,2020/12,14106,35483
(주)오리온,271560,2020/12,163356,398318
(주)오리온홀딩스,001800,2020/12,5095,43333
(주)오리콤,010470,2020/12,45624,53128
(주)오비고,352910,2020/12,7761,9547
(주)오스코텍,039200,2020/12,38524,11700
(주)오스테오닉,226400,2020/12,42225,39049
(주)오스템,031510,2020/12,72578,90802
(주)오에스피,368970,2020/12,11119,3791
(주)오이솔루션,138080,2020/12,127504,46959
(주)오킨스전자,080580,2020/12,19069,27362
(주)오텍,067170,2020/12,58378,76835
(주)오파스넷,173130,2020/12,39825,28332
(주)오픈베이스,049480,2020/12,33177,26581
(주)오하임아이엔티,309930,2020/12,25954,8986
(주)옵투스제약,131030,2020/12,93431,11014
(주)옵트론텍,082210,2020/12,84657,139838
(주)옵티팜,153710,2020/12,25676,7541
(주)와이더플래닛,321820,2020/12,3017,7157
(주)와이비엠넷,057030,2020/12,35619,35995
(주)와이솔,122990,2020/12,142165,24461
(주)와이어블,065530,2020/12,57653,74360
(주)와이엔텍,067900,2020/12,37623,89169
(주)와이엠텍,273640,2020/12,16018,2708
(주)와이오엠,066430,2020/12,14286,10542
(주)와이제이엠게임즈,193250,2020/12,12571,11089
(주)와이즈버즈,273060,2020/12,59380,30182
(주)와이지-원,019210,2020/12,276110,432489
(주)와이지엔터테인먼트,122870,2020/12,129215,46707
(주)와이지플러스,037270,2020/12,39690,19517
(주)와이투솔루션,011690,2020/12,76928,81234
(주)와이티엔,040300,2020/12,62064,105805
(주)와이팜,332570,2020/12,80061,7460
(주)용평리조트,070960,2020/12,166822,533969
(주)우리금융지주,316140,2020/12,,
(주)우리기술,032820,2020/12,43222,56559
(주)우리넷,115440,2020/12,77695,40034
(주)우리로,046970,2020/12,24489,38678
(주)우성,006980,2020/12,166302,124386
(주)우신시스템,017370,2020/12,96241,93001
(주)우양,103840,2020/12,39998,84744
(주)우정바이오,215380,2020/12,28250,41785
(주)우주일렉트로닉스,065680,2020/12,148008,63940
(주)우진,105840,2020/12,42309,53339
(주)우진아이엔에스,010400,2020/12,79256,19596
(주)우진플라임,049800,2020/12,115408,207352
(주)웅진,016880,2020/12,78305,169008
(주)웅진씽크빅,095720,2020/12,405503,265096
(주)원림,005820,2020/12,37711,27407
(주)원바이오젠,307280,2020/12,7809,1102
(주)원방테크,053080,2020/12,67291,24490
(주)원익,032940,2020/12,14252,55656
(주)원익머트리얼즈,104830,2020/12,107676,30999
(주)원익아이피에스,240810,2020/12,656120,437824
(주)원익큐브,014190,2020/12,91660,41745
(주)원익큐엔씨,074600,2020/12,69359,94461
(주)원익피앤이,131390,2020/12,151056,99877
(주)원익홀딩스,030530,2020/12,94741,233473
(주)원일특강,012620,2020/12,144185,101366
(주)원준,382840,2020/12,31707,40234
(주)원티드랩,376980,2020/12,6579,43765
(주)원풍,008370,2020/12,44255,9670
(주)월덱스,101160,2020/12,86693,43206
(주)웨이버스,336060,2020/12,,
(주)웨이브일렉트로닉스,095270,2020/12,21747,35415
(주)웰크론,065950,2020/12,48672,61940
(주)웰크론한텍,076080,2020/12,95030,75070
(주)웹스,196700,2020/12,25942,27749
(주)웹젠,069080,2020/12,311361,105955
(주)위니아,071460,2020/12,169757,256765
(주)위니아에이드,377460,2020/12,111696,120176
(주)위닉스,044340,2020/12,134542,116931
(주)위드텍,348350,2020/12,93655,27144
(주)위메이드,112040,2020/12,33257,21972
(주)위메이드맥스,101730,2020/12,17601,5735
(주)위메이드플레이,123420,2020/12,133226,18101
(주)위세아이텍,065370,2020/12,26835,16818
(주)위스컴,024070,2020/12,65000,12190
(주)위지윅스튜디오,299900,2020/12,15376,29797
(주)위지트,036090,2020/12,18799,22088
(주)윈스,136540,2020/12,88583,43391
(주)윈팩,097800,2020/12,22462,82256
(주)윈하이텍,192390,2020/12,41192,41596
(주)윌링스,313760,2020/12,28667,7954
(주)윌비스,008600,2020/12,118154,127775
(주)윙스풋,335870,2020/12,,
(주)유니드,014830,2020/12,258284,272558
(주)유니온,000910,2020/12,45609,74911
(주)유니온커뮤니티,203450,2020/12,40986,23215
(주)유니켐,011330,2020/12,90286,105178
(주)유니크,011320,2020/12,87608,115399
(주)유니테스트,086390,2020/12,94057,23631
(주)유니테크노,241690,2020/12,37917,46913
(주)유니트론텍,142210,2020/12,78189,62707
(주)유라테크,048430,2020/12,65573,22558
(주)유바이오로직스,206650,2020/12,71407,59079
(주)유비케어,032620,2020/12,97372,42492
(주)유비쿼스,264450,2020/12,119664,39975
(주)유비쿼스홀딩스,078070,2020/12,8683,3074
(주)유성티엔에스,024800,2020/12,73335,150719
(주)유수홀딩스,000700,2020/12,103919,38515
(주)유신,054930,2020/12,131709,92771
(주)유씨아이,038340,2020/12,35449,23771
(주)유아이디,069330,2020/12,6368,17928
(주)유에스티,263770,2020/12,46065,17291
(주)유유제약,000220,2020/12,60195,26816
(주)유일로보틱스,388720,2020/12,17102,16269
(주)유진로봇,056080,2020/12,33636,16663
(주)유진테크,084370,2020/12,149721,38925
(주)유테크,178780,2020/12,29346,6912
(주)유티아이,179900,2020/12,52735,22315
(주)유틸렉스,263050,2020/12,67258,47222
(주)유한양행,000100,2020/12,1082162,389512
(주)육일씨엔에쓰,191410,2020/12,20522,33231
(주)율호,072770,2020/12,33400,24155
(주)이건홀딩스,039020,2020/12,2264,28357
(주)이글루코퍼레이션,067920,2020/12,48604,10614
(주)이글벳,044960,2020/12,23200,10673
(주)이노룰스,296640,2020/12,7703,5923
(주)이노메트리,302430,2020/12,37425,7645
(주)이노션,214320,2020/12,578600,304963
(주)이노와이어리스,073490,2020/12,41411,13787
(주)이노인스트루먼트,215790,2020/12,12716,3916
(주)이노테라피,246960,2020/12,5203,4224
(주)이녹스,088390,2020/12,6888,50674
(주)이녹스첨단소재,272290,2020/12,149483,96212
(주)이라이콤,041520,2020/12,158347,30256
(주)이랜시스,264850,2020/12,28400,18057
(주)이랜텍,054210,2020/12,94254,83762
(주)이루다,164060,2020/12,29898,14564
(주)이루온,065440,2020/12,29887,15738
(주)이마트,139480,2020/12,2067658,6458660
(주)이미지스테크놀로지,115610,2020/12,8561,2498
(주)이브이수성,084180,2020/12,15039,31074
(주)이브이첨단소재,131400,2020/12,52233,50553
(주)이상네트웍스,080010,2020/12,32568,27593
(주)이수앱지스,086890,2020/12,47098,39173
(주)이수페타시스,007660,2020/12,151217,161576
(주)이수화학,005950,2020/12,314702,391988
(주)이스타코,015020,2020/12,12735,21868
(주)이스트소프트,047560,2020/12,21193,59247
(주)이씨에스텔레콤,067010,2021/03,62036,18820
(주)이아이디,093230,2020/12,24978,8872
(주)이엔드디,101360,2020/12,57472,12332
(주)이엔에프테크놀로지,102710,2020/12,123422,101177
(주)이엔코퍼레이션,066980,2020/12,76104,26939
(주)이엔플러스,074610,2020/12,22411,33409
(주)이엘피,063760,2020/12,45217,5641
(주)이엠넷,123570,2020/12,52796,24502
(주)이엠앤아이,083470,2020/12,6999,11230
(주)이엠텍,091120,2020/12,118524,63204
(주)이오테크닉스,039030,2020/12,236065,73268
(주)이원,017940,2020/12,1063170,1728871
(주)이월드,084680,2020/12,58396,85229
(주)이즈미디어,181340,2020/12,35430,32747
(주)이지,037370,2020/12,23174,51577
(주)이지바이오,353810,2020/12,58262,55782
(주)이지트로닉스,377330,2020/12,15160,14673
(주)이지홀딩스,035810,2020/12,25958,125449
(주)이크레더블,092130,2020/12,51575,9080
(주)이퓨쳐,134060,2020/12,14577,3478
(주)인디에프,014990,2020/12,76694,97361
(주)인바디,041830,2020/12,73748,4824
(주)인바이오젠,101140,2020/12,85847,18975
(주)인산가,277410,2020/12,26171,29050
(주)인성정보,033230,2020/12,51165,58209
(주)인스코비,006490,2020/12,22494,23764
(주)인지디스플레이,037330,2020/12,70037,181751
(주)인지소프트,100030,2020/12,12802,14003
(주)인콘,083640,2020/12,60086,26484
(주)인터로조,119610,2020/12,102876,58486
(주)인터플렉스,051370,2020/12,140683,167643
(주)인텍플러스,064290,2020/12,35733,21941
(주)인텔리안테크놀로지스,189300,2020/12,69652,63608
(주)인트로메딕,150840,2020/12,14786,7765
(주)인트론바이오테크놀로지,048530,2020/12,79982,15153
(주)인팩,023810,2020/12,63535,80727
(주)인포마크,175140,2020/12,28190,37246
(주)인포바인,115310,2020/12,72863,4033
(주)인피니트헬스케어,071200,2020/12,73765,14319
(주)일승,333430,2020/12,,
(주)일신바이오베이스,068330,2020/12,32018,5169
(주)일신석재,007110,2020/12,42001,41826
(주)일야,058450,2020/12,10404,10898
(주)일지테크,019540,2020/12,59182,78042
(주)일진파워,094820,2020/12,51148,38467
(주)잇츠한불,226320,2020/12,245265,13123
(주)잉크테크,049550,2020/12,24236,59282
(주)자비스,254120,2020/12,15203,20548
(주)자연과환경,043910,2020/12,40297,27016
(주)자이언트스텝,289220,2020/12,12578,6381
(주)장원테크,174880,2020/12,23656,41902
(주)저스템,417840,2020/12,28285,11597
(주)정다운,208140,2020/12,72151,71410
(주)정상제이엘에스,040420,2020/12,16694,34876
(주)정원엔시스,045510,2020/12,49386,33549
(주)제넥신,095700,2020/12,19102,60166
(주)제넨바이오,072520,2020/12,30595,47544
(주)제노레이,122310,2020/12,62623,18609
(주)제노코,361390,2020/12,24275,20472
(주)제노포커스,187420,2020/12,29193,40663
(주)제놀루션,225220,2020/12,63448,22483
(주)제닉,123330,2020/12,20907,27669
(주)제로투세븐,159580,2020/12,50966,37724
(주)제우스,079370,2020/12,111612,110463
(주)제이브이엠,054950,2020/12,70659,32970
(주)제이스텍,090470,2020/12,53596,30903
(주)제이시스메디칼,287410,2020/12,,
(주)제이아이테크,417500,2020/12,11277,12872
(주)제이앤티씨,204270,2020/12,125725,67576
(주)제이에스코퍼레이션,194370,2020/12,95949,125381
(주)제이에스티나,026040,2020/12,30007,36966
(주)제이엘케이,322510,2020/12,18339,15873
(주)제이와이피엔터테인먼트,035900,2020/12,91491,28441
(주)제이웨이,058420,2020/12,4112,6598
(주)제이티,089790,2020/12,35859,22501
(주)제이티씨,950170,2021/02,114830,236211
(주)제일기획,030000,2020/12,786887,522377
(주)제일바이오,052670,2020/12,34229,4433
(주)제일테크노스,038010,2020/12,61081,79029
(주)제주반도체,080220,2020/12,96617,40718
(주)제주은행,006220,2020/12,,
(주)제주항공,089590,2020/12,287554,938335
(주)제테마,216080,2020/12,27235,25297
(주)젠큐릭스,229000,2020/12,9618,8657
(주)젬백스&카엘,082270,2020/12,66290,23588
(주)젬백스링크,064800,2020/12,58819,40533
(주)조비,001550,2020/12,37565,36652
(주)조이시티,067000,2020/12,69528,34117
(주)조흥,002600,2020/12,141502,115083
(주)종근당,185750,2020/12,594551,375238
(주)종근당바이오,063160,2020/12,87100,114536
(주)종근당홀딩스,001630,2020/12,30188,39255
(주)좋은사람들,033340,2020/12,76020,25039
(주)주연테크,044380,2020/12,41066,19728
(주)중앙디앤엠,051980,2020/12,43936,29127
(주)중앙백신연구소,072020,2020/12,42342,17429
(주)중앙에너비스,000440,2020/12,22516,9719
(주)지노믹트리,228760,2020/12,64883,7816
(주)지놈앤컴퍼니,314130,2020/12,104081,4422
(주)지누스,013890,2020/12,324963,189738
(주)지니뮤직,043610,2020/12,168379,88488
(주)지니틱스,303030,2020/12,30160,11459
(주)지란지교시큐리티,208350,2020/12,17256,19387
(주)지씨셀,144510,2020/12,18412,18852
(주)지아이텍,382480,2020/12,15042,13793
(주)지앤비에스엔지니어링,382800,2020/12,33211,25562
(주)지어소프트,051160,2020/12,35133,33668
(주)지에스,078930,2020/12,52359,775990
(주)지에스글로벌,001250,2020/12,420134,393128
(주)지에스리테일,007070,2020/12,848243,3291657
(주)지에스이,053050,2020/12,31414,93447
(주)지엔씨에너지,119850,2020/12,50191,30102
(주)지엔코,065060,2020/12,39166,80211
(주)지오엘리먼트,311320,2020/12,16215,3279
(주)지투알,035000,2020/12,31608,15093
(주)지티지웰니스,219750,2020/12,23782,40443
(주)진도,088790,2020/12,73521,30780
(주)진로발효,018120,2020/12,55955,11030
(주)진매트릭스,109820,2020/12,19062,4775
(주)진바이오텍,086060,2020/12,23565,5530
(주)진성티이씨,036890,2020/12,107253,52056
(주)진시스템,363250,2020/12,11410,6603
(주)진양홀딩스,100250,2020/12,48358,25922
(주)진에어,272450,2020/12,161290,458608
(주)차바이오텍,085660,2020/12,122000,157391
(주)차백신연구소,261780,2020/12,25037,24174
(주)창해에탄올,004650,2020/12,39032,46575
(주)천보,278280,2020/12,98255,6813
(주)천일고속,000650,2020/12,15502,29081
(주)청담글로벌,362320,2020/12,21058,19370
(주)체리부로,066360,2020/12,49700,138802
(주)초록뱀미디어,047820,2020/12,68118,151235
(주)초록뱀컴퍼니,052300,2020/12,32994,65011
(주)초록뱀헬스케어,118000,2020/12,21562,51925
(주)칩스앤미디어,094360,2020/12,24934,7152
(주)카나리아바이오,016790,2020/12,75671,39237
(주)카스,016920,2020/12,54142,88014
(주)카이노스메드,284620,2020/12,13017,18498
(주)카카오,035720,2020/12,1782402,2020061
(주)카카오게임즈,293490,2020/12,549527,120063
(주)카카오뱅크,323410,2020/12,,
(주)카카오페이,377300,2020/12,649196,571789
(주)카프로,006380,2020/12,134107,188330
(주)캐리소프트,317530,2020/12,5317,2664
(주)캐스텍코리아,071850,2020/12,93951,130311
(주)캠시스,050110,2020/12,121854,158879
(주)컴투스,078340,2020/12,701850,67599
(주)컴투스홀딩스,063080,2020/12,15981,117783
(주)케스피온,079190,2020/12,20305,19355
(주)케어랩스,263700,2020/12,53070,23665
(주)케어젠,214370,2020/12,139927,11001
(주)케이비지,318000,2020/12,20780,2905
(주)케이사인,192250,2020/12,47361,9967
(주)케이씨,029460,2020/12,241100,97966
(주)케이씨씨,002380,2020/12,2111476,3739029
(주)케이씨씨건설,021320,2020/12,604579,576990
(주)케이씨씨글라스,344820,2020/12,760972,397951
(주)케이씨아이,036670,2020/12,42420,9944
(주)케이씨에스,115500,2020/12,25160,10317
(주)케이씨텍,281820,2020/12,297679,59490
(주)케이씨티,089150,2020/12,4474,19419
(주)케이씨티시,009070,2020/12,75375,186689
(주)케이씨피드,025880,2020/12,50555,46074
(주)케이아이엔엑스,093320,2020/12,73348,27647
(주)케이에스에스해운,044450,2020/12,70175,799440
(주)케이에스피,073010,2020/12,22741,22876
(주)케이에이치바텍,060720,2020/12,90709,40225
(주)케이에이치필룩스,033180,2020/12,93535,93472
(주)케이엑스이노베이션,122450,2020/12,47393,113164
(주)케이엑스하이텍,052900,2020/12,30666,21736
(주)케이엔더블유,105330,2020/12,30230,11921
(주)케이엔엔,058400,2020/12,54301,13087
(주)케이엔제이,272110,2020/12,30248,51071
(주)케이엘넷,039420,2020/12,15024,6285
(주)케이엠,083550,2020/12,74106,48067
(주)케이엠더블유,032500,2020/12,208839,110090
(주)케이옥션,102370,2020/12,30550,49868
(주)케이이씨,092220,2020/12,192880,230583
(주)케이지모빌리언스,046440,2020/12,297225,147621
(주)케이지이니시스,035600,2020/12,217972,432077
(주)케이티,030200,2020/12,7155734,14824369
(주)케이티서브마린,060370,2020/12,69287,14032
(주)케이티스카이라이프,053210,2020/12,471781,159310
(주)케이티씨에스,058850,2020/12,178606,128003
(주)케이티아이에스,058860,2020/12,126275,126894
(주)케이티알파,036030,2020/12,128492,86729
(주)케이티앤지,033780,2020/12,4708231,1825601
(주)케이프,064820,2020/12,79104,61396
(주)케이피에스,256940,2020/12,48659,25739
(주)케이피에프,024880,2020/12,164168,169698
(주)케이피엠테크,042040,2020/12,52950,23581
(주)케이피티유,054410,2020/12,14885,30734
(주)케일럼,258610,2020/12,21628,66838
(주)켐온,217600,2020/12,44231,18003
(주)켐트로닉스,089010,2020/12,111400,163063
(주)켐트로스,220260,2020/12,23812,25428
(주)코난테크놀로지,402030,2020/12,11851,9780
(주)코다코,046070,2020/12,103324,252674
(주)코데즈컴바인,047770,2020/12,29134,6083
(주)코디,080530,2020/12,16996,30339
(주)코렌텍,104540,2020/12,63023,49244
(주)코리아나화장품,027050,2020/12,26894,33116
(주)코리아센터,290510,2020/12,38936,74629
(주)코리아써키트,007810,2020/12,213751,124943
(주)코리아에스이,101670,2020/12,19172,4897
(주)코맥스,036690,2020/12,76924,44957
(주)코메론,049430,2020/12,69987,7424
(주)코미코,183300,2020/12,56082,65795
(주)코미팜,041960,2020/12,55322,43099
(주)코세스,089890,2020/12,35153,43820
(주)코센,009730,2020/12,22973,32368
(주)코스나인,082660,2020/12,12125,50622
(주)코스메카코리아,241710,2020/12,75957,121145
(주)코스온,069110,2020/12,67106,92984
(주)코아스,071950,2020/12,28453,48545
(주)코아시아,045970,2020/12,61324,76721
(주)코아시아옵틱스,196450,2020/12,31235,19626
(주)코엔텍,029960,2020/12,99440,40047
(주)코오롱,002020,2020/12,24595,646405
(주)코원플레이,056000,2020/12,44052,24738
(주)코윈테크,282880,2020/12,86703,27214
(주)코이즈,121850,2020/12,16587,18455
(주)코콤,015710,2020/12,71821,28769
(주)코텍,052330,2020/12,220769,21495
(주)코퍼스코리아,322780,2020/12,20009,2503
(주)코프라,126600,2020/12,96322,15566
(주)콘텐트리중앙,036420,2020/12,82859,169235
(주)콤텍시스템,031820,2020/12,99842,60452
(주)쿠콘,294570,2020/12,69143,75072
(주)퀀타매트릭스,317690,2020/12,53192,4283
(주)큐라클,365270,2020/12,10735,5961
(주)큐로,015590,2020/12,118418,90342
(주)큐로컴,040350,2020/12,9873,27134
(주)큐로홀딩스,051780,2020/12,23746,10200
(주)큐리언트,115180,2020/12,57246,3734
(주)큐브엔터테인먼트,182360,2020/12,32922,19606
(주)큐에스아이,066310,2020/12,28767,19351
(주)크라운제과,264900,2020/12,98602,174367
(주)크라운해태홀딩스,005740,2020/12,1760,59483
(주)크래프톤,259960,2020/12,1241945,447908
(주)크레버스,096240,2020/12,53507,42202
(주)크리스에프앤씨,110790,2020/12,212913,73008
(주)크린앤사이언스,045520,2020/12,72557,87714
(주)클라우드에어,036170,2020/12,64106,20769
(주)클래시스,214150,2020/12,82358,13712
(주)클리노믹스,352770,2020/12,30923,3629
(주)클리오,237880,2020/12,110089,61197
(주)키다리스튜디오,020120,2020/12,24884,17034
(주)키이스트,054780,2020/12,37432,28608
(주)타이거일렉,219130,2020/12,23399,19890
(주)탑엔지니어링,065130,2020/12,118317,94461
(주)탑코미디어,134580,2020/12,24084,4250
(주)태경비케이,014580,2020/12,50630,69125
(주)태광,023160,2020/12,260212,37020
(주)태성,323280,2020/12,,
(주)태양,053620,2020/12,81152,36226
(주)태영건설,009410,2020/12,1710094,1974850
(주)태웅,044490,2020/12,346365,333751
(주)태웅로직스,124560,2020/12,76329,52367
(주)테라젠이텍스,066700,2020/12,45699,113369
(주)테스,095610,2020/12,179522,38308
(주)테이팩스,055490,2020/12,64996,41882
(주)테크윙,089030,2020/12,175574,181150
(주)텔레칩스,054450,2020/12,85225,73437
(주)텔레필드,091440,2020/12,45263,34675
(주)텔콘알에프제약,200230,2020/12,36629,92793
(주)토니모리,214420,2020/12,53698,93852
(주)토박스코리아,215480,2020/12,24941,5309
(주)토비스,051360,2020/12,167504,73769
(주)토탈소프트뱅크,045340,2020/12,13439,10690
(주)톱텍,108230,2020/12,224985,29275
(주)투비소프트,079970,2020/12,24230,17839
(주)툴젠,199800,2020/12,20424,3079
(주)트루윈,105550,2020/12,47771,59229
(주)트윔,290090,2020/12,40542,6986
(주)특수건설,026150,2020/12,102545,82394
(주)티라유텍,322180,2020/12,14579,7090
(주)티로보틱스,117730,2020/12,34889,42187
(주)티비씨,033830,2020/12,78331,6237
(주)티비에이치글로벌,084870,2020/12,69669,61333
(주)티사이언티픽,057680,2020/12,28840,25015
(주)티씨케이,064760,2020/12,197978,38114
(주)티앤알바이오팹,246710,2020/12,42834,2453
(주)티앤엘,340570,2020/12,46401,7803
(주)티에스넥스젠,043220,2020/12,26887,17233
(주)티에스아이,277880,2020/12,47202,30356
(주)티에스이,131290,2020/12,99220,25636
(주)티에스인베스트먼트,246690,2020/12,,
(주)티에스트릴리온,317240,2020/12,18980,20798
(주)티에이치엔,019180,2020/12,99646,168037
(주)티엘비,356860,2020/12,66237,42367
(주)티엘아이,062860,2020/12,18941,7208
(주)티엘엔지니어링,413300,2020/12,3065,4087
(주)티와이홀딩스,363280,2020/12,2546,14410
(주)티움바이오,321550,2020/12,69049,2565
(주)티웨이항공,091810,2020/12,121975,589540
(주)티웨이홀딩스,004870,2020/12,14546,42218
(주)티케이케미칼,104480,2020/12,185459,408829
(주)티플랙스,081150,2020/12,68379,47778
(주)티피씨,130740,2020/12,24949,25871
(주)티피씨메카트로닉스,048770,2020/12,53233,65804
(주)파나진,046210,2020/12,18567,2162
(주)파라다이스,034230,2020/12,440824,754660
(주)파라텍,033540,2020/12,69018,51148
(주)파루,043200,2020/12,31036,32599
(주)파마리서치,214450,2020/12,111231,44595
(주)파멥신,208340,2020/12,84632,87820
(주)파버나인,177830,2020/12,28099,47994
(주)파세코,037070,2020/12,54478,28690
(주)파수,150900,2020/12,20447,24479
(주)파워넷,037030,2020/12,61307,45555
(주)파워로직스,047310,2020/12,187478,141867
(주)파이버프로,368770,2020/12,,
(주)파이오링크,170790,2020/12,52266,18638
(주)파인디앤씨,049120,2020/12,24455,45263
(주)파인디지털,038950,2020/12,72110,13468
(주)파인테크닉스,106240,2020/12,49229,46625
(주)파인텍,131760,2020/12,50196,59616
(주)파커스,065690,2020/12,46490,12927
(주)파크시스템스,140860,2020/12,76502,46681
(주)파트론,091700,2020/12,259399,178543
(주)판타지오,032800,2020/12,6688,4998
(주)팜스빌,318010,2020/12,43447,13266
(주)팜스코,036580,2020/12,329330,463635
(주)팜스토리,027710,2020/12,398500,376867
(주)팬스타엔터프라이즈,054300,2020/12,26759,34611
(주)팬엔터테인먼트,068050,2020/12,25834,35032
(주)팬젠,222110,2020/12,24092,22098
(주)퍼시스,016800,2020/12,219256,38017
(주)펄어비스,263750,2020/12,371396,127921
(주)펩트론,087010,2020/12,72115,40568
(주)포메탈,119500,2020/12,17909,17463
(주)포바이포,389140,2020/12,9811,11309
(주)포스코아이씨티,022100,2020/12,469998,307898
(주)포스코엠텍,009520,2020/12,107318,33903
(주)포스코인터내셔널,047050,2020/12,3925548,4184237
(주)포스코케미칼,003670,2020/12,776817,1033110
(주)포인트모바일,318020,2020/12,57906,37890
(주)포인트엔지니어링,256630,2020/12,51218,27640
(주)포커스에이치엔에스,331380,2020/12,,
(주)폴라리스세원,234100,2020/12,30513,22363
(주)폴라리스오피스,041020,2020/12,25720,16159
(주)폴라리스우노,114630,2020/12,49757,5697
(주)푸드나무,290720,2020/12,48788,9270
(주)푸드웰,005670,2020/12,52741,28071
(주)푸른기술,094940,2020/12,22620,8626
(주)푸른상호저축은행,007330,2020/12,,
(주)풀무원,017810,2020/12,170286,144711
(주)풍산,103140,2020/12,931126,841643
(주)풍산홀딩스,005810,2020/12,71736,49728
(주)퓨런티어,370090,2020/12,5623,3420
(주)퓨쳐켐,220100,2020/12,42575,20100
(주)프럼파스트,035200,2020/12,22592,3248
(주)프로스테믹스,203690,2020/12,28087,38419
(주)프로이천,321260,2020/12,,
(주)프로텍,053610,2020/12,116570,12042
(주)프롬바이오,377220,2020/12,30975,21352
(주)프리엠스,053160,2020/12,35922,4294
(주)플래스크,041590,2020/12,15276,47901
(주)플래티어,367000,2020/12,15971,19241
(주)플랜티넷,075130,2020/12,12116,3920
(주)플레이그램,009810,2020/12,43081,6592
(주)플레이디,237820,2020/12,98193,49449
(주)플레이위드,023770,2020/12,27159,75473
(주)플리토,300080,2020/12,22612,5080
(주)피델릭스,032580,2020/12,52219,22702
(주)피씨디렉트,051380,2020/12,77760,40010
(주)피에스엠씨,024850,2021/03,15241,11112
(주)피에이치씨,057880,2020/12,41135,8850
(주)피엔에이치테크,239890,2020/12,10224,11606
(주)피엔티,137400,2020/12,260162,277731
(주)피엔풍년,024940,2020/12,30541,9565
(주)피제이메탈,128660,2020/12,43475,24765
(주)피제이전자,006140,2020/12,66318,35752
(주)피코그램,376180,2020/12,9052,25913
(주)피플바이오,304840,2020/12,10099,1827
(주)피피아이,062970,2020/12,19374,16927
(주)픽셀플러스,087600,2020/12,47421,6032
(주)핀텔,291810,2020/12,1211,2067
(주)필옵틱스,161580,2020/12,76321,130296
(주)핌스,347770,2020/12,36274,15360
(주)핑거,163730,2020/12,23648,18784
(주)하나금융지주,086790,2020/12,,
(주)하나기술,299030,2020/12,67527,65881
(주)하나투어,039130,2020/12,121274,188028
(주)하림,136480,2020/12,250016,474876
(주)하림지주,003380,2020/12,27658,658445
(주)하이딥,365590,2020/12,,
(주)하이로닉,149980,2020/12,26989,2557
(주)하이브,352820,2020/12,1177102,509104
(주)하이비젼시스템,126700,2020/12,97403,29951
(주)하이소닉,106080,2020/12,11072,15355
(주)하이스틸,071090,2020/12,85786,113033
(주)하이텍팜,106190,2020/12,40477,33302
(주)하이트론씨스템즈,019490,2020/12,24162,47003
(주)하츠,066130,2020/12,70713,16466
(주)한국가구,004590,2020/12,15369,12709
(주)한국경제티브이,039340,2020/12,84970,35424
(주)한국비엔씨,256840,2020/12,16280,30629
(주)한국전자홀딩스,006200,2020/12,14313,3621
(주)한국종합기술,023350,2020/12,135378,194607
(주)한국카본,017960,2020/12,256464,87056
(주)한국큐빅,021650,2020/12,38089,4879
(주)한국테크놀로지,053590,2020/12,26469,44555
(주)한국토지신탁,034830,2020/12,,
(주)한국특강,007280,2020/12,149645,250944
(주)한국파마,032300,2020/12,54815,34818
(주)한국팩키지,037230,2020/12,32102,36345
(주)한국화장품제조,003350,2020/12,45712,33387
(주)한글과컴퓨터,030520,2020/12,70065,59458
(주)한네트,052600,2020/12,38826,19206
(주)한농화성,011500,2020/12,72555,40522
(주)한독,002390,2020/12,323793,418953
(주)한독크린텍,256150,2020/12,25833,7053
(주)한미글로벌건축사사무소,053690,2020/12,71651,41720
(주)한빛소프트,047080,2020/12,10801,22977
(주)한샘,009240,2020/12,416660,466930
(주)한섬,020000,2020/12,813882,310083
(주)한솔케미칼,014680,2020/12,225858,300922
(주)한솔홈데코,025750,2020/12,80512,124082
(주)한송네오텍,226440,2020/12,30209,11512
(주)한익스프레스,014130,2020/12,98583,229146
(주)한일진공,123840,2020/12,38983,14764
(주)한진,002320,2020/12,474884,1521619
(주)한진중공업홀딩스,003480,2020/12,7527,74405
(주)한진칼,180640,2020/12,923427,1010706
(주)한창,005110,2020/12,33562,29575
(주)한창제지,009460,2020/12,92687,86372
(주)한컴라이프케어,372910,2020/12,63477,119794
(주)한컴위드,054920,2020/12,24313,58252
(주)한탑,002680,2020/12,30699,77684
(주)한화,000880,2020/12,1630128,3870332
(주)해성티피씨,059270,2020/12,7931,15213
(주)핸디소프트,220180,2020/12,60344,7290
(주)헥토이노베이션,214180,2020/12,42661,13587
(주)헥토파이낸셜,234340,2020/12,162936,85091
(주)헬릭스미스,084990,2020/12,331426,178909
(주)현대공업,170030,2020/12,101828,42566
(주)현대그린푸드,005440,2020/12,453945,361610
(주)현대리바트,079430,2020/12,358313,315692
(주)현대미포조선,010620,2020/12,1942434,1230321
(주)현대바이오랜드,052260,2020/12,51279,30390
(주)현대백화점,069960,2020/12,1226720,2546206
(주)현대에버다임,041440,2020/12,147413,46374
(주)현대이지웰,090850,2020/12,100623,55090
(주)현대퓨처넷,126560,2020/12,296074,115821
(주)현대홈쇼핑,057050,2020/12,669510,378343
(주)협진,138360,2020/12,34230,3029
(주)형지아이앤씨,011080,2020/12,34978,33865
(주)혜인,003010,2020/12,123453,104960
(주)호텔신라,008770,2020/12,932489,1764470
(주)홈센타홀딩스,060560,2020/12,3882,96317
(주)홈캐스트,064240,2020/12,39223,8234
(주)화승엔터프라이즈,241590,2020/12,214548,35736
(주)화승인더스트리,006060,2020/12,150107,201331
(주)화승코퍼레이션,013520,2020/12,250233,484270
(주)화신,010690,2020/12,299957,321335
(주)화신정공,126640,2020/12,63653,60934
(주)화인베스틸,133820,2020/12,63476,101455
(주)황금에스티,032560,2020/12,108608,58345
(주)효성,004800,2020/12,410411,388721
(주)후성,093370,2020/12,105126,179957
(주)휠라홀딩스,081660,2020/12,34550,254709
(주)휴네시온,290270,2020/12,21753,6460
(주)휴니드테크놀러지스,005870,2020/12,174906,131164
(주)휴럼,353190,2020/12,,
(주)휴맥스,115160,2020/12,567550,676652
(주)휴맥스홀딩스,028080,2020/12,3740,21755
(주)휴먼엔,032860,2020/12,24116,37608
(주)휴메딕스,200670,2020/12,71950,37098
(주)휴비스,079980,2020/12,350500,365668
(주)휴비츠,065510,2020/12,49757,69754
(주)휴센텍,215090,2020/12,26080,11833
(주)휴스틸,005010,2020/12,213336,157149
(주)휴엠앤씨,263920,2020/12,17025,17583
(주)휴온스,243070,2020/12,249314,156658
(주)휴온스글로벌,084110,2020/12,53250,68409
(주)흥국,010240,2020/12,39694,21449
(주)흥국에프엔비,189980,2020/12,38374,24224
(주)희림종합건축사사무소,037440,2020/12,121079,108183
(주)힘스,238490,2020/12,50691,13094
AJ네트웍스(주),095570,2020/12,196445,905693
CS홀딩스(주),000590,2020/12,38108,7640
DB금융투자(주),016610,2020/12,,
DB손해보험(주),005830,2020/12,,
HD현대(주),267250,2020/12,299508,2195022
KB오토시스(주),024120,2020/12,60118,45343
KD(주),044180,2020/12,54207,109815
KG스틸(주),016380,2020/12,609043,1270271
KISCO홀딩스(주),001940,2020/12,99508,577
LG이노텍(주),011070,2020/12,2870703,3324321
LS일렉트릭(주),010120,2020/12,1333309,991171
OCI(주),010060,2020/12,791858,1034656
SK이노베이션(주),096770,2020/12,1697814,3695047
SNT모티브(주),064960,2020/12,609715,319824
SNT중공업(주),003570,2020/12,355270,220874
STX엔진(주),077970,2020/12,429740,538569
STX중공업(주),071970,2020/12,131898,262308
가온미디어(주),078890,2020/12,199496,130777
가온전선(주),000500,2020/12,258157,237697
감성코퍼레이션(주),036620,2020/12,23911,9296
강남제비스코(주),000860,2020/12,149740,77508
갤럭시아머니트리(주),094480,2020/12,215614,170097
경남스틸(주),039240,2020/12,83465,50715
경남제약(주),053950,2020/12,56634,68986
경동제약(주),011040,2020/12,104155,27967
경인전자(주),009140,2020/12,28760,2796
경창산업(주),024910,2020/12,110655,358779
계룡건설산업(주),013580,2020/12,924361,1023996
계양전기(주),012200,2020/12,143342,93636
고려산업(주),002140,2020/12,78228,106382
고려신용정보(주),049720,2020/12,16614,32053
고려아연(주),010130,2020/12,3984718,853617
고려제강(주),002240,2020/12,203649,262648
고려제약(주),014570,2020/12,62956,12474
광동제약(주),009290,2020/12,393002,221751
광전자(주),017900,2020/12,111231,35917
광진실업(주),026910,2020/12,19218,11369
교보10호기업인수목적(주),355150,2020/12,,
교보증권(주),030610,2020/12,,
교촌에프앤비(주),339770,2020/12,54218,58659
국도화학(주),007690,2020/12,341662,291428
국일신동(주),060480,2020/12,22055,5230
국일제지(주),078130,2020/12,41994,57001
국제약품(주),002720,2020/12,49175,74584
그랜드코리아레저(주),114090,2020/12,344798,221142
그린케미칼(주),083420,2020/12,82107,63604
극동유화(주),014530,2020/12,107199,97550
글로벌에스엠테크리미티드,900070,2020/12,,
글로벌텍스프리(주),204620,2020/12,17754,14661
글로본(주),019660,2020/12,17607,18372
금강공업(주),014280,2020/12,181245,266416
금강철강(주),053260,2020/12,93460,26349
금호건설(주),002990,2020/12,778814,980065
금호석유화학(주),011780,2020/12,1189196,1315604
금호전기(주),001210,2020/12,28522,44857
금호타이어(주),073240,2020/12,769385,1822281
기신정기(주),092440,2021/03,124968,18909
기아(주),000270,2020/12,15667690,18007411
깨끗한나라(주),004540,2020/12,117564,342102
나노씨엠에스(주),247660,2020/12,11467,11254
나노캠텍(주),091970,2020/12,27944,10020
나라엠앤디(주),051490,2020/12,66196,76513
나무기술(주),242040,2020/12,48855,38405
나우아이비캐피탈(주),293580,2020/12,,
나이스정보통신(주),036800,2020/12,207418,84763
나이스평가정보(주),030190,2020/12,174782,98891
남광토건(주),001260,2020/12,127470,137581
남양유업(주),003920,2020/12,470266,209532
남해화학(주),025860,2020/12,383051,136526
남화산업(주),111710,2020/12,35591,12838
남화토건(주),091590,2020/12,59140,22053
네이버(주),035420,2020/12,958003,1561424
넥센타이어(주),002350,2020/12,889270,1103979
넷마블(주),251270,2020/12,457454,1366002
노을(주),376930,2020/12,9781,28193
농업회사법인(주)농우바이오,054050,2020/12,130666,50769
뉴지랩파마(주),214870,2020/12,112386,63009
다믈멀티미디어(주),093640,2020/12,18823,6574
다스코(주),058730,2020/12,93342,122326
다올인베스트먼트(주),298870,2020/12,,
다올투자증권(주),030210,2020/12,,
대덕전자(주),353200,2020/12,252596,154663
대동금속(주),020400,2020/12,32010,70231
대동기어(주),008830,2020/12,63338,128188
대동전자(주),008110,2021/03,41798,31419
대림비앤코(주),005750,2020/12,126220,167362
대림통상(주),006570,2020/12,70439,69877
대명에너지(주),389260,2020/12,61715,53057
대모엔지니어링(주),317850,2020/12,32051,31521
대보마그네틱(주),290670,2020/12,42357,21039
대봉엘에스(주),078140,2020/12,54224,14819
대상(주),001680,2020/12,1071091,1253782
대상홀딩스(주),084690,2020/12,22791,17233
대성산업(주),128820,2020/12,106653,444985
대성에너지(주),117580,2020/12,198447,387319
대성창업투자(주),027830,2020/12,,
대성홀딩스(주),016710,2020/12,36451,127126
대신정보통신(주),020180,2021/03,43246,43154
대신증권(주),003540,2020/12,,
대아티아이(주),045390,2020/12,94795,56066
대양전기공업(주),108380,2020/12,130712,26274
대양제지공업(주),006580,2020/12,54385,36832
대영포장(주),014160,2020/12,58564,54065
대우전자부품(주),009320,2020/12,40100,57069
대우조선해양(주),042660,2020/12,5892256,6386353
대원강업(주),000430,2020/12,150188,244686
대원미디어(주),048910,2020/12,25435,24085
대원산업(주),005710,2020/12,295333,135077
대원전선(주),006340,2020/12,138470,103703
대원제약(주),003220,2020/12,115155,121403
대원화성(주),024890,2020/12,40488,49794
대정화금(주),120240,2020/12,71224,33035
대주산업(주),003310,2020/12,28301,35356
대주전자재료(주),078600,2020/12,47586,106841
대창단조(주),015230,2020/12,125186,20171
대한광통신(주),010170,2020/12,137359,114255
대한그린파워(주),060900,2020/12,15071,30766
대한뉴팜(주),054670,2020/12,68486,75945
대한방직(주),001070,2020/12,94009,77022
대한약품공업(주),023910,2020/12,121684,71166
대한유화(주),006650,2020/12,600483,154782
대한전선(주),001440,2020/12,632444,792121
대한제강(주),084010,2020/12,310898,184123
대한제당(주),001790,2020/12,478922,523429
대한제분(주),001130,2020/12,230991,71200
대한해운(주),005880,2020/12,130817,1488472
대한화섬(주),003830,2020/12,60475,115099
대화제약(주),067080,2020/12,39533,70214
더이앤엠(주),089230,2020/12,44925,22264
덕산네오룩스(주),213420,2020/12,90913,28157
덕산하이메탈(주),077360,2020/12,53509,10677
덕양산업(주),024900,2020/12,266676,374654
덕우전자(주),263600,2020/12,70807,54043
데브시스터즈(주),194480,2020/12,57736,7856
도이치모터스(주),067990,2020/12,150509,313589
동국산업(주),005160,2020/12,158346,97115
동국제강(주),001230,2020/12,1405000,2886535
동국제약(주),086450,2020/12,322651,121458
동부건설(주),005960,2020/12,328944,306292
동성제약(주),002210,2020/12,71507,70770
동신건설(주),025950,2020/12,60333,26127
동아쏘시오홀딩스(주),000640,2020/12,85741,295448
동아에스티(주),170900,2020/12,461974,338488
동아타이어공업(주),282690,2020/12,84509,28951
동아화성(주),041930,2020/12,64500,45064
동양생명보험(주),082640,2020/12,,
동양이엔피(주),079960,2020/12,175927,70654
동양철관(주),008970,2020/12,59601,52982
동양파일(주),228340,2020/12,62349,6673
동양피스톤(주),092780,2020/12,116933,179790
동원금속(주),018500,2021/03,65085,241101
동원산업(주),006040,2020/12,417810,879911
동원수산(주),030720,2020/12,46394,42520
동원시스템즈(주),014820,2020/12,171305,427301
동일고무벨트(주),163560,2020/12,144194,75144
동일금속(주),109860,2020/12,30706,8488
동일산업(주),004890,2020/12,237024,38080
동일제강(주),002690,2020/12,80463,18774
동일철강(주),023790,2020/12,24879,33490
동화기업(주),025900,2020/12,180443,547405
동화약품(주),000020,2020/12,204761,74175
두산밥캣(주),241560,2020/12,31990,105785
두산에너빌리티(주),034020,2020/12,2970075,7686539
두산퓨얼셀(주),336260,2020/12,651986,277644
디비금융제8호기업인수목적(주),367340,2020/12,,
디비금융제9호기업인수목적(주),367360,2020/12,,
디씨엠(주),024090,2020/12,117576,38938
디아이동일(주),001530,2020/12,122936,246384
디아이티(주),110990,2020/12,293695,168160
디에스씨인베스트먼트(주),241520,2020/12,,
디에스알(주),155660,2020/12,98998,51222
디에스알제강(주),069730,2020/12,86634,59998
디엑스앤브이엑스(주),180400,2020/12,6611,4612
디엘(주),000210,2020/12,7386745,8121940
디엘건설(주),001880,2020/12,1104601,696525
디와이(주),013570,2020/12,11166,2739
디와이씨(주),310870,2020/12,,
디와이파워(주),210540,2020/12,97355,41377
디와이피엔에프(주),104460,2020/12,85648,60681
디젠스(주),113810,2020/12,29714,42152
디케이락(주),105740,2020/12,72732,55189
라온시큐어(주),042510,2020/12,24216,15001
라온피플(주),300120,2020/12,59098,5414
램테크놀러지(주),171010,2020/12,19981,25437
로스웰인터내셔널유한회사,900260,2020/12,,
로체시스템즈(주),071280,2020/12,43289,44554
롯데관광개발(주),032350,2020/12,126956,954309
롯데렌탈(주),089860,2020/12,564954,4082788
롯데손해보험(주),000400,2020/12,,
롯데쇼핑(주),023530,2020/12,3715374,15325247
롯데정밀화학(주),004000,2020/12,505361,180184
롯데정보통신(주),286940,2020/12,276678,233229
롯데제과(주),280360,2020/12,556492,1121509
롯데지주(주),004990,2020/12,703367,2901417
롯데칠성음료(주),005300,2020/12,827250,2083201
롯데케미칼(주),011170,2020/12,4352123,3576792
롯데하이마트(주),071840,2020/12,988777,1423236
리노공업(주),058470,2020/12,257710,24192
린드먼아시아인베스트먼트(주),277070,2020/12,,
마이크로로봇(주),182690,2020/12,7274,26754
매일유업(주),267980,2020/12,444449,303828
매일홀딩스(주),005990,2020/12,27509,30813
메가스터디(주),072870,2020/12,102739,27827
메가스터디교육(주),215200,2020/12,107352,240920
메가엠디(주),133750,2020/12,47223,46290
메디앙스(주),014100,2020/12,25755,49017
메디포스트(주),078160,2020/12,87199,102734
메리츠증권(주),008560,2020/12,,
메리츠화재해상보험(주),000060,2020/12,,
메이슨캐피탈(주),021880,2021/03,,
명문제약(주),017180,2020/12,86282,112551
명성티엔에스(주),257370,2020/12,31328,32212
명신산업(주),009900,2020/12,108517,118925
모델솔루션(주),417970,2020/12,22075,19587
모바일어플라이언스(주),087260,2020/12,55489,33558
모트렉스(주),118990,2020/12,99988,132864
무림에스피(주),001810,2020/12,82992,83717
무림페이퍼(주),009200,2020/12,247131,548546
무림피앤피(주),009580,2020/12,282406,567549
문배철강(주),008420,2020/12,58312,68606
미디어젠(주),279600,2020/12,16054,14382
미래나노텍(주),095500,2020/12,123371,117647
미래산업(주),025560,2020/12,39462,31445
미래에셋대우기업인수목적5호(주),353490,2020/12,,
미래에셋벤처투자(주),100790,2020/12,,
미래에셋생명보험(주),085620,2020/12,,
미래에셋증권(주),006800,2020/12,,
미스터블루(주),207760,2020/12,21647,9699
미원상사(주),002840,2020/12,132387,55922
미원스페셜티케미칼(주),268280,2020/12,214100,62333
미원홀딩스(주),107590,2020/12,7041,58383
미원화학(주),134380,2020/12,39991,12431
미창석유공업(주),003650,2020/12,218922,31409
미투젠(유),950190,2020/12,115342,10647
바디텍메드(주),206640,2020/12,107042,32431
바이오플러스(주),099430,2020/12,25540,13811
바이온(주),032980,2020/12,18014,5301
바이옵트로(주),222160,2021/03,10384,12173
바이젠셀(주),308080,2020/12,17660,57122
백광산업(주),001340,2020/12,48106,145409
범양건영(주),002410,2020/12,68953,48625
범한퓨얼셀(주),382900,2020/12,30571,26826
베뉴지(주),019010,2020/12,114413,163664
보로노이(주),310210,2020/12,24600,19890
보성파워텍(주),006910,2020/12,72350,41085
보해양조(주),000890,2020/12,49939,70362
부광약품(주),003000,2020/12,198223,104539
부국증권(주),001270,2020/12,,
부국철강(주),026940,2020/12,94600,18924
부산산업(주),011390,2020/12,9609,7579
부산주공(주),005030,2020/12,66745,223142
브레인즈컴퍼니(주),099390,2020/12,24436,4179
브릿지바이오테라퓨틱스(주),288330,2020/12,60039,4277
비나텍(주),126340,2020/12,44664,38633
비디아이(주),148140,2020/12,122858,168643
비비씨(주),318410,2020/12,39197,6828
비씨엔씨(주),146320,2020/12,19518,41593
비에이치아이(주),083650,2020/12,131131,295505
비케이탑스(주),030790,2020/12,8264,37325
비플라이소프트(주),148780,2020/12,3253,3787
빛샘전자(주),072950,2020/12,20997,8100
사조동아원(주),008040,2020/12,175241,230672
사조산업(주),007160,2020/12,181816,246736
사조씨푸드(주),014710,2020/12,79771,100811
삼강엠앤티(주),100090,2020/12,182337,342867
삼륭물산(주),014970,2020/12,24735,24632
삼목에스폼(주),018310,2020/12,160277,56367
삼보모터스(주),053700,2020/12,151051,269476
삼보산업(주),009620,2020/12,83140,191994
삼부토건(주),001470,2020/12,346581,207388
삼성SDI(주),006400,2020/12,3423162,4067344
삼성공조(주),006660,2020/12,147720,24091
삼성물산(주),028260,2020/12,7491104,16447065
삼성바이오로직스(주),207940,2020/12,1743116,1372377
삼성생명보험(주),032830,2020/12,,
삼성에스디에스(주),018260,2020/12,4021622,993400
삼성엔지니어링(주),028050,2020/12,2201338,2618320
삼성전기(주),009150,2020/12,2587330,1219606
삼성전자(주),005930,2020/12,73798549,46347703
삼성제약(주),001360,2020/12,65312,56811
삼성중공업(주),010140,2020/12,6625786,8993199
삼성증권(주),016360,2020/12,,
삼성카드(주),029780,2020/12,,
삼성화재해상보험(주),000810,2020/12,,
삼아알미늄(주),006110,2020/12,75378,96906
삼아제약(주),009300,2020/12,93760,15810
삼양식품(주),003230,2020/12,165776,198728
삼양통상(주),002170,2020/12,313188,45279
삼영무역(주),002810,2020/12,221574,35796
삼영엠텍(주),054540,2020/12,42634,28109
삼영이엔씨(주),065570,2020/12,66032,25590
삼영전자공업(주),005680,2020/12,290437,19423
삼영화학공업(주),003720,2020/12,39112,31433
삼익티에이치케이(주),004380,2020/12,162922,197639
삼일제약(주),000520,2020/12,70723,127831
삼정펄프(주),009770,2020/12,134605,21807
삼지전자(주),037460,2020/12,72012,91143
삼진제약(주),005500,2020/12,146860,55577
삼천당제약(주),000250,2020/12,73818,49857
삼천리자전거(주),024950,2020/12,75865,32936
삼현철강(주),017480,2020/12,142374,30125
삼호개발(주),010960,2020/12,189001,95681
삼화왕관(주),004450,2020/12,42892,83080
삼화전기(주),009470,2020/12,42242,64342
삼화전자공업(주),011230,2020/12,14246,32681
삼화콘덴서공업(주),001820,2020/12,92736,50347
삼화페인트공업(주),000390,2020/12,264340,271209
상신브레이크(주),041650,2020/12,159304,172096
상신이디피(주),091580,2020/12,53416,64288
상신전자(주),263810,2020/12,40121,20202
새론오토모티브(주),075180,2020/12,86492,21179
샘표(주),007540,2020/12,38148,6976
샘표식품(주),248170,2020/12,129802,72504
서암기계공업(주),100660,2020/12,51294,7239
서울도시가스(주),017390,2020/12,833763,647777
서울바이오시스(주),092190,2020/12,111907,218994
서울반도체(주),046890,2020/12,503293,267411
서울식품공업(주),004410,2020/12,21863,46386
서울전자통신(주),027040,2020/12,19434,41650
서호전기(주),065710,2020/12,29988,15686
선도전기(주),007610,2020/12,59829,80745
선바이오(주),067370,2020/12,5399,8936
선진뷰티사이언스(주),086710,2020/12,28475,57517
성문전자(주),014910,2020/12,10781,5156
성보화학(주),003080,2020/12,81146,22523
성신양회(주),004980,2020/12,234860,542008
성우전자(주),081580,2020/12,44351,3972
성우테크론(주),045300,2020/12,35066,23939
성일하이텍(주),365340,2020/12,33143,124697
성창기업지주(주),000180,2020/12,13307,54365
성호전자(주),043260,2020/12,46887,56433
세기상사(주),002420,2020/12,1343,19871
세명전기공업(주),017510,2020/12,31805,8477
세방(주),004360,2020/12,194297,228315
세방전지(주),004490,2020/12,841303,235594
세원이앤씨(주),091090,2020/12,101557,154694
세종공업(주),033530,2020/12,326425,312271
세종텔레콤(주),036630,2020/12,253481,130784
세하(주),027970,2020/12,56285,101774
소니드(주),060230,2020/12,46821,27140
소프트캠프(주),258790,2020/12,12017,4812
솔루스첨단소재(주),336370,2020/12,112067,123103
솔브레인(주),357780,2020/12,328250,182608
솔브레인홀딩스(주),036830,2020/12,91570,44515
솔트웨어(주),328380,2020/12,,
송원산업(주),004430,2020/12,287895,358507
스톤브릿지벤처스(주),330730,2020/12,,
스튜디오드래곤(주),253450,2020/12,197245,128216
스틱인베스트먼트(주),026890,2020/12,45033,15096
시그네틱스(주),033170,2020/12,92150,60373
신대양제지(주),016590,2020/12,113256,43751
신라교역(주),004970,2020/12,192836,91597
신라섬유(주),001000,2020/12,1484,17578
신라에스지(주),025870,2020/12,15222,25877
신라젠(주),215600,2020/12,23909,24961
신성델타테크(주),065350,2020/12,21777,72217
신세계건설(주),034300,2020/12,343791,563223
신송홀딩스(주),006880,2020/12,3429,16120
신신제약(주),002800,2020/12,39654,61411
신영증권(주),001720,2021/03,,
신영해피투모로우제6호기업인수목적(주),344050,2020/12,,
신원종합개발(주),017000,2020/12,133909,98997
신일전자(주),002700,2020/12,72046,35333
신일제약(주),012790,2020/12,52772,17326
신풍제약(주),019170,2020/12,321373,112313
신풍제지(주),002870,2020/12,59337,5312
신한제7호기업인수목적(주),366330,2020/12,,
신화인터텍(주),056700,2020/12,54654,72253
신흥에스이씨(주),243840,2020/12,89189,106825
쌍용씨앤이(주),003410,2020/12,575200,1252643
쌍용자동차(주),003620,2020/12,550862,1849017
쌍용정보통신(주),010280,2020/12,46824,59397
써니전자(주),004770,2020/12,45935,1516
씨비아이(주),013720,2020/12,13979,24466
씨아이에스(주),222080,2020/12,189746,169412
씨앤에이치(주),023460,2020/12,,
씨앤지하이테크(주),264660,2020/12,66404,11941
씨앤티85(주),056730,2020/12,37933,37280
씨에스베어링(주),297090,2020/12,59888,75844
씨에스윈드(주),112610,2020/12,196722,146005
씨유테크(주),376290,2020/12,28804,21800
씨제이(주),001040,2020/12,44607,411493
씨제이대한통운(주),000120,2020/12,1244521,3954846
씨제이바이오사이언스(주),311690,2020/12,39744,38863
씨제이씨지브이(주),079160,2020/12,666345,2188127
씨제이씨푸드(주),011150,2020/12,46306,69473
씨제이제일제당(주),097950,2020/12,1643758,4615803
씨제이프레시웨이(주),051500,2020/12,390071,899570
씨큐브(주),101240,2020/12,40237,27971
아남전자(주),008700,2020/12,86622,51442
아미코젠(주),092040,2020/12,46069,40301
아비코전자(주),036010,2020/12,67696,5451
아세아(주),002030,2020/12,21850,35053
아세아시멘트(주),183190,2020/12,138742,351414
아세아제지(주),002310,2020/12,173956,82516
아시아나아이디티(주),267850,2020/12,125223,74659
아시아나항공(주),020560,2020/12,1605456,11513245
아이디피(주),332370,2020/12,31968,1882
아이비케이에스제13호기업인수목적(주),351340,2020/12,,
아이쓰리시스템(주),214430,2020/12,74258,46275
아이에스동서(주),010780,2020/12,2099132,1986153
아이진(주),185490,2020/12,36020,31480
아이큐어(주),175250,2020/12,36763,63760
아이크래프트(주),052460,2020/12,43714,29185
아이텍(주),119830,2020/12,68567,64170
아주스틸(주),139990,2020/12,154985,192746
아주아이비투자(주),027360,2020/12,,
아진산업(주),013310,2020/12,155888,233430
안국약품(주),001540,2020/12,105562,50927
알리코제약(주),260660,2020/12,64457,32721
알서포트(주),131370,2020/12,30679,11015
알에스오토메이션(주),140670,2020/12,50604,39010
알에프머트리얼즈(주),327260,2020/12,21690,11464
알에프에이치아이씨(주),218410,2020/12,176422,70912
압타바이오(주),293780,2020/12,43745,3403
애경산업(주),018250,2020/12,241743,99967
애경케미칼(주),161000,2020/12,256946,88789
애니젠(주),196300,2020/12,10642,18992
애머릿지코퍼레이션,900100,2020/12,25042,38710
앱클론(주),174900,2020/12,21456,10800
어보브반도체(주),102120,2020/12,106025,38581
에브리봇(주),270660,2020/12,20209,13665
에스넷시스템(주),038680,2020/12,107187,94410
에스디바이오센서(주),137310,2020/12,1203433,625873
에스디엔(주),099220,2020/12,57286,63534
에스맥(주),097780,2020/12,121345,29690
에스브이인베스트먼트(주),289080,2021/03,,
에스비더블유생명과학(주),151910,2020/12,43241,38174
에스비아이인베스트먼트(주),019550,2020/12,,
에스비아이핀테크솔루션즈(주),950110,2021/03,142035,193589
에스씨아이평가정보(주),036120,2020/12,18885,7241
에스씨엠생명과학(주),298060,2020/12,36086,13213
에스엔유프리시젼(주),080000,2020/12,93303,29952
에스엔케이폴리텍(주),091340,2020/12,35158,34458
에스엘(주),005850,2020/12,977302,383091
에스와이(주),109610,2020/12,130125,126066
에스지씨에너지(주),005090,2020/12,270653,1089409
에스지씨이테크건설(주),016250,2020/12,544672,513680
에스지에이(주),049470,2020/12,26449,26966
에스지에이솔루션즈(주),184230,2020/12,16301,19234
에스지이(주),255220,2020/12,103741,155065
에스케이(주),034730,2020/12,1552357,8760834
에스케이가스(주),018670,2020/12,1718092,2426736
에스케이네트웍스(주),001740,2020/12,1937401,3886670
에스케이디스커버리(주),006120,2020/12,256154,246265
에스케이디앤디(주),210980,2020/12,858217,1010580
에스케이렌터카(주),068400,2020/12,187406,1762709
에스케이바이오사이언스(주),302440,2020/12,333902,298442
에스케이바이오팜(주),326030,2020/12,410287,102311
에스케이씨(주),011790,2020/12,330035,1052606
에스케이아이이테크놀로지(주),361610,2020/12,294129,433004
에스케이증권(주),001510,2020/12,,
에스케이케미칼(주),285130,2020/12,542387,859511
에스케이텔레콤(주),017670,2020/12,5047115,14636593
에스케이하이닉스(주),000660,2020/12,13310241,14496701
에스텍(주),069510,2020/12,105068,44883
에스트래픽(주),234300,2020/12,63520,73856
에스티팜(주),237690,2020/12,229543,143950
에스퓨얼셀(주),288620,2020/12,99288,46061
에쓰-오일(주),010950,2020/12,4982211,9995254
에쓰씨엔지니어링(주),023960,2020/12,20426,48922
에어부산(주),298690,2020/12,83878,924224
에이디엠코리아(주),187660,2020/12,18235,5670
에이비엘바이오(주),298380,2020/12,71920,9230
에이비온(주),203400,2020/12,6857,33089
에이에프더블류(주),312610,2020/12,49840,1960
에이치디씨(주),012630,2020/12,119156,171046
에이치디씨랩스(주),039570,2020/12,192752,54048
에이치디씨현대산업개발(주),294870,2020/12,4748857,3366065
에이치디씨현대이피(주),089470,2020/12,255004,190151
에이치비솔루션(주),297890,2020/12,51711,20559
에이치에스디엔진(주),082740,2020/12,276551,527158
에이치엘디앤아이한라(주),014790,2020/12,575264,919242
에이치엘만도(주),204320,2020/12,1074634,2059050
에이치엘비(주),028300,2020/12,173521,46258
에이치엘비글로벌(주),003580,2020/12,28444,37666
에이치엘비생명과학(주),067630,2020/12,110269,25573
에이치엘비제약(주),047920,2020/12,94977,66798
에이치엘비테라퓨틱스(주),115450,2020/12,57467,20621
에이치엘홀딩스(주),060980,2020/12,283966,741297
에이치엠씨아이비제4호기업인수목적(주),353070,2020/12,,
에이치엠씨아이비제5호기업인수목적(주),353060,2020/12,,
에이치엠엠(주),011200,2020/12,2095233,7052720
에이치케이이노엔(주),195940,2020/12,233569,871640
에이케이홀딩스(주),006840,2020/12,11433,157781
에이테크솔루션(주),071670,2020/12,87895,86378
에이프로젠제약(주),003060,2020/12,231587,9304
에이피시스템(주),265520,2020/12,218023,232217
에이피에스홀딩스(주),054620,2020/12,15995,23689
에이피위성(주),211270,2020/12,101360,32847
에이피티씨(주),089970,2020/12,92254,28686
에코바이오홀딩스(주),038870,2020/12,23576,7993
에코캡(주),128540,2020/12,61748,49190
에코플라스틱(주),038110,2020/12,107751,237108
에프엔에스테크(주),083500,2020/12,55751,47944
엑스큐어(주),070300,2020/12,17506,2247
엔브이에이치코리아(주),067570,2020/12,71449,236180
엔시트론(주),101400,2020/12,9056,11156
엔에이치엔(주),181710,2020/12,91460,100289
엔에이치엔한국사이버결제(주),060250,2020/12,295152,219712
엔에이치투자증권(주),005940,2020/12,,
엔피씨(주),004250,2020/12,118802,87463
엘브이엠씨홀딩스(주),900140,2020/12,,
엘비세미콘(주),061970,2020/12,73940,257839
엘아이지넥스원(주),079550,2020/12,1544186,1920331
엘에스전선아시아(주),229640,2020/12,30860,12778
엘지디스플레이(주),034220,2020/12,6948054,16441967
엘지전자(주),066570,2020/12,9669743,19778254
엘컴텍(주),037950,2020/12,11084,7361
엘티씨(주),170920,2020/12,49636,45234
엠벤처투자(주),019590,2020/12,,
엠에프엠코리아(주),323230,2020/12,38954,28007
엠케이전자(주),033160,2020/12,156666,212632
영보화학(주),014440,2020/12,44935,14916
영신금속공업(주),007530,2020/12,48907,87921
영진약품(주),003520,2020/12,98675,73669
영창케미칼(주),112290,2020/12,16158,50502
영풍정밀(주),036560,2020/12,93885,45327
영풍제지(주),006740,2020/12,72429,75552
영화금속(주),012280,2020/12,78387,123903
영화테크(주),265560,2020/12,36805,11359
예스이십사(주),053280,2020/12,135082,188612
오가닉티코스메틱스홀딩스컴퍼니리미티드,900300,2020/12,,
오로라월드(주),039830,2020/12,52824,122282
오상자이엘(주),053980,2020/12,35862,34374
오성첨단소재(주),052420,2020/12,79335,28135
오션브릿지(주),241790,2020/12,42012,12320
오스템임플란트(주),048260,2020/12,355498,552931
오토앤(주),353590,2020/12,23512,31140
올리패스(주),244460,2020/12,51025,22657
올릭스(주),226950,2020/12,67801,33596
옴니시스템(주),057540,2020/12,52945,17033
옵티시스(주),109080,2020/12,31974,3556
와이더블유(주),051390,2020/12,73435,41979
와이아이케이(주),232140,2020/12,175907,49212
와이엠씨(주),155650,2020/12,63074,23403
와이엠티(주),251370,2020/12,66875,72058
와토스코리아(주),079000,2020/12,55823,3220
우리기술투자(주),041190,2020/12,,
우리바이오(주),082850,2020/12,59762,28143
우리산업(주),215360,2020/12,155524,125232
우리산업홀딩스(주),072470,2020/12,1830,1794
우리손에프앤지농업회사법인(주),073560,2020/12,65593,66239
우리엔터프라이즈(주),037400,2020/12,11071,33276
우리이앤엘(주),153490,2020/12,94726,54945
우리종합금융(주),010050,2020/12,,
우림피티에스(주),101170,2020/12,41005,10649
우수AMS(주),066590,2020/12,70330,97829
우원개발(주),046940,2020/12,55071,64627
우진비앤지(주),018620,2020/12,17614,30109
원텍(주),336570,2020/12,,
원풍물산(주),008290,2020/12,19136,18730
웰바이오텍(주),010600,2020/12,14702,41201
웹케시(주),053580,2020/12,46187,32104
위즈코프(주),038620,2020/12,21707,5791
윈텍(주),320000,2020/12,15809,1956
윙입푸드홀딩스,900340,2020/12,,
유네코(주),064510,2020/12,6572,44071
유니셈(주),036200,2020/12,146548,48972
유니슨(주),018000,2020/12,78582,189471
유니온머티리얼(주),047400,2020/12,84964,79942
유니퀘스트(주),077500,2020/12,205214,137140
유비벨록스(주),089850,2020/12,47702,51218
유성기업(주),002920,2020/12,141843,98903
유아이엘(주),049520,2020/12,54532,19669
유안타제7호기업인수목적(주),367460,2020/12,,
유안타제8호기업인수목적(주),367480,2020/12,,
유안타증권(주),003470,2020/12,,
유엔젤(주),072130,2020/12,31026,10390
유일에너테크(주),340930,2020/12,27702,20485
유진기업(주),023410,2020/12,436252,770913
유진기업인수목적6호(주),373340,2020/12,,
유진투자증권(주),001200,2020/12,,
유화증권(주),003460,2020/12,,
율촌화학(주),008730,2020/12,209451,256567
이건산업(주),008250,2020/12,50900,133240
이구산업(주),025820,2020/12,152392,169397
이노뎁(주),303530,2020/12,25116,15355
이노시스(주),056090,2020/12,20950,34364
이니텍(주),053350,2020/12,30045,9030
이베스트기업인수목적5호(주),349720,2020/12,,
이베스트투자증권(주),078020,2020/12,,
이삭엔지니어링(주),351330,2020/12,19033,15431
이스트아시아홀딩스인베스트먼트리미티드,900110,2020/12,,
이엠코리아(주),095190,2020/12,47258,79521
이연제약(주),102460,2020/12,113097,84800
이오플로우(주),294090,2020/12,22779,4187
이원다이애그노믹스(주),245620,2020/12,94890,89967
이원컴포텍(주),088290,2020/12,6491,24257
이지케어텍(주),099750,2021/03,28770,18362
이트론(주),096040,2020/12,39000,39838
이화공영(주),001840,2020/12,62883,43594
이화산업(주),000760,2020/12,33559,34749
이화전기공업(주),024810,2020/12,115849,64755
인바이오(주),352940,2020/12,53608,34523
인베니아(주),079950,2020/12,93148,101360
인선이엔티(주),060150,2020/12,91797,123857
인지컨트롤스(주),023800,2020/12,100365,183494
인천도시가스(주),034590,2020/12,145759,148358
인카금융서비스(주),211050,2020/12,158837,149909
인크로스(주),216050,2020/12,164129,103842
인탑스(주),049070,2020/12,266132,95340
인터지스(주),129260,2020/12,163558,169955
인포뱅크(주),039290,2020/12,23950,15956
인화정공(주),101930,2020/12,33233,85973
일동제약(주),249420,2020/12,231096,349424
일동홀딩스(주),000230,2020/12,5954,76762
일성건설(주),013360,2020/12,123606,207931
일성신약(주),003120,2020/12,263248,23748
일신방직(주),003200,2020/12,247422,91811
일양약품(주),007570,2020/12,96683,163743
일정실업(주),008500,2020/12,19432,20895
일진다이아몬드(주),081000,2020/12,89439,21489
일진디스플레이(주),020760,2020/12,20532,85210
일진머티리얼즈(주),020150,2020/12,295010,97491
일진전기(주),103590,2020/12,297599,477138
일진하이솔루스(주),271940,2020/12,50170,28083
일진홀딩스(주),015860,2020/12,8305,22499
잉글우드랩(주),950140,2020/12,52183,25681
자이글(주),234920,2020/12,19478,10627
자이에스앤디(주),317400,2020/12,205549,250743
자화전자(주),033240,2020/12,171917,74815
재영솔루텍(주),049630,2020/12,57276,115116
전방(주),000950,2020/12,220830,233690
전진바이오팜(주),110020,2020/12,9987,7413
제너셈(주),217190,2020/12,24033,38220
제룡산업(주),147830,2020/12,57094,4610
제룡전기(주),033100,2020/12,47250,12451
제이더블유생명과학(주),234080,2020/12,52645,82130
제이더블유신약(주),067290,2020/12,33151,37374
제이더블유중외제약(주),001060,2020/12,287700,330318
제이더블유홀딩스(주),096760,2020/12,52489,202764
제이스코홀딩스(주),023440,2020/12,30471,37473
제이씨케미칼(주),137950,2020/12,67273,122223
제이씨현시스템(주),033320,2020/12,89641,38102
제이엔케이히터(주),126880,2020/12,110926,77322
제이엠아이(주),033050,2020/12,17958,6893
제이엠티(주),094970,2020/12,26454,5654
제이준코스메틱(주),025620,2020/12,13934,21055
제일약품(주),271980,2020/12,276995,236824
제일연마공업(주),001560,2020/12,39993,11021
제일전기공업(주),199820,2020/12,73296,30188
제일파마홀딩스(주),002620,2020/12,16938,128030
제주맥주(주),276730,2020/12,25532,28952
조광아이엘아이(주),044060,2020/12,44427,37141
조광페인트(주),004910,2020/12,88642,145424
조광피혁(주),004700,2020/12,105024,28285
조선내화(주),000480,2020/12,272702,349989
조선선재(주),120030,2020/12,106731,9019
조아제약(주),034940,2020/12,47244,21735
조일알미늄(주),018470,2020/12,141192,163032
주성엔지니어링(주),036930,2020/12,128533,322295
줌인터넷(주),239340,2020/12,22608,6497
중소기업은행,024110,2020/12,,
지나인제약(주),078650,2020/12,26072,45332
지니너스(주),389030,2020/12,23374,41621
지니언스(주),263860,2020/12,31162,9099
지더블유바이텍(주),036180,2020/12,35468,28529
지에스건설(주),006360,2020/12,5936189,7450963
지에이치신소재(주),130500,2020/12,21431,36684
지엔원에너지(주),270520,2020/12,30279,5572
지엘팜텍(주),204840,2020/12,8663,8412
지엠비코리아(주),013870,2020/12,175913,199159
지투파워(주),388050,2020/12,17564,18554
진양산업(주),003780,2020/12,17846,17836
진양제약(주),007370,2020/12,28712,21766
진양폴리우레탄(주),010640,2020/12,9298,17388
진양화학(주),051630,2020/12,12228,10653
진원생명과학(주),011000,2020/12,93470,33538
진흥기업(주),002780,2020/12,163362,164069
차이나크리스탈신소재홀딩스,900250,2020/12,,
참엔지니어링(주),009310,2020/12,78183,92805
참좋은여행(주),094850,2020/12,72687,4860
카페24(주),042000,2020/12,68221,52539
커머스마이너 (주),223310,2020/12,24553,6463
컨버즈(주),109070,2020/12,10711,11789
컬러레이홀딩스,900310,2020/12,,
컴퍼니케이파트너스(주),307930,2020/12,,
케이디켐(주),221980,2020/12,53446,14853
케이만금세기차륜집단유한공사,900280,2020/12,,
케이비아이동국실업(주),001620,2020/12,106153,228404
케이비아이메탈(주),024840,2020/12,156048,115486
케이비제20호기업인수목적(주),342550,2020/12,,
케이씨그린홀딩스(주),009440,2020/12,11960,23673
케이씨코트렐(주),119650,2020/12,169966,251210
케이알모터스(주),000040,2020/12,10501,56221
케이에이치건설(주),226360,2020/12,38868,36141
케이에이치전자(주),111870,2020/12,39581,32297
케이엠제약(주),225430,2020/12,12107,9466
케이지이티에스(주),151860,2020/12,50085,185587
케이지케미칼(주),001390,2020/12,56901,125193
케이카(주),381970,2020/12,188905,171349
케이피엑스라이프사이언스(주),114450,2020/12,24572,11475
케이피엑스케미칼(주),025000,2020/12,304057,85028
케이피엑스홀딩스(주),092230,2020/12,166887,49932
켄코아에어로스페이스(주),274090,2020/12,24005,41238
코나아이(주),052400,2020/12,569050,586574
코드네이처(주),078940,2020/12,20756,17278
코리아에셋투자증권(주),190650,2021/03,,
코리아에프티(주),123410,2020/12,130269,149581
코리안리재보험(주),003690,2020/12,,
코스맥스(주),192820,2020/12,295605,486254
코스맥스비티아이(주),044820,2020/12,51590,162807
코스맥스엔비티(주),222040,2020/12,88454,174942
코스모신소재(주),005070,2020/12,153998,185519
코스모화학(주),005420,2020/12,31331,200169
코아스템(주),166480,2020/12,57426,56632
코오롱글로벌(주),003070,2020/12,1033227,1745980
코오롱생명과학(주),102940,2020/12,91798,171313
코오롱인더스트리(주),120110,2020/12,1135543,1825361
코오롱티슈진(주),950160,2020/12,62916,24692
코오롱플라스틱(주),138490,2020/12,106485,118341
코웨이(주),021240,2020/12,818259,1325165
코웰패션(주),033290,2020/12,185757,79050
코위버(주),056360,2020/12,88802,29533
콜마비앤에이치(주),200130,2020/12,210184,93119
쿠쿠홀딩스(주),192400,2020/12,24604,46910
쿠쿠홈시스(주),284740,2020/12,294158,122210
큐렉소(주),060280,2020/12,39064,4084
큐알티(주),405100,2020/12,15130,19268
큐캐피탈파트너스(주),016600,2020/12,,
크로바하이텍(주),043590,2020/12,7133,5034
크루셜텍(주),114120,2020/12,30282,16976
크리스탈지노믹스(주),083790,2020/12,116526,39319
키네마스터(주),139670,2020/12,10669,1775
키움증권(주),039490,2020/12,,
태경산업(주),015890,2020/12,39954,17875
태경케미컬(주),006890,2020/12,51035,16068
태광산업(주),003240,2020/12,1462051,495712
태림포장(주),011280,2020/12,101604,226706
태양금속공업(주),004100,2020/12,98343,256141
태원물산(주),001420,2020/12,22630,6676
태평양물산(주),007980,2020/12,185931,374300
테고사이언스(주),191420,2020/12,28126,1271
테라사이언스(주),073640,2020/12,19281,22438
텔코웨어(주),078000,2020/12,82293,13083
티와이엠(주),002900,2020/12,238176,260701
티제이미디어(주),032540,2020/12,28308,27189
티케이지애강(주),022220,2020/12,57438,11163
티케이지휴켐스(주),069260,2020/12,401708,178838
팅크웨어(주),084730,2020/12,124115,59726
파나케이아(주),058530,2020/12,38650,23115
파미셀(주),005690,2020/12,42939,12639
팜젠사이언스(주),004720,2020/12,74758,51919
패션플랫폼(주),225590,2020/12,38276,13172
팬오션(주),028670,2020/12,547012,1765516
퍼스텍(주),010820,2020/12,90014,135939
펌텍코리아(주),251970,2020/12,115409,37615
페이퍼코리아(주),001020,2020/12,147576,341257
평화산업(주),090080,2020/12,114055,174918
평화홀딩스(주),010770,2020/12,33639,52407
포스코스틸리온(주),058430,2020/12,286630,238481
포스코홀딩스(주),005490,2020/12,19579953,11680264
풍국주정공업(주),023900,2020/12,59909,5849
풍원정밀(주),371950,2020/12,13898,30177
프레스티지바이오로직스(주),334970,2020/12,7891,51630
프리시젼바이오(주),335810,2020/12,30452,4349
피씨엘(주),241820,2020/12,35959,6810
피아이첨단소재(주),178920,2020/12,144032,121145
피앤씨테크(주),237750,2020/12,41628,7539
피에스케이(주),319660,2020/12,191607,49850
피에스케이홀딩스(주),031980,2020/12,70741,29910
피에스텍(주),002230,2020/12,84588,15048
피에이치에이(주),043370,2020/12,291924,206447
피엔케이피부임상연구센타(주),347740,2020/12,51252,4265
하나금융15호기업인수목적(주),341160,2020/12,,
하나금융16호기업인수목적(주),343510,2020/12,,
하나마이크론(주),067310,2020/12,122414,330411
하나머스트7호기업인수목적(주),372290,2020/12,,
하나머티리얼즈(주),166090,2020/12,96105,164472
하나제약(주),293480,2020/12,147794,44198
하이록코리아(주),013030,2020/12,254321,30789
하이즈항공(주),221840,2020/12,51601,59429
하이트진로(주),000080,2020/12,730899,2012177
하이트진로홀딩스(주),000140,2020/12,526,620449
하인크코리아(주),373200,2020/12,,
한국가스공사(주),036460,2020/12,6646682,27588714
한국공항(주),005430,2020/12,194784,145374
한국기업평가(주),034950,2020/12,51937,26137
한국내화(주),010040,2020/12,66251,58648
한국단자공업(주),025540,2020/12,380105,200489
한국맥널티(주),222980,2020/12,28150,22570
한국석유공업(주),004090,2020/12,98929,112215
한국선재(주),025550,2020/12,64349,81606
한국수출포장공업(주),002200,2020/12,95635,55664
한국쉘석유(주),002960,2020/12,120253,50492
한국알콜산업(주),017890,2020/12,152137,43240
한국앤컴퍼니(주),000240,2020/12,204785,59122
한국유나이티드제약(주),033270,2020/12,180924,76542
한국유니온제약(주),080720,2020/12,43868,27834
한국자산신탁(주),123890,2020/12,,
한국전력공사(주),015760,2020/12,9289189,59772045
한국전력기술(주),052690,2020/12,235805,200169
한국전자금융(주),063570,2020/12,198780,276800
한국전자인증(주),041460,2020/12,37575,17309
한국정밀기계(주),101680,2020/12,51924,30389
한국정보공학(주),039740,2020/12,41514,34700
한국정보인증(주),053300,2020/12,79281,27725
한국정보통신(주),025770,2020/12,249927,118599
한국조선해양(주),009540,2020/12,1422141,348269
한국주강(주),025890,2020/12,13913,16447
한국지역난방공사,071320,2020/12,581768,4268123
한국철강(주),104700,2020/12,576286,171945
한국캐피탈(주),023760,2020/12,,
한국컴퓨터(주),054040,2020/12,71902,19846
한국콜마(주),161890,2020/12,463330,486333
한국콜마홀딩스(주),024720,2020/12,85156,230620
한국타이어앤테크놀로지(주),161390,2020/12,2008799,1758596
한국투자금융지주(주),071050,2020/12,,
한국프랜지공업(주),010100,2020/12,259364,249098
한국항공우주산업(주),047810,2020/12,3116348,3868424
한국화장품(주),123690,2020/12,28130,12205
한라아이엠에스(주),092460,2020/12,50302,47752
한미반도체(주),042700,2020/12,208594,70799
한미사이언스(주),008930,2020/12,8791,80388
한미약품(주),128940,2020/12,351236,960636
한성기업(주),003680,2020/12,103049,145267
한세실업(주),105630,2020/12,611734,441067
한세엠케이(주),069640,2020/12,72689,34608
한세예스24홀딩스(주),016450,2020/12,2609,85778
한솔로지스틱스(주),009180,2020/12,72079,110222
한솔아이원스(주),114810,2020/12,51001,107048
한솔인티큐브(주),070590,2020/12,34199,15557
한솔제지(주),213500,2020/12,496147,1016226
한솔테크닉스(주),004710,2020/12,184634,198957
한솔피엔에스(주),010420,2020/12,89360,63471
한솔홀딩스(주),004150,2020/12,56289,10439
한신공영(주),004960,2020/12,926898,1001405
한신기계공업(주),011700,2020/12,62676,11508
한양디지텍(주),078350,2020/12,31749,48564
한양이엔지(주),045100,2020/12,270596,158925
한양증권(주),001750,2020/12,,
한온시스템(주),018880,2020/12,1467877,3511775
한올바이오파마(주),009420,2020/12,129174,38699
한일단조공업(주),024740,2020/12,70844,112151
한일사료(주),005860,2020/12,41870,29177
한일시멘트(주),300720,2020/12,476442,705388
한일철강(주),002220,2020/12,58176,141868
한일현대시멘트(주),006390,2020/12,199827,307055
한일홀딩스(주),003300,2020/12,343469,486183
한일화학공업(주),007770,2020/12,82027,44553
한전산업개발(주),130660,2020/12,79162,78239
한전케이피에스(주),051600,2020/12,755454,296515
한창산업(주),079170,2020/12,39103,7611
한화생명보험(주),088350,2020/12,,
한화손해보험(주),000370,2020/12,,
한화솔루션(주),009830,2020/12,2092799,4902193
한화시스템(주),272210,2020/12,1677783,1657881
한화에어로스페이스(주),012450,2020/12,1553913,2645825
한화투자증권(주),003530,2020/12,,
해성디에스(주),195870,2020/12,173983,151407
해성산업(주),034810,2020/12,19168,217845
해성옵틱스(주),076610,2020/12,22360,45439
해태제과식품(주),101530,2020/12,116347,318016
핸즈코퍼레이션(주),143210,2020/12,203282,245510
헝셩그룹유한회사,900270,2020/12,,
현대건설(주),000720,2020/12,8124990,6360125
현대건설기계(주),267270,2020/12,1101501,1086821
현대글로비스(주),086280,2020/12,4613953,4827707
현대두산인프라코어(주),042670,2020/12,1543509,3679161
현대로템(주),064350,2020/12,2715283,2784254
현대모비스(주),012330,2020/12,15374153,7150182
현대무벡스(주),319400,2020/12,,
현대바이오사이언스(주),048410,2020/12,41545,40007
현대비앤지스틸(주),004560,2020/12,402475,217164
현대약품(주),004310,2020/11,80503,67361
현대에너지솔루션(주),322000,2020/12,312931,128234
현대에이치티(주),039010,2020/12,56380,22083
현대엘리베이터(주),017800,2020/12,924471,917153
현대오토에버(주),307950,2020/12,696449,414610
현대위아(주),011210,2020/12,2794344,2754474
현대일렉트릭앤에너지시스템(주),267260,2020/12,1306018,1388349
현대자동차(주),005380,2020/12,24612104,25063780
현대제철(주),004020,2020/12,7789956,16049823
현대중공업(주),329180,2020/12,6999258,8438871
현대차증권(주),001500,2020/12,,
현대코퍼레이션(주),011760,2020/12,436786,475905
현대코퍼레이션홀딩스(주),227840,2020/12,77631,33767
현대해상화재보험(주),001450,2020/12,,
현우산업(주),092300,2020/12,80020,98693
호전실업(주),111110,2020/12,152008,100836
화성밸브(주),039610,2020/12,59509,26956
화성산업(주),002460,2020/12,339511,133611
화일약품(주),061250,2020/12,106395,12816
화천기계(주),010660,2020/12,63210,26338
화천기공(주),000850,2020/12,127171,68958
환인제약(주),016580,2020/12,212723,32885
효성아이티엑스(주),094280,2020/12,56743,111798
효성중공업(주),298040,2020/12,956926,1982729
효성첨단소재(주),298050,2020/12,213796,727805
효성티앤씨(주),298020,2020/12,404059,735788
효성화학(주),298000,2020/12,270816,1094506
휴림네트웍스(주),192410,2020/12,60484,34140
휴림로봇(주),090710,2020/12,38639,53573
휴마시스(주),205470,2020/12,42484,19508
휴젤(주),145020,2020/12,552590,191023
흥구석유(주),024060,2020/12,27688,4121
흥국화재해상보험(주),000540,2020/12,,
흥아해운(주),003280,2020/12,51276,304929
