회사명,거래소코드,회계년도,부채비율,유동비율
(주)BNK금융지주,138930,2020/12,,
(주)CMG제약,058820,2020/12,7.85,1069.54
(주)DB하이텍,000990,2020/12,48.29,174.09
(주)ES큐브,050120,2020/12,12.4,90.15
(주)HJ중공업,097230,2020/12,583.21,103.45
(주)JB금융지주,175330,2020/12,,
(주)KB금융지주,105560,2020/12,,
(주)MH에탄올,023150,2020/12,69.27,117.69
(주)SH에너지화학,002360,2020/12,29.79,917.82
(주)SIMPAC,009160,2020/12,51.22,125.85
(주)SNT에너지,100840,2020/12,40.37,257.09
(주)SNT홀딩스,036530,2020/12,0.07,8808.28
(주)STX,011810,2020/12,1303.36,49.62
(주)TCC스틸,002710,2020/12,165.86,92.8
(주)가비아,079940,2020/12,68.07,80.56
(주)가온칩스,399720,2020/12,134.78,215.26
(주)강스템바이오텍,217730,2020/12,32.41,856.3
(주)강원랜드,035250,2020/12,12.06,452.28
(주)강원에너지,114190,2020/12,91.72,177.21
(주)갤럭시아에스엠,011420,2020/12,37.82,221.64
(주)경농,002100,2020/12,51.62,158.64
(주)경동나비엔,009450,2020/12,90.27,125.21
(주)경동도시가스,267290,2020/12,96.46,125.27
(주)경동인베스트,012320,2020/12,0.47,3110.59
(주)경방,000050,2020/12,59.64,30.22
(주)경보제약,214390,2020/12,62.27,147.38
(주)경인양행,012610,2020/12,101.53,107.54
(주)고려시멘트,198440,2020/12,24.88,367.97
(주)고바이오랩,348150,2020/12,2.85,26230.41
(주)고영테크놀러지,098460,2020/12,19.97,715.4
(주)골드앤에스,035290,2020/12,42.42,429.98
(주)골드퍼시픽,038530,2020/12,19.56,366.52
(주)골프존,215000,2020/12,52.27,147.28
(주)골프존뉴딘홀딩스,121440,2020/12,20.05,372.85
(주)공구우먼,366030,2020/12,12.82,440.35
(주)광림,014200,2020/12,58.57,66.64
(주)광명전기,017040,2020/12,51.25,205.86
(주)광무,029480,2020/12,53.17,191.88
(주)광주신세계,037710,2020/12,12.34,201.12
(주)구영테크,053270,2020/12,157.34,83.14
(주)국동,005320,2020/12,103.36,141.94
(주)국보,001140,2020/12,137.72,71.95
(주)국보디자인,066620,2020/12,63.17,98.2
(주)국순당,043650,2020/12,7.5,673.27
(주)국영지앤엠,006050,2020/12,37.28,215.19
(주)국전약품,307750,2020/12,79.34,179.07
(주)그래디언트,035080,2020/12,62.94,71.03
(주)그리티,204020,2020/12,12.72,745.48
(주)그린플러스,186230,2020/12,117.5,149.81
(주)글로벌스탠다드테크놀로지,083450,2020/12,22.81,370.18
(주)금비,008870,2020/09,89.94,85.44
(주)금양,001570,2020/12,245.3,78.92
(주)금호에이치티,214330,2020/12,46.97,173.94
(주)금화피에스시,036190,2020/12,11.04,568.01
(주)기가레인,049080,2020/12,98.2,205.88
(주)기산텔레콤,035460,2020/12,43.35,294.24
(주)까뮤이앤씨,013700,2020/12,100.83,105.83
(주)까스텔바작,308100,2020/12,25.19,798.04
(주)나노,187790,2020/12,61.52,123.82
(주)나노브릭,286750,2020/12,56.55,169.59
(주)나노신소재,121600,2020/12,15.51,718.63
(주)나노엔텍,039860,2020/12,13.48,845.27
(주)나래나노텍,137080,2020/12,176.25,62.99
(주)나무가,190510,2020/12,216.24,121.12
(주)나스미디어,089600,2020/12,115.73,155.21
(주)나이벡,138610,2020/12,66.71,571.7
(주)나이스디앤비,130580,2020/12,26.38,302.07
(주)나이스홀딩스,034310,2020/12,51.5,12.19
(주)나인테크,267320,2020/12,158.73,173.97
(주)남선알미늄,008350,2020/12,59.1,190.3
(주)남성,004270,2020/12,104.57,86.16
(주)내츄럴엔도텍,168330,2020/12,227.36,65.57
(주)네오리진,094860,2020/12,19.24,575.17
(주)네오셈,253590,2020/12,47.69,301.3
(주)네오오토,212560,2020/12,74.64,106.22
(주)네오위즈,095660,2020/12,14.14,340.12
(주)네오위즈홀딩스,042420,2020/12,0.37,36340.7
(주)네오이뮨텍,950220,2020/12,13.74,866.57
(주)네오크레마,311390,2020/12,18.91,1846.13
(주)네오티스,085910,2020/12,133.49,117.67
(주)네오팜,092730,2020/12,13.14,753.01
(주)네오펙트,290660,2020/12,83.45,89.64
(주)네온테크,306620,2020/12,113.86,102.01
(주)네이블커뮤니케이션즈,153460,2020/12,10.64,844.26
(주)네이처셀,007390,2020/12,36.8,274.57
(주)네패스,033640,2020/12,80.64,192.41
(주)네패스아크,330860,2020/12,103.94,183.36
(주)넥센,005720,2020/12,17.01,165.24
(주)넥스턴바이오사이언스,089140,2020/12,2.67,3228.57
(주)넥스트아이,137940,2020/12,37.25,160.47
(주)넥스트엔터테인먼트월드,160550,2020/12,64.74,81.97
(주)넥스트칩,396270,2020/12,,
(주)넥스틴,348210,2020/12,17.84,606.09
(주)넥슨게임즈,225570,2020/12,42.22,534.38
(주)넵튠,217270,2020/12,28.3,125.73
(주)노랑풍선,104620,2020/12,60.75,106.15
(주)노루페인트,090350,2020/12,94.44,116.03
(주)노루홀딩스,000320,2020/12,20.43,324.26
(주)노바렉스,194700,2020/12,85.89,172.41
(주)노바텍,285490,2020/12,12.96,736.14
(주)노블엠앤비,106520,2020/12,506.73,89.01
(주)노터스,278650,2020/12,33.98,173.4
(주)녹십자,006280,2020/12,69.3,188.14
(주)녹십자엠에스,142280,2020/12,78.43,150.47
(주)녹십자웰빙,234690,2020/12,37.91,254
(주)녹십자홀딩스,005250,2020/12,71.31,32.24
(주)녹원씨엔아이,065560,2020/12,64.95,64.86
(주)농심,004370,2020/12,25.8,157.85
(주)농심홀딩스,072710,2020/12,0.79,1323.32
(주)누리플랜,069140,2020/12,77.72,71.07
(주)누리플렉스,040160,2020/12,61.47,141.03
(주)누보,332290,2020/12,,
(주)뉴로메카,348340,2020/12,448.44,94.63
(주)뉴보텍,060260,2020/12,141.26,164.11
(주)뉴인텍,012340,2020/12,77.22,115.28
(주)뉴트리,270870,2020/12,35.87,360.79
(주)뉴파워프라즈마,144960,2020/12,61.83,271.98
(주)뉴프렉스,085670,2020/12,191.59,89.98
(주)다나와,119860,2020/12,10.14,899.43
(주)다날,064260,2020/12,99.42,220.46
(주)다보링크,340360,2020/12,,
(주)다산네트웍스,039560,2020/12,29.73,89.93
(주)다우기술,023590,2020/12,75.29,135.52
(주)다우데이타,032190,2020/12,161.91,95.07
(주)다원시스,068240,2020/12,162.53,112.33
(주)다이나믹디자인,145210,2020/12,128.15,177.75
(주)대교,019680,2020/12,39.58,129.98
(주)대구백화점,006370,2020/12,45.24,67.82
(주)대덕,008060,2020/12,0.78,3981.31
(주)대동,000490,2020/12,167.56,93.18
(주)대동스틸,048470,2020/12,27.71,345.59
(주)대륙제관,004780,2020/12,45.43,269.46
(주)대림제지,017650,2020/12,30.84,216.75
(주)대명소노시즌,007720,2020/12,42.14,296.23
(주)대성미생물연구소,036480,2020/12,71.47,518.92
(주)대성엘텍,025440,2020/12,210.1,105.18
(주)대성파인텍,104040,2020/12,61.33,112.52
(주)대성하이텍,129920,2020/12,274.72,133.38
(주)대양금속,009190,2020/12,53.44,259.26
(주)대우건설,047040,2020/12,254.38,113.35
(주)대웅,003090,2020/12,5.98,599.24
(주)대웅제약,069620,2020/12,106.02,128.7
(주)대원,007680,2020/12,57.81,215.89
(주)대유,290380,2020/12,43.16,327.94
(주)대유에이텍,002880,2020/12,243.81,46.59
(주)대유에이피,290120,2020/12,236.11,67.59
(주)대유플러스,000300,2020/12,114.44,63.93
(주)대창,012800,2020/12,149.32,95.93
(주)대창솔루션,096350,2020/12,154.71,59.6
(주)대창스틸,140520,2020/12,164.3,52.34
(주)대한과학,131220,2020/12,25.99,280.72
(주)대한항공,003490,2020/12,634.47,47.46
(주)대현,016090,2020/12,24.26,363.66
(주)대호에이엘,069460,2020/12,269.02,78.59
(주)대호특수강,021040,2020/12,131.81,131.52
(주)더 미동,161570,2020/12,8.17,826.38
(주)더네이쳐홀딩스,298540,2020/12,56.53,298.73
(주)더블유게임즈,192080,2020/12,6.1,380.23
(주)더블유아이,073570,2020/12,28.89,339.13
(주)더블유에스아이,299170,2020/12,12.17,1311
(주)더존비즈온,012510,2020/12,103.03,101.56
(주)더코디,224060,2020/12,22.49,110.11
(주)덕산테코피아,317330,2020/12,7.19,715.81
(주)덕성,004830,2020/12,59.11,176.76
(주)덕신하우징,090410,2020/12,76.85,146.43
(주)데이타솔루션,263800,2020/12,170.06,136.36
(주)덱스터스튜디오,206560,2020/12,19.66,420.75
(주)덴티스,261200,2020/12,189.71,100.84
(주)덴티움,145720,2020/12,120.88,89.37
(주)도화엔지니어링,002150,2020/12,65.19,118.75
(주)동구바이오제약,006620,2020/12,52.51,178.61
(주)동국알앤에스,075970,2020/12,60.87,155.21
(주)동국에스엔씨,100130,2020/12,19.83,369.09
(주)동남합성,023450,2020/12,65.86,101.15
(주)동방,004140,2020/12,383.74,50.12
(주)동방선기,099410,2020/12,15.51,583.58
(주)동방아그로,007590,2020/12,38.51,412.76
(주)동서,026960,2020/12,8.79,1494.65
(주)동성케미컬,102260,2020/12,50.07,75.3
(주)동성화인텍,033500,2020/12,119.56,103.39
(주)동아엘텍,088130,2020/12,22.58,345.77
(주)동아지질,028100,2020/12,74.71,179.02
(주)동양,001520,2020/12,16.84,206.03
(주)동양고속,084670,2020/12,57,18.56
(주)동양에스텍,060380,2020/12,77.92,190.89
(주)동우팜투테이블,088910,2020/12,35.95,431.88
(주)동운아나텍,094170,2020/12,135.04,278.95
(주)동원개발,013120,2020/12,18.23,711.58
(주)동원에프앤비,049770,2020/12,101.04,245.12
(주)동일기연,032960,2020/12,6.62,1146.59
(주)동진쎄미켐,005290,2020/12,105.81,113.14
(주)두산,000150,2020/12,104.04,76.37
(주)두산테스나,131970,2020/12,103.78,41.53
(주)두올,016740,2020/12,74.39,188.99
(주)듀오백,073190,2020/12,22.88,269.92
(주)드래곤플라이,030350,2020/12,189.38,78.33
(주)드림시큐리티,203650,2020/12,24.25,94.61
(주)드림씨아이에스,223250,2020/12,33.26,365.9
(주)드림어스컴퍼니,060570,2020/12,77.99,198.51
(주)드림텍,192650,2020/12,37.34,146.03
(주)디딤,217620,2020/12,1471.61,55.37
(주)디모아,016670,2020/12,109.66,81.26
(주)디바이스이엔지,187870,2020/12,59.42,221.91
(주)디비아이엔씨,012030,2020/12,44.96,57.87
(주)디스플레이테크,066670,2020/12,10.03,567.36
(주)디아이,003160,2020/12,63.21,147.97
(주)디아이씨,092200,2020/12,4908.25,36.56
(주)디아크,078590,2020/12,318.17,14.12
(주)디알비동일,004840,2020/12,50.3,120.73
(주)디알젬,263690,2020/12,37.88,306.31
(주)디알텍,214680,2020/12,145.39,214.06
(주)디앤씨미디어,263720,2020/12,20.56,539.89
(주)디어유,376300,2020/12,,
(주)디에스앤엘,141020,2020/12,0,0.39
(주)디에스케이,109740,2020/12,38.59,148.37
(주)디에이테크놀로지,196490,2020/12,21.86,310.8
(주)디에이피,066900,2020/12,113.39,100.49
(주)디엔에이링크,127120,2020/12,39.75,313.38
(주)디엔에프,092070,2020/12,13.6,298.05
(주)디엔오토모티브,007340,2020/12,8.41,279.71
(주)디엠에스,068790,2020/12,75.36,134.07
(주)디오,039840,2020/12,79.7,159.17
(주)디와이디,219550,2020/12,19.72,533.53
(주)디이엔티,079810,2020/12,103.09,150.21
(주)디지비금융지주,139130,2020/12,,
(주)디지아이,043360,2020/12,10.87,608.8
(주)디지캡,197140,2020/12,43.35,84.97
(주)디지털대성,068930,2020/12,57.14,59.33
(주)디지틀조선일보,033130,2020/12,7.41,906.52
(주)디케이앤디,263020,2020/12,15.74,413.91
(주)디케이티,290550,2020/12,20.83,461.33
(주)디티앤씨,187220,2020/12,87.22,66.97
(주)딜리,131180,2020/12,10.93,886.96
(주)딥노이드,315640,2020/12,0,864.52
(주)라닉스,317120,2020/12,88.38,467.01
(주)라온테크,232680,2020/12,451.18,114.02
(주)라이온켐텍,171120,2020/12,23.48,267.92
(주)라이트론,069540,2020/12,38.02,317.7
(주)라이프시맨틱스,347700,2020/12,336.41,226.76
(주)라파스,214260,2020/12,24.53,620.59
(주)락앤락,115390,2020/12,13.93,242.91
(주)래몽래인,200350,2020/12,15.81,573.11
(주)랩지노믹스,084650,2020/12,33.64,318.4
(주)러셀,217500,2020/12,7.23,1166.03
(주)레고켐바이오사이언스,141080,2020/12,21.21,713.89
(주)레드캡투어,038390,2020/12,168.63,21.4
(주)레몬,294140,2020/12,63.96,74.43
(주)레이,228670,2020/12,29.68,412.57
(주)레이언스,228850,2020/12,7.94,1393.04
(주)레이크머티리얼즈,281740,2020/12,122.83,105.48
(주)레인보우로보틱스,277810,2020/12,73.35,163.17
(주)로보로보,215100,2020/12,5.02,1388.89
(주)로보스타,090360,2020/12,72,178.91
(주)로보티즈,108490,2020/12,15.1,4527.54
(주)로지시스,067730,2020/12,46.49,281.03
(주)루닛,328130,2020/12,0,14.35
(주)루멘스,038060,2020/12,80.14,113.59
(주)루트로닉,085370,2020/12,66.44,219.95
(주)룽투코리아,060240,2020/12,7.5,955.37
(주)리노스,039980,2020/12,25.52,467.7
(주)리더스기술투자,019570,2020/03,,
(주)리더스코스메틱,016100,2020/12,172.26,25.04
(주)리드코프,012700,2020/12,141.45,77.99
(주)리메드,302550,2020/12,194.45,1041.68
(주)리파인,377450,2020/12,37.03,343.23
(주)링네트,042500,2020/12,79.32,204.54
(주)링크제니시스,219420,2020/12,25.32,451.29
(주)마니커,027740,2020/12,164.39,53.33
(주)마니커에프앤지,195500,2020/12,110.29,187.86
(주)마이크로디지탈,305090,2020/12,172.16,128.22
(주)마이크로컨텍솔루션,098120,2020/12,22.81,364.44
(주)마이크로프랜드,147760,2020/12,38.39,234.38
(주)마인즈랩,377480,2020/12,0,41.65
(주)마크로밀엠브레인,169330,2020/06,45.88,349.16
(주)마크로젠,038290,2020/12,54.58,170.09
(주)매직마이크로,127160,2020/12,266.48,57.75
(주)매커스,093520,2020/12,64.84,201.5
(주)맥스트,377030,2020/12,,
(주)머큐리,100590,2020/12,57.27,219.84
(주)멀티캠퍼스,067280,2020/12,63.15,167.83
(주)메드팩토,235980,2020/12,4.94,1989.92
(주)메디아나,041920,2020/12,12.34,676.93
(주)메디콕스,054180,2020/12,128.5,16.39
(주)메디톡스,086900,2020/12,93.9,100.95
(주)메디프론디비티,065650,2020/12,61.69,110.38
(주)메리츠금융지주,138040,2020/12,,
(주)메지온,140410,2020/12,25.61,505.06
(주)메카로,241770,2020/12,9.84,664.33
(주)메타랩스,090370,2020/12,21.68,151.43
(주)메타바이오메드,059210,2020/12,104.73,108.59
(주)멕아이씨에스,058110,2020/12,71.63,273.18
(주)멜파스,096640,2020/12,97.94,30.08
(주)모나리자,012690,2020/12,28.23,281.52
(주)모나미,005360,2020/12,114.08,70.81
(주)모다이노칩,080420,2020/12,119.76,52.65
(주)모두투어네트워크,080160,2020/12,129.68,262.32
(주)모베이스,101330,2020/12,29.37,260.89
(주)모베이스전자,012860,2020/12,293.31,76.4
(주)모비데이즈,363260,2020/12,,
(주)모비릭스,348030,2020/12,16.31,689.41
(주)모비스,250060,2020/12,30.1,128.21
(주)모아데이타,288980,2020/12,242.4,138.03
(주)모아텍,033200,2020/03,6.76,1369.79
(주)모코엠시스,333050,2020/12,,
(주)모토닉,009680,2020/12,6.74,1560.33
(주)모헨즈,006920,2020/12,53.84,152.01
(주)무학,033920,2020/12,13.92,123.29
(주)미래생명자원,218150,2020/12,10.77,642.01
(주)미래아이앤지,007120,2020/12,3.2,3486.59
(주)미래컴퍼니,049950,2020/12,26.62,262.93
(주)미코,059090,2020/12,162.89,76.53
(주)미코바이오메드,214610,2020/12,26.02,649.75
(주)미투온,201490,2020/12,58.35,19.22
(주)바른손,018700,2020/03,12.07,364.62
(주)바른손이앤에이,035620,2020/12,22.91,308.93
(주)바른전자,064520,2020/12,24.76,226.23
(주)바이넥스,053030,2020/12,55.03,432.29
(주)바이브컴퍼니,301300,2020/12,84.03,167.03
(주)바이오니아,064550,2020/12,27.92,260.7
(주)바이오다인,314930,2020/12,260.53,119.93
(주)바이오로그디바이스,208710,2020/12,218.89,128.57
(주)바이오솔루션,086820,2020/12,6.72,2013.57
(주)바이오스마트,038460,2020/12,13.74,271.18
(주)바이오에프디엔씨,251120,2020/12,41.86,228.95
(주)바이오톡스텍,086040,2020/12,86.88,100.07
(주)바텍,043150,2020/12,37.86,278.05
(주)박셀바이오,323990,2020/12,2.39,3228.99
(주)방림,003610,2020/09,16.21,585.12
(주)배럴,267790,2020/12,22.53,744.56
(주)백금티앤에이,046310,2020/12,75.58,135.53
(주)백산,035150,2020/12,80.1,119.74
(주)밸로프,331520,2020/12,,
(주)버킷스튜디오,066410,2020/12,47.57,135.24
(주)베노홀딩스,206400,2020/12,45.64,234.62
(주)베셀,177350,2020/12,155.6,73.9
(주)베스파,299910,2020/12,46.06,206.28
(주)벽산,007210,2020/12,63.5,93.6
(주)보광산업,225530,2020/12,69.79,228.67
(주)보라티알,250000,2020/12,49.41,200.56
(주)보락,002760,2020/12,22.97,419.3
(주)보령,003850,2020/12,86.69,265.18
(주)본느,226340,2020/12,57.29,211.09
(주)부-스타,008470,2020/12,21.43,425.95
(주)부방,014470,2020/12,7.27,477.58
(주)뷰노,338220,2020/12,0,59.05
(주)뷰웍스,100120,2020/12,14,465.84
(주)브랜드엑스코퍼레이션,337930,2020/12,19.29,556.53
(주)브리지텍,064480,2020/12,26.58,281.19
(주)브이씨,365900,2020/12,88.02,235.57
(주)브이원텍,251630,2020/12,10.6,623.63
(주)브이티지엠피,018290,2020/12,81.65,118.34
(주)블루베리엔에프티,044480,2020/12,40.88,133.28
(주)블루콤,033560,2020/12,9.49,356.36
(주)블리츠웨이,369370,2020/12,,
(주)비덴트,121800,2020/12,20.81,227.74
(주)비보존헬스케어,082800,2020/12,84.04,113.07
(주)비비안,002070,2020/12,108.55,304.46
(주)비상교육,100220,2020/12,25.84,238.81
(주)비스토스,419540,2020/12,28.48,407.65
(주)비씨월드제약,200780,2020/12,71.08,115.89
(주)비아트론,141000,2020/12,26.65,323.1
(주)비에이치,090460,2020/12,62.81,195.76
(주)비엔지티,032790,2020/12,47.56,190.17
(주)비엘,142760,2020/12,56.98,103.92
(주)비엘팜텍,065170,2020/12,12.68,720.39
(주)비엠티,086670,2020/12,97.78,151.34
(주)비올,335890,2020/12,19.72,1048.32
(주)비와이씨,001460,2020/12,49.19,100.24
(주)비즈니스온커뮤니케이션,138580,2020/12,6.45,770.72
(주)비지에프,027410,2020/12,2.73,4111.19
(주)비지에프리테일,282330,2020/12,243.77,82.03
(주)비츠로셀,082920,2020/12,20.71,886.36
(주)비츠로시스,054220,2020/03,0,1.72
(주)비츠로테크,042370,2020/12,34.75,91.68
(주)비케이홀딩스,050090,2020/12,59.05,261.06
(주)비투엔,307870,2020/12,,
(주)비트나인,357880,2020/12,0,47.58
(주)비트컴퓨터,032850,2020/12,28.67,205.3
(주)비피도,238200,2020/12,14.89,584.26
(주)빅솔론,093190,2020/12,9.76,1089.8
(주)빅텍,065450,2020/12,115.73,140.06
(주)빙그레,005180,2020/12,21.02,262.83
(주)사람인에이치알,143240,2020/12,14.58,464.51
(주)사조대림,003960,2020/12,96.64,115.88
(주)사조오양,006090,2020/12,72.49,115.32
(주)산돌,419120,2020/12,,
(주)삼기,122350,2020/12,195.01,69.15
(주)삼보판지,023600,2020/12,27.47,127.77
(주)삼성출판사,068290,2020/12,20.3,600.71
(주)삼양사,145990,2020/12,82.39,222.2
(주)삼양옵틱스,225190,2020/12,26.15,615.56
(주)삼양패키징,272550,2020/12,83.43,111.88
(주)삼양홀딩스,000070,2020/12,16.9,1018.4
(주)삼에스코리아,060310,2020/03,49.01,137.61
(주)삼영에스앤씨,361670,2020/12,25.62,620.54
(주)삼원강재,023000,2020/12,21.25,330.95
(주)삼익악기,002450,2020/12,106.91,47.1
(주)삼일,032280,2020/12,85.03,60.31
(주)삼일기업공사,002290,2020/12,13.68,820.92
(주)삼일씨엔에스,004440,2020/12,17.68,322.17
(주)삼진,032750,2020/12,18.93,391.44
(주)삼진엘앤디,054090,2020/12,52.77,132.44
(주)삼천리,004690,2020/12,116.61,170.47
(주)삼표시멘트,038500,2020/12,83.24,80.03
(주)삼화네트웍스,046390,2020/12,17.5,1461.64
(주)상보,027580,2020/12,147.87,73.03
(주)상상인,038540,2020/12,10.56,162.87
(주)상상인인더스트리,101000,2020/12,58.27,332.02
(주)상상인증권,001290,2020/12,,
(주)상아프론테크,089980,2020/12,53.94,257.5
(주)상지카일룸,042940,2020/12,76.68,133.49
(주)새로닉스,042600,2020/12,71.07,71.64
(주)새빗켐,107600,2020/12,71.64,139.43
(주)샘씨엔에스,252990,2020/12,90.94,93.01
(주)샤페론,378800,2020/12,0,35.88
(주)서남,294630,2020/12,32.63,450.17
(주)서린바이오사이언스,038070,2020/12,26.38,312.53
(주)서부티엔디,006730,2020/12,180.73,46.9
(주)서산,079650,2020/12,13.73,724.12
(주)서연,007860,2020/12,1.11,1914.12
(주)서연이화,200880,2020/12,84.25,98.9
(주)서연탑메탈,019770,2020/12,82.66,146.64
(주)서울리거,043710,2020/12,57.23,176.68
(주)서울옥션,063170,2020/12,152.63,196.94
(주)서울제약,018680,2020/12,125.59,140.58
(주)서원,021050,2020/12,133,93.49
(주)서원인텍,093920,2020/12,9.7,885.75
(주)서전기전,189860,2020/12,40.24,159.07
(주)서진시스템,178320,2020/12,130.51,137.16
(주)서진오토모티브,122690,2020/12,297.39,36.36
(주)서플러스글로벌,140070,2020/12,62.38,282.77
(주)서한,011370,2020/12,70.96,358.93
(주)서흥,008490,2020/12,74.26,125.26
(주)서희건설,035890,2020/12,92.22,174.47
(주)석경에이티,357550,2020/12,30.47,357.65
(주)선광,003100,2020/12,36.59,72.35
(주)선앤엘,002820,2020/12,108.06,70.65
(주)선익시스템,171090,2020/12,17.3,402.98
(주)선진,136490,2020/12,108.01,71.63
(주)성광벤드,014620,2020/12,7.75,1467.21
(주)성도이엔지,037350,2020/12,74,112.01
(주)성안,011300,2020/12,110.02,50.12
(주)성우하이텍,015750,2020/12,85.82,124.48
(주)성창오토텍,080470,2020/12,113.01,143.58
(주)세경하이테크,148150,2020/12,42.38,283.86
(주)세동,053060,2020/12,0,48.48
(주)세림비앤지,340440,2020/12,,
(주)세보엠이씨,011560,2020/12,102.85,166.59
(주)세아메카닉스,396300,2020/12,41.52,224.92
(주)세아베스틸지주,001430,2020/12,77.02,147.57
(주)세아제강,306200,2020/12,76.74,215.79
(주)세아제강지주,003030,2020/12,8.61,25.44
(주)세아특수강,019440,2020/12,39.28,319.05
(주)세아홀딩스,058650,2020/12,13.63,4.85
(주)세우글로벌,013000,2020/12,9.57,958.95
(주)세운메디칼,100700,2020/12,9.31,679.85
(주)세원물산,024830,2020/12,53.67,84.72
(주)세원정공,021820,2020/06,13.24,1011.31
(주)세이브존아이앤씨,067830,2020/12,23.74,121.54
(주)세종메디칼,258830,2020/12,4.97,1005.74
(주)세중,039310,2020/12,11.92,483.81
(주)세진중공업,075580,2020/12,145.95,70.72
(주)세진티에스,067770,2020/12,4.45,1479.42
(주)세코닉스,053450,2020/12,332.67,71.93
(주)세토피아,222810,2020/12,17.52,406.16
(주)세화피앤씨,252500,2020/12,12.34,633.55
(주)센코,347000,2020/12,25.39,662.47
(주)센트랄모텍,308170,2020/12,148.55,70.82
(주)센트럴인사이트,012600,2020/12,126.21,67.32
(주)셀레믹스,331920,2020/12,4.23,2477.21
(주)셀루메드,049180,2020/12,63.71,122.42
(주)셀리드,299660,2020/12,4.45,1242.97
(주)셀리버리,268600,2020/12,57.62,4332.91
(주)셀바스에이아이,108860,2020/12,45.42,196.98
(주)셀바스헬스케어,208370,2020/12,76.41,155.71
(주)셀트리온,068270,2020/12,39.75,254.75
(주)셀트리온제약,068760,2020/12,82.35,124.87
(주)셀트리온헬스케어,091990,2020/12,79.24,214.12
(주)셀피글로벌,068940,2020/12,108.52,195.96
(주)소룩스,290690,2020/12,54.78,172.54
(주)소마젠,950200,2020/12,35.88,357.97
(주)소프트센,032680,2020/12,59.85,186.89
(주)손오공,066910,2020/12,127.27,169.2
(주)솔고바이오메디칼,043100,2020/12,55.77,135.51
(주)솔루에타,154040,2020/12,73.2,86.45
(주)솔루엠,248070,2020/12,222.62,98.33
(주)솔본,035610,2020/12,2.11,2604.06
(주)솔트룩스,304100,2020/12,9.34,804.58
(주)쇼박스,086980,2020/12,11.83,794.35
(주)수산아이앤티,050960,2020/12,5.16,886.36
(주)수산인더스트리,126720,2020/12,19.21,322.01
(주)수산중공업,017550,2020/12,61.94,64.87
(주)수젠텍,253840,2020/12,14.53,821.31
(주)슈프리마,236200,2020/12,5.18,1155.83
(주)슈프리마아이디,317770,2020/12,4.88,2243.08
(주)슈프리마에이치큐,094840,2020/12,5.13,1787.58
(주)슈피겐코리아,192440,2020/12,15.44,438.02
(주)스마트솔루션즈,136510,2020/12,72.4,119.15
(주)스맥,099440,2020/12,135.43,127.86
(주)스카이문스테크놀로지,033790,2020/12,33.71,192.5
(주)스코넥엔터테인먼트,276040,2020/12,0,39.84
(주)스킨앤스킨,159910,2020/12,47.65,253.45
(주)스타플렉스,115570,2020/12,115.06,75.71
(주)스튜디오산타클로스엔터테인먼트,204630,2020/12,87.51,90.73
(주)스페코,013810,2020/12,77.16,78.66
(주)승일,049830,2020/12,23.14,262.12
(주)시공테크,020710,2020/12,39.61,159.51
(주)시너지이노베이션,048870,2020/12,59.04,42.56
(주)시노펙스,025320,2020/12,55.9,82.74
(주)시디즈,134790,2020/12,96.31,143.78
(주)시스웍,269620,2020/12,61.77,155.39
(주)시큐브,131090,2020/12,12.14,773.86
(주)시티랩스,139050,2020/12,78.9,34.79
(주)신도기연,290520,2020/12,32.8,252.79
(주)신도리코,029530,2020/12,7.16,1296.86
(주)신성이엔지,011930,2020/12,107.91,74.65
(주)신세계,004170,2020/12,108.94,24.3
(주)신세계아이앤씨,035510,2020/12,34.23,226.03
(주)신세계인터내셔날,031430,2020/12,83.23,131.74
(주)신세계푸드,031440,2020/12,208.57,95.45
(주)신영와코루,005800,2020/12,17.47,389.72
(주)신원,009270,2020/12,124.49,176.5
(주)신진에스엠,138070,2020/12,43.78,312.44
(주)신테카바이오,226330,2020/12,7.79,4004
(주)신한금융지주회사,055550,2020/12,,
(주)신화다이나믹스,001770,2020/12,85.53,182.81
(주)신화콘텍,187270,2020/12,85.66,121.95
(주)신흥,004080,2020/12,52.81,128.6
(주)실리콘투,257720,2020/12,38.66,254.5
(주)심텍,222800,2020/12,204.59,52.6
(주)심텍홀딩스,036710,2020/12,3.2,24.53
(주)싸이맥스,160980,2020/12,40.7,212.91
(주)싸이버원,356890,2020/12,18.22,360.76
(주)싸이토젠,217330,2020/12,54.39,1914.29
(주)쌍방울,102280,2020/12,61.03,86.91
(주)썸에이지,208640,2020/12,13.82,710.73
(주)쎄노텍,222420,2020/12,189.05,109.69
(주)쎄니트,037760,2020/12,86.72,79.89
(주)쎄트렉아이,099320,2020/12,38.8,226.59
(주)쎌마테라퓨틱스,015540,2020/12,4215.44,84.44
(주)쎌바이오텍,049960,2020/12,3.3,1940.63
(주)쏘카,403550,2020/12,296.32,95.58
(주)쏠리드,050890,2020/12,122.82,78.39
(주)씨씨에스충북방송,066790,2020/12,31.11,225.42
(주)씨아이테크,004920,2020/12,77.82,37.72
(주)씨앤씨인터내셔널,352480,2020/12,171.51,86.9
(주)씨앤투스성진,352700,2020/12,72.77,148.75
(주)씨에스,065770,2020/12,27.77,392.12
(주)씨에스에이코스믹,083660,2020/12,180.85,111.36
(주)씨엔알리서치,359090,2020/12,,
(주)씨엔플러스,115530,2020/12,115.35,96.52
(주)씨유메디칼시스템,115480,2020/12,73.62,145.77
(주)씨이랩,189330,2020/12,280.37,116.75
(주)씨제이이엔엠,035760,2020/12,58.25,95.57
(주)씨젠,096530,2020/12,60.07,234.74
(주)씨티씨바이오,060590,2020/12,95.52,108.18
(주)씨티케이,260930,2020/12,12.97,420.49
(주)아가방앤컴퍼니,013990,2020/12,39.35,214.32
(주)아나패스,123860,2020/12,396.9,114.42
(주)아난티,025980,2020/12,79.54,69.07
(주)아리온테크놀로지,058220,2020/12,0,42.82
(주)아모그린텍,125210,2020/12,167.76,132.58
(주)아모레퍼시픽,090430,2020/12,10.85,404.39
(주)아모레퍼시픽그룹,002790,2020/12,2.87,1964.79
(주)아모센스,357580,2020/12,351.11,95.38
(주)아모텍,052710,2020/12,128.27,90.1
(주)아미노로직스,074430,2020/12,12.26,584.56
(주)아바코,083930,2020/12,45.74,226.32
(주)아바텍,149950,2020/12,7.69,408.93
(주)아세아텍,050860,2020/06,38,253.38
(주)아센디오,012170,2020/12,30.75,317.77
(주)아셈스,136410,2020/12,97.46,128.13
(주)아스타,246720,2020/12,28.95,613.13
(주)아스트,067390,2020/12,131.98,112.04
(주)아스플로,159010,2020/12,153.57,102.11
(주)아시아경제,127710,2020/12,35.3,190
(주)아우딘퓨쳐스,227610,2020/12,148.75,132.43
(주)아이디스,143160,2020/12,12.73,670.07
(주)아이디스홀딩스,054800,2020/12,68.05,37.91
(주)아이마켓코리아,122900,2020/12,110.68,150.58
(주)아이비김영,339950,2020/12,63.84,114.02
(주)아이센스,099190,2020/12,31.36,532.53
(주)아이스크림에듀,289010,2020/12,36.15,302.25
(주)아이씨디,040910,2020/12,27.64,331.31
(주)아이씨에이치,368600,2020/12,206.62,98.69
(주)아이앤씨테크놀로지,052860,2020/12,29.43,182.72
(주)아이에스시,095340,2020/12,27.34,177.88
(주)아이에스이커머스,069920,2020/12,131.8,92.97
(주)아이에이,038880,2020/12,27.27,95.31
(주)아이에이치큐,003560,2020/12,22.61,592.95
(주)아이엘사이언스,307180,2020/12,325.51,66.37
(주)아이엠,101390,2020/12,300.43,96.1
(주)아이엠비씨,052220,2020/12,22.4,138.32
(주)아이오케이컴퍼니,078860,2020/12,46.74,142.24
(주)아이윈,090150,2020/12,112.52,115.77
(주)아이윈플러스,123010,2020/12,65.96,141.8
(주)아이즈비전,031310,2020/12,18.59,1357.19
(주)아이컴포넌트,059100,2020/12,59.22,177.45
(주)아이퀘스트,262840,2020/12,48.48,383.04
(주)아이톡시,052770,2020/12,91.33,143.77
(주)아이티센,124500,2020/12,95.05,25.22
(주)아이티아이즈,372800,2020/12,230.85,138.15
(주)아이티엑스에이아이,099520,2020/12,104.51,163.23
(주)아이티엠반도체,084850,2020/12,43.38,239.73
(주)아이패밀리에스씨,114840,2020/12,100.37,208.02
(주)아즈텍더블유비이,032080,2020/12,27.27,235.18
(주)아진엑스텍,059120,2020/12,11.98,707.26
(주)아톤,158430,2020/12,13.24,1113.39
(주)아프리카티비,067160,2020/12,89.25,153.79
(주)안랩,053800,2020/12,28.64,344.03
(주)안트로젠,065660,2020/12,16.21,469.73
(주)알로이스,297570,2020/12,31.54,493.89
(주)알루코,001780,2020/12,97.1,142.31
(주)알비더블유,361570,2020/12,193.98,114.17
(주)알에프세미,096610,2020/12,126.35,123.25
(주)알에프텍,061040,2020/12,57.86,177.08
(주)알엔투테크놀로지,148250,2020/12,54.13,174.75
(주)알체라,347860,2020/12,9.68,1641.82
(주)알테오젠,196170,2020/12,6.37,1591.3
(주)알톤스포츠,123750,2020/12,22.14,519.73
(주)알티캐스트,085810,2020/12,35.84,244.4
(주)알파홀딩스,117670,2020/12,80.47,94.8
(주)압타머사이언스,291650,2020/12,4.97,5951.03
(주)애니플러스,310200,2020/12,40.61,197.89
(주)애드바이오텍,179530,2020/12,100.92,130.47
(주)액션스퀘어,205500,2020/12,20.96,710.01
(주)액토즈소프트,052790,2020/12,10.61,664.58
(주)액트로,290740,2020/12,10.05,1010.36
(주)앤디포스,238090,2020/12,20.95,447.7
(주)앤씨앤,092600,2020/12,76.9,327.64
(주)앱코,129890,2020/12,85.36,236.99
(주)야스,255440,2020/12,22.42,286.43
(주)양지사,030960,2020/06,26.18,105.22
(주)어스앤에어로스페이스,263540,2020/12,25729.81,66.89
(주)얼라인드제네틱스,238120,2020/12,17.77,1401.82
(주)에너토크,019990,2020/12,13.04,1117.48
(주)에넥스,011090,2020/12,150.97,117.59
(주)에스디생명공학,217480,2020/12,59.41,151.21
(주)에스디시스템,121890,2020/12,120.96,124.03
(주)에스비비테크,389500,2020/12,742.79,55.25
(주)에스비에스,034120,2020/12,106.78,236.86
(주)에스비에스콘텐츠허브,046140,2020/12,29.18,347.07
(주)에스씨디,042110,2020/12,50.91,248.32
(주)에스아이리소스,065420,2020/12,14.14,482.46
(주)에스앤더블류,103230,2020/12,33.52,265.75
(주)에스앤디,260970,2020/12,33.86,308.76
(주)에스앤에스텍,101490,2020/12,13.04,545.61
(주)에스에너지,095910,2020/12,74.64,154.82
(주)에스에스알,275630,2020/12,10.45,986.14
(주)에스에이엠티,031330,2020/12,43.7,262.8
(주)에스에이티,060540,2020/12,8.48,446.32
(주)에스에이티이엔지,351320,2020/12,,
(주)에스에프에이,056190,2020/12,26.2,288.86
(주)에스에프에이반도체,036540,2020/12,79.56,186.58
(주)에스엘바이오닉스,214310,2020/12,39.24,105.7
(주)에스엠라이프디자인그룹,063440,2020/12,11.48,833.74
(주)에스엠벡셀,010580,2020/12,568.59,28.43
(주)에스엠엔터테인먼트,041510,2020/12,43.3,134.26
(주)에스엠컬처앤콘텐츠,048550,2020/12,191.74,114.74
(주)에스엠코어,007820,2020/12,33.08,353.1
(주)에스원,012750,2020/12,35.5,194.22
(주)에스제이그룹,306040,2020/12,47.37,482.06
(주)에스제이엠,123700,2020/12,13.68,479.14
(주)에스제이엠홀딩스,025530,2020/12,9.27,108.31
(주)에스지글로벌,001380,2020/12,51.43,172.37
(주)에스지세계물산,004060,2020/12,35.01,211.18
(주)에스지엔지,040610,2020/12,46.6,31.95
(주)에스코넥,096630,2020/12,106.42,118.21
(주)에스텍파마,041910,2020/12,10.58,690.7
(주)에스티아이,039440,2020/12,36.2,207.82
(주)에스티오,098660,2020/12,116.6,165.75
(주)에스티큐브,052020,2020/12,28.51,787.45
(주)에스폴리텍,050760,2020/12,94.86,145.48
(주)에스피시스템스,317830,2020/12,70.48,164.14
(주)에스피씨삼립,005610,2020/12,217.03,51.96
(주)에스피지,058610,2020/12,114.22,113.02
(주)에쎈테크,043340,2020/12,125.56,152.48
(주)에이디칩스,054630,2020/12,65.28,373.37
(주)에이디테크놀로지,200710,2020/12,46.84,207.28
(주)에이루트,096690,2020/12,19.69,389.22
(주)에이블씨엔씨,078520,2020/12,41.46,232.68
(주)에이비프로바이오,195990,2020/12,10.65,597.02
(주)에이스침대,003800,2020/12,13.54,195.49
(주)에이스테크놀로지,088800,2020/12,218.24,141.91
(주)에이스토리,241840,2020/12,79.64,192.53
(주)에이엔피,015260,2020/12,155.39,118.21
(주)에이치비테크놀러지,078150,2020/12,33.89,208.5
(주)에이치시티,072990,2020/12,42.05,115.01
(주)에이치알에스,036640,2020/12,12.43,354.87
(주)에이치앤비디자인,227100,2020/12,511.08,107.04
(주)에이치엘사이언스,239610,2020/12,11.71,777
(주)에이치와이티씨,148930,2020/12,126.58,384.3
(주)에이치케이,044780,2020/12,63.39,157.08
(주)에이치피에스피,403870,2020/12,44.69,313.98
(주)에이치피오,357230,2020/12,20.2,255.57
(주)에이텍,045660,2020/12,16.4,304.99
(주)에이텍티앤,224110,2020/12,26.37,103.06
(주)에이트원,230980,2020/12,79.06,81.76
(주)에이티넘인베스트먼트,021080,2020/12,,
(주)에이티세미콘,089530,2020/12,320.03,16.19
(주)에이팩트,200470,2020/12,93.94,54.25
(주)에이프로,262260,2020/12,26.03,364.31
(주)에이프로젠,007460,2020/12,80.18,77
(주)에이프로젠헬스케어앤게임즈,109960,2020/12,2.18,3027.17
(주)에이프릴바이오,397030,2020/12,0,54.48
(주)에이플러스에셋어드바이저,244920,2020/12,67.24,133.51
(주)에치에프알,230240,2020/12,75.28,162.98
(주)에코마케팅,230360,2020/12,27.82,371.04
(주)에코프로,086520,2020/12,35.02,84.17
(주)에코프로비엠,247540,2020/12,73.84,145.69
(주)에프알텍,073540,2020/12,112.26,79.07
(주)에프앤가이드,064850,2020/12,25.11,316.81
(주)에프앤리퍼블릭,064090,2020/12,286.13,72.85
(주)에프앤에프홀딩스,007700,2020/12,41.39,239.33
(주)에프에스엔,214270,2020/12,75.66,56.94
(주)에프에스티,036810,2020/12,67.67,143.09
(주)에프엔씨엔터테인먼트,173940,2020/12,117.7,202.68
(주)엑사이엔씨,054940,2020/12,185.62,98.12
(주)엑서지21,043090,2020/12,6.15,1466.47
(주)엑세스바이오인코퍼레이션,950130,2020/12,51.85,208.9
(주)엑셈,205100,2020/12,9.72,661.53
(주)엑시콘,092870,2020/12,20.05,267.3
(주)엔바이오니아,317870,2020/12,45.81,364.5
(주)엔비티,236810,2020/12,57.07,153.43
(주)엔시스,333620,2020/12,87.06,172.5
(주)엔씨소프트,036570,2020/12,24.73,571.67
(주)엔아이스틸,008260,2020/12,136.64,39.38
(주)엔에스,217820,2020/12,138.07,135.48
(주)엔에스엔,031860,2020/12,16.18,278.14
(주)엔에이치엔벅스,104200,2020/12,35.6,232.76
(주)엔에프씨,265740,2020/12,52.41,204.31
(주)엔이능률,053290,2020/12,40.9,304.3
(주)엔젠바이오,354200,2020/12,19.17,628.16
(주)엔지스테크널러지,208860,2020/12,746.12,36.85
(주)엔지켐생명과학,183490,2020/12,70.4,1092.67
(주)엔케이,085310,2020/12,55.64,146.69
(주)엔케이맥스,182400,2020/12,50.88,132.53
(주)엔켐,348370,2020/12,54.06,193.82
(주)엔텔스,069410,2020/12,24.32,400.93
(주)엔투텍,227950,2020/06,132.35,46.72
(주)엔피,291230,2020/12,,
(주)엔피디,198080,2020/12,36.63,206.09
(주)엔피케이,048830,2020/12,75.97,122.16
(주)엘디티,096870,2020/12,23.86,347.93
(주)엘비루셈,376190,2020/12,44.9,205.33
(주)엘아이에스,138690,2020/12,327.77,43.86
(주)엘앤씨바이오,290650,2020/12,30.23,2062.14
(주)엘앤에프,066970,2020/12,124.37,141.96
(주)엘앤케이바이오메드,156100,2020/12,36.78,223.97
(주)엘에스,006260,2020/12,9.33,226.8
(주)엘에스네트웍스,000680,2020/12,154.96,36.7
(주)엘에프,093050,2020/12,35.85,316.3
(주)엘엑스세미콘,108320,2020/12,41.22,299.33
(주)엘엑스세미콘,108320,2020/12,41.22,299.33
(주)엘엑스인터내셔널,001120,2020/12,90.67,130.85
(주)엘엑스하우시스,108670,2020/12,149.64,120.12
(주)엘엠에스,073110,2020/12,128.59,127.32
(주)엘오티베큠,083310,2020/12,38.6,195.6
(주)엘지,003550,2020/12,2.93,1424.13
(주)엘지생활건강,051900,2020/12,20.23,133.23
(주)엘지에너지솔루션,373220,2020/12,,
(주)엘지유플러스,032640,2020/12,132.59,116.13
(주)엘지헬로비전,037560,2020/12,132,88.79
(주)엘지화학,051910,2020/12,52.39,100.53
(주)엠게임,058630,2020/12,22.64,422.88
(주)엠디에스테크,086960,2020/12,22.86,255.55
(주)엠로,058970,2020/12,163.39,115.88
(주)엠씨넥스,097520,2020/12,55.6,204.97
(주)엠아이텍,179290,2020/12,22.91,471.04
(주)엠에스씨,009780,2020/12,69.48,126.39
(주)엠에스오토텍,123040,2020/12,185.99,22.39
(주)엠투아이코퍼레이션,347890,2020/12,11.4,788.98
(주)엠투엔,033310,2020/12,81.65,32.45
(주)엠플러스,259630,2020/12,139.97,166.95
(주)엠피대산,065150,2020/12,69.29,143.69
(주)엠피씨플러스,050540,2020/12,702.81,59.24
(주)연우,115960,2020/12,27.18,260.09
(주)연이비앤티,090740,2020/12,236.16,69.4
(주)영림원소프트랩,060850,2020/12,57.38,320.06
(주)영우디에스피,143540,2020/12,111.68,140.99
(주)영원무역,111770,2020/12,42.55,136.06
(주)영원무역홀딩스,009970,2020/12,8.08,501.98
(주)영풍,000670,2020/12,26.78,314.6
(주)영흥,012160,2020/12,114.11,103.82
(주)예림당,036000,2020/12,3.68,2143.34
(주)예선테크,250930,2020/12,101.22,166.59
(주)예스코홀딩스,015360,2020/12,36.67,749.28
(주)예스티,122640,2020/12,143.63,80.5
(주)오공,045060,2020/12,33.46,146.96
(주)오디텍,080520,2020/12,6.31,901.17
(주)오뚜기,007310,2020/12,46.29,132.01
(주)오로스테크놀로지,322310,2020/12,42.51,299.26
(주)오르비텍,046120,2020/12,111.95,120.12
(주)오리엔탈정공,014940,2020/12,39.67,198.2
(주)오리엔트바이오,002630,2020/03,35.86,228.81
(주)오리엔트정공,065500,2020/12,96.27,44.97
(주)오리온,271560,2020/12,49.26,139.09
(주)오리온홀딩스,001800,2020/12,2.3,24.47
(주)오리콤,010470,2020/12,77.09,109.51
(주)오비고,352910,2020/12,3183.68,152.89
(주)오스코텍,039200,2020/12,23.65,455.08
(주)오스테오닉,226400,2020/12,160.82,207.89
(주)오스템,031510,2020/12,78.24,83.28
(주)오에스피,368970,2020/12,,
(주)오이솔루션,138080,2020/12,32.25,284.64
(주)오킨스전자,080580,2020/12,84.97,100.58
(주)오텍,067170,2020/12,51.02,98.1
(주)오파스넷,173130,2020/12,125.38,199.69
(주)오픈베이스,049480,2020/12,45.48,126.48
(주)오하임아이엔티,309930,2020/12,43.22,360.59
(주)옵투스제약,131030,2020/12,9.26,1088.67
(주)옵트론텍,082210,2020/12,119.34,95.1
(주)옵티팜,153710,2020/12,22.33,464.79
(주)와이더플래닛,321820,2020/12,0,54.78
(주)와이비엠넷,057030,2020/12,89.01,110.04
(주)와이솔,122990,2020/12,8.52,622.22
(주)와이어블,065530,2020/12,104.81,91.35
(주)와이엔텍,067900,2020/12,58.91,68.37
(주)와이엠텍,273640,2020/12,10.58,732.97
(주)와이오엠,066430,2020/12,59.4,200.15
(주)와이제이엠게임즈,193250,2020/12,23.15,156.66
(주)와이즈버즈,273060,2020/12,82.81,227.19
(주)와이지-원,019210,2020/12,161.8,95.34
(주)와이지엔터테인먼트,122870,2020/12,13.23,285.17
(주)와이지플러스,037270,2020/12,23.24,204.37
(주)와이투솔루션,011690,2020/12,254.92,97.21
(주)와이티엔,040300,2020/12,55.61,280.71
(주)와이팜,332570,2020/12,7.7,5990.71
(주)용평리조트,070960,2020/12,141.34,48.14
(주)우리금융지주,316140,2020/12,,
(주)우리기술,032820,2020/12,112.83,101.47
(주)우리넷,115440,2020/12,67,390.76
(주)우리로,046970,2020/12,198.77,67.12
(주)우성,006980,2020/12,76.27,145.64
(주)우신시스템,017370,2020/12,93.55,145.84
(주)우양,103840,2020/12,225.16,73.86
(주)우정바이오,215380,2020/12,149.06,125.1
(주)우주일렉트로닉스,065680,2020/12,31.21,233.68
(주)우진,105840,2020/12,38.46,97.57
(주)우진아이엔에스,010400,2020/12,19.32,470.4
(주)우진플라임,049800,2020/12,342.4,69.32
(주)웅진,016880,2020/12,71.64,58.27
(주)웅진씽크빅,095720,2020/12,70.67,155.74
(주)원림,005820,2020/12,30.96,158.21
(주)원바이오젠,307280,2020/12,16.43,2088019.41
(주)원방테크,053080,2020/12,19.92,317.43
(주)원익,032940,2020/12,50.46,44
(주)원익머트리얼즈,104830,2020/12,9.06,374.82
(주)원익아이피에스,240810,2020/12,66.06,152.21
(주)원익큐브,014190,2020/12,49.35,230.74
(주)원익큐엔씨,074600,2020/12,37.74,109.4
(주)원익피앤이,131390,2020/12,97.94,152
(주)원익홀딩스,030530,2020/12,38.39,64.8
(주)원일특강,012620,2020/12,89.03,179.4
(주)원준,382840,2020/12,,
(주)원티드랩,376980,2020/12,,
(주)원풍,008370,2020/12,13.3,614.89
(주)월덱스,101160,2020/12,39.33,222.57
(주)웨이버스,336060,2020/12,,
(주)웨이브일렉트로닉스,095270,2020/12,162.86,69.24
(주)웰크론,065950,2020/12,80.44,113.35
(주)웰크론한텍,076080,2020/12,118.69,130.76
(주)웹스,196700,2020/12,75.54,99.08
(주)웹젠,069080,2020/12,24.7,342.79
(주)위니아,071460,2020/12,310,86.84
(주)위니아에이드,377460,2020/12,164.33,116.15
(주)위닉스,044340,2020/12,62.15,173.48
(주)위드텍,348350,2020/12,30.92,346.55
(주)위메이드,112040,2020/12,11.12,166.22
(주)위메이드맥스,101730,2020/12,21.97,489.59
(주)위메이드플레이,123420,2020/12,12.43,928.63
(주)위세아이텍,065370,2020/12,67.83,475.8
(주)위스컴,024070,2020/12,10.4,640.47
(주)위지윅스튜디오,299900,2020/12,55.24,51.87
(주)위지트,036090,2020/12,29.97,101.92
(주)윈스,136540,2020/12,34.61,213.63
(주)윈팩,097800,2020/12,158.29,40.44
(주)윈하이텍,192390,2020/12,79.24,133.89
(주)윌링스,313760,2020/12,21.97,473.66
(주)윌비스,008600,2020/12,92.15,104.98
(주)윙스풋,335870,2020/12,,
(주)유니드,014830,2020/12,43.08,132.89
(주)유니온,000910,2020/12,63.29,82.02
(주)유니온커뮤니티,203450,2020/12,65.23,220.73
(주)유니켐,011330,2020/12,117.63,139.65
(주)유니크,011320,2020/12,113.74,85.27
(주)유니테스트,086390,2020/12,17.54,470.65
(주)유니테크노,241690,2020/12,66.33,104.79
(주)유니트론텍,142210,2020/12,119.6,152.63
(주)유라테크,048430,2020/12,21.15,349.4
(주)유바이오로직스,206650,2020/12,60.98,202.88
(주)유비케어,032620,2020/12,36.82,298.36
(주)유비쿼스,264450,2020/12,39.16,350.98
(주)유비쿼스홀딩스,078070,2020/12,1.73,1607.88
(주)유성티엔에스,024800,2020/12,94.47,57.46
(주)유수홀딩스,000700,2020/12,14.77,281.19
(주)유신,054930,2020/12,112.01,187.27
(주)유씨아이,038340,2020/12,86.01,152.13
(주)유아이디,069330,2020/12,193.89,36.64
(주)유에스티,263770,2020/12,33.76,269.25
(주)유유제약,000220,2020/12,24.65,428.61
(주)유일로보틱스,388720,2020/12,180.22,214.74
(주)유진로봇,056080,2020/12,40.35,394.86
(주)유진테크,084370,2020/12,13.45,475.3
(주)유테크,178780,2020/12,24.14,534.54
(주)유티아이,179900,2020/12,33.57,265.14
(주)유틸렉스,263050,2020/12,80.31,162.43
(주)유한양행,000100,2020/12,22.25,356.84
(주)육일씨엔에쓰,191410,2020/12,379.31,66.01
(주)율호,072770,2020/12,97.33,156.16
(주)이건홀딩스,039020,2020/12,18.95,18.48
(주)이글루코퍼레이션,067920,2020/12,21.12,551.01
(주)이글벳,044960,2020/12,28.28,359.35
(주)이노룰스,296640,2020/12,83.64,146.03
(주)이노메트리,302430,2020/12,16.06,503.25
(주)이노션,214320,2020/12,48.75,193.74
(주)이노와이어리스,073490,2020/12,15.38,327.44
(주)이노인스트루먼트,215790,2020/12,5.16,404.94
(주)이노테라피,246960,2020/12,32.64,660.5
(주)이녹스,088390,2020/12,35.43,57.03
(주)이녹스첨단소재,272290,2020/12,45.49,206.23
(주)이라이콤,041520,2020/12,15.08,563.82
(주)이랜시스,264850,2020/12,64.72,301.48
(주)이랜텍,054210,2020/12,62.15,136.16
(주)이루다,164060,2020/12,47.35,348.83
(주)이루온,065440,2020/12,45.05,232.75
(주)이마트,139480,2020/12,70.83,59.09
(주)이미지스테크놀로지,115610,2020/12,33.38,351.41
(주)이브이수성,084180,2020/12,150.21,116.83
(주)이브이첨단소재,131400,2020/12,95.33,110.28
(주)이상네트웍스,080010,2020/12,32.14,146.85
(주)이수앱지스,086890,2020/12,89.9,697.63
(주)이수페타시스,007660,2020/12,164.82,106.27
(주)이수화학,005950,2020/12,82.17,111.19
(주)이스타코,015020,2020/12,44.78,74.91
(주)이스트소프트,047560,2020/12,120.35,43.89
(주)이씨에스텔레콤,067010,2020/03,41.33,365.21
(주)이아이디,093230,2020/12,6.01,523.08
(주)이엔드디,101360,2020/12,20.16,597.05
(주)이엔에프테크놀로지,102710,2020/12,36,146.08
(주)이엔코퍼레이션,066980,2020/12,34.95,862.75
(주)이엔플러스,074610,2020/12,54.69,86.07
(주)이엘피,063760,2020/12,8.24,895.65
(주)이엠넷,123570,2020/12,42.55,305.02
(주)이엠앤아이,083470,2020/12,176.01,63.37
(주)이엠텍,091120,2020/12,34.09,348.06
(주)이오테크닉스,039030,2020/12,20.63,322.19
(주)이원,017940,2020/12,122.99,102.27
(주)이월드,084680,2020/12,23.5,102.48
(주)이즈미디어,181340,2020/12,181.08,127.79
(주)이지,037370,2020/12,109.63,65.25
(주)이지바이오,353810,2020/12,,
(주)이지트로닉스,377330,2020/12,74.8,172.75
(주)이지홀딩스,035810,2020/12,43.79,27.91
(주)이크레더블,092130,2020/12,17.39,582.58
(주)이퓨쳐,134060,2020/12,19.13,1151.84
(주)인디에프,014990,2020/12,237.57,94.76
(주)인바디,041830,2020/12,3.31,1585.84
(주)인바이오젠,101140,2020/12,24.36,473.44
(주)인산가,277410,2020/12,88.43,147.28
(주)인성정보,033230,2020/12,131.42,101.36
(주)인스코비,006490,2020/12,58.53,127.58
(주)인지디스플레이,037330,2020/12,129.43,44.14
(주)인지소프트,100030,2020/12,50.9,103.21
(주)인콘,083640,2020/12,28.01,229.12
(주)인터로조,119610,2020/12,43.12,188.84
(주)인터엠,017250,2020/09,95.71,120.84
(주)인터플렉스,051370,2020/12,99.33,89.3
(주)인텍플러스,064290,2020/12,71.54,186.92
(주)인텔리안테크놀로지스,189300,2020/12,82.38,169.18
(주)인트로메딕,150840,2020/12,32.7,211.31
(주)인트론바이오테크놀로지,048530,2020/12,17.6,629.77
(주)인팩,023810,2020/12,89.77,100.78
(주)인포마크,175140,2020/12,632.12,80.53
(주)인포바인,115310,2020/12,4.52,2576.24
(주)인피니트헬스케어,071200,2020/12,15.48,544.32
(주)일승,333430,2020/12,,
(주)일신바이오베이스,068330,2020/12,11.65,672.97
(주)일신석재,007110,2020/12,80.1,203.45
(주)일야,058450,2020/12,69.7,146.98
(주)일지테크,019540,2020/12,52.77,87.18
(주)일진파워,094820,2020/12,38.26,229.93
(주)잇츠한불,226320,2020/12,3.15,1900.03
(주)잉크테크,049550,2020/12,163.42,64.72
(주)자비스,254120,2020/12,205.31,114.92
(주)자연과환경,043910,2020/12,70.96,176.38
(주)자이언트스텝,289220,2020/12,44.53,224.02
(주)장원테크,174880,2020/12,58.41,57.8
(주)저스템,417840,2020/12,59.78,243.94
(주)정다운,208140,2020/12,103.52,141.81
(주)정상제이엘에스,040420,2020/12,54.63,119.25
(주)정원엔시스,045510,2020/12,84.07,167.62
(주)제넥신,095700,2020/12,10.85,47.63
(주)제넨바이오,072520,2020/12,95.7,80.4
(주)제노레이,122310,2020/12,28.19,368.18
(주)제노코,361390,2020/12,249.67,124.33
(주)제노포커스,187420,2020/12,75.99,120.93
(주)제놀루션,225220,2020/12,36.68,400.66
(주)제닉,123330,2020/12,123.9,119.67
(주)제로투세븐,159580,2020/12,53.15,165.41
(주)제우스,079370,2020/12,64,137.34
(주)제이브이엠,054950,2020/12,23.29,221.15
(주)제이스텍,090470,2020/12,26.82,174.19
(주)제이시스메디칼,287410,2020/12,,
(주)제이아이테크,417500,2020/12,103.29,139.35
(주)제이앤티씨,204270,2020/12,32.68,293.68
(주)제이에스코퍼레이션,194370,2020/12,81.67,78.76
(주)제이에스티나,026040,2020/12,119.56,84.52
(주)제이엘케이,322510,2020/12,51.3,866.71
(주)제이와이피엔터테인먼트,035900,2020/12,17.61,363.92
(주)제이웨이,058420,2020/12,316.59,64.78
(주)제이티,089790,2020/12,70.15,230.96
(주)제이티씨,950170,2020/02,129.04,279.6
(주)제일기획,030000,2020/12,71.53,156.49
(주)제일바이오,052670,2020/12,11.61,780.43
(주)제일테크노스,038010,2020/12,114.46,91.36
(주)제주반도체,080220,2020/12,43.14,270.54
(주)제주은행,006220,2020/12,,
(주)제주항공,089590,2020/12,429.58,63.24
(주)제테마,216080,2020/12,60.86,171.63
(주)젠큐릭스,229000,2020/12,16.22,122.81
(주)젬백스&카엘,082270,2020/12,15.86,320.88
(주)젬백스링크,064800,2020/12,25.48,151.53
(주)조비,001550,2020/12,71.58,153.62
(주)조이시티,067000,2020/12,43.67,252.71
(주)조흥,002600,2020/12,86.38,131.76
(주)종근당,185750,2020/12,68.41,191.51
(주)종근당바이오,063160,2020/12,66.93,189.53
(주)종근당홀딩스,001630,2020/12,11.08,79.3
(주)좋은사람들,033340,2020/12,28.71,393.45
(주)주연테크,044380,2020/12,53.3,334.61
(주)중앙디앤엠,051980,2020/12,115.95,154.7
(주)중앙백신연구소,072020,2020/12,19.91,340
(주)중앙에너비스,000440,2020/12,15.79,330.34
(주)지노믹트리,228760,2020/12,8.21,1750.48
(주)지놈앤컴퍼니,314130,2020/12,3.92,4315.07
(주)지누스,013890,2020/12,52.2,193.01
(주)지니뮤직,043610,2020/12,54.6,206.15
(주)지니틱스,303030,2020/12,37.92,312.99
(주)지란지교시큐리티,208350,2020/12,51.43,139.59
(주)지씨셀,144510,2020/12,35.58,123.91
(주)지아이텍,382480,2020/12,69.71,210.31
(주)지앤비에스엔지니어링,382800,2020/12,121.97,157.75
(주)지어소프트,051160,2020/12,369.05,183.34
(주)지에스,078930,2020/12,14.98,43.5
(주)지에스글로벌,001250,2020/12,142.65,113.79
(주)지에스리테일,007070,2020/12,142.04,67.23
(주)지에스이,053050,2020/12,129.35,80.22
(주)지엔씨에너지,119850,2020/12,37.49,171.44
(주)지엔코,065060,2020/12,108.08,51.09
(주)지오엘리먼트,311320,2020/12,15.36,769.83
(주)지투알,035000,2020/12,18.25,220.16
(주)지티지웰니스,219750,2020/12,400.7,82.3
(주)진도,088790,2020/12,31.62,248.63
(주)진로발효,018120,2020/12,13.8,589.61
(주)진매트릭스,109820,2020/12,14.3,467
(주)진바이오텍,086060,2020/12,16.05,863.46
(주)진성티이씨,036890,2020/12,39.04,225.49
(주)진시스템,363250,2020/12,,
(주)진양홀딩스,100250,2020/12,12,189.4
(주)진에어,272450,2020/12,467.2,86.02
(주)차바이오텍,085660,2020/12,67.38,312.24
(주)차백신연구소,261780,2020/12,,
(주)창해에탄올,004650,2020/12,39.46,84.2
(주)천보,278280,2020/12,3.36,1739.51
(주)천일고속,000650,2020/12,76.65,176.75
(주)청담글로벌,362320,2020/12,,
(주)체리부로,066360,2020/12,255.67,41.9
(주)체시스,033250,2020/06,241.05,41.31
(주)초록뱀미디어,047820,2020/12,128.67,59.42
(주)초록뱀이앤엠,131100,2020/06,252.34,55.82
(주)초록뱀컴퍼니,052300,2020/12,52.28,52.71
(주)초록뱀헬스케어,118000,2020/12,69.95,42.18
(주)칩스앤미디어,094360,2020/12,21.77,808.44
(주)카나리아바이오,016790,2020/12,66.54,215.8
(주)카스,016920,2020/12,173.63,80.11
(주)카이노스메드,284620,2020/12,149.75,1288.12
(주)카카오,035720,2020/12,37.93,125.38
(주)카카오게임즈,293490,2020/12,11.68,554.6
(주)카카오뱅크,323410,2020/12,,
(주)카카오페이,377300,2020/12,301.55,118.19
(주)카프로,006380,2020/12,152.15,87.81
(주)캐리소프트,317530,2020/12,18.06,299.86
(주)캐스텍코리아,071850,2020/12,116.94,80.98
(주)캠시스,050110,2020/12,170.52,93.46
(주)컴투스,078340,2020/12,6.95,1111.37
(주)컴투스홀딩스,063080,2020/12,118.13,15.68
(주)케스피온,079190,2020/12,49.85,175.67
(주)케어랩스,263700,2020/12,23.57,530.82
(주)케어젠,214370,2020/12,5.36,3270.04
(주)케이비지,318000,2020/12,10.32,937.15
(주)케이사인,192250,2020/12,15.99,475.18
(주)케이씨,029460,2020/12,19.1,586.91
(주)케이씨씨,002380,2020/12,74.39,91.74
(주)케이씨씨건설,021320,2020/12,144.05,150.81
(주)케이씨씨글라스,344820,2020/12,,
(주)케이씨아이,036670,2020/12,13.33,480.28
(주)케이씨에스,115500,2020/12,49.16,254.76
(주)케이씨텍,281820,2020/12,17.1,526.91
(주)케이씨티,089150,2020/12,53.79,222.11
(주)케이씨티시,009070,2020/12,104.14,70.87
(주)케이씨피드,025880,2020/12,85.97,145.24
(주)케이아이엔엑스,093320,2020/12,28.18,494.23
(주)케이에스에스해운,044450,2020/12,297.92,29.32
(주)케이에스피,073010,2020/12,95.44,121.18
(주)케이에이치바텍,060720,2020/12,22.68,351.35
(주)케이에이치필룩스,033180,2020/12,37.48,109.52
(주)케이엑스이노베이션,122450,2020/12,79.47,45.63
(주)케이엑스하이텍,052900,2020/12,28.99,188.47
(주)케이엔더블유,105330,2020/12,35.9,345.02
(주)케이엔엔,058400,2020/12,6.6,518.02
(주)케이엔제이,272110,2020/12,240.81,83.98
(주)케이엘넷,039420,2020/12,15.95,370.82
(주)케이엠,083550,2020/12,49.88,180.73
(주)케이엠더블유,032500,2020/12,46.03,258.95
(주)케이옥션,102370,2020/12,246.15,66.35
(주)케이이씨,092220,2020/12,141.2,162.51
(주)케이지모빌리언스,046440,2020/12,55.52,313.72
(주)케이지이니시스,035600,2020/12,167.01,52.17
(주)케이티,030200,2020/12,112.28,108.29
(주)케이티서브마린,060370,2020/12,13.65,695.13
(주)케이티스카이라이프,053210,2020/12,21.78,332.22
(주)케이티씨에스,058850,2020/12,83.09,193.35
(주)케이티아이에스,058860,2020/12,75.8,144.5
(주)케이티알파,036030,2020/12,44.73,174.79
(주)케이티앤지,033780,2020/12,22.67,274.06
(주)케이프,064820,2020/12,35.36,166.4
(주)케이피에스,256940,2020/12,48.2,224.54
(주)케이피에프,024880,2020/12,96.09,126.47
(주)케이피엠테크,042040,2020/12,18.59,249.41
(주)케이피티유,054410,2020/12,105.88,64.43
(주)케일럼,258610,2020/12,145.22,37.02
(주)켐온,217600,2020/12,32.93,290.79
(주)켐트로닉스,089010,2020/12,168.4,90.59
(주)켐트로스,220260,2020/12,55.22,163.04
(주)코난테크놀로지,402030,2020/12,,
(주)코다코,046070,2020/12,594.87,43.5
(주)코데즈컴바인,047770,2020/12,14.09,667.74
(주)코디,080530,2020/12,75.28,306.62
(주)코렌텍,104540,2020/12,109.19,231.77
(주)코리아나화장품,027050,2020/12,42.24,120.94
(주)코리아센터,290510,2020/12,35.87,60.48
(주)코리아써키트,007810,2020/12,36.21,210.42
(주)코리아에스이,101670,2020/12,21.33,501.21
(주)코맥스,036690,2020/12,63.31,193.37
(주)코메론,049430,2020/12,5.29,981.59
(주)코미코,183300,2020/12,37.51,156.33
(주)코미팜,041960,2020/12,58.17,143.23
(주)코세스,089890,2020/12,152.95,200.84
(주)코센,009730,2020/12,158.31,84.6
(주)코스나인,082660,2020/12,265.15,36.65
(주)코스메카코리아,241710,2020/12,88.13,76.98
(주)코스온,069110,2020/12,102.59,85.7
(주)코아스,071950,2020/12,203.53,64.24
(주)코아시아,045970,2020/12,67.3,121.47
(주)코아시아옵틱스,196450,2020/12,30.05,170.77
(주)코엔텍,029960,2020/12,26.45,631.27
(주)코오롱,002020,2020/12,124.37,4.99
(주)코원플레이,056000,2020/12,98.06,179.61
(주)코윈테크,282880,2020/12,27.8,320.55
(주)코이즈,121850,2020/12,132.37,152.56
(주)코콤,015710,2020/12,23.49,357.89
(주)코텍,052330,2020/12,6.97,1247.94
(주)코퍼스코리아,322780,2020/12,6.56,1810.7
(주)코프라,126600,2020/12,13.78,654.32
(주)콘텐트리중앙,036420,2020/12,37.39,76.61
(주)콤텍시스템,031820,2020/12,63.07,198.12
(주)쿠콘,294570,2020/12,113.34,107.19
(주)퀀타매트릭스,317690,2020/12,6.99,2324.27
(주)큐라클,365270,2020/12,88.62,204.02
(주)큐로,015590,2020/12,84.14,141.06
(주)큐로컴,040350,2020/12,51.73,39.87
(주)큐로홀딩스,051780,2020/12,31.25,243.32
(주)큐리언트,115180,2020/12,6.46,2220.55
(주)큐브엔터테인먼트,182360,2020/12,51.78,319.59
(주)큐에스아이,066310,2020/12,34.08,256.25
(주)크라운제과,264900,2020/12,114.21,93.17
(주)크라운해태홀딩스,005740,2020/12,20.04,3.54
(주)크래프톤,259960,2020/12,37.3,325.84
(주)크레버스,096240,2020/12,52.54,159.26
(주)크리스에프앤씨,110790,2020/12,30.38,297.29
(주)크린앤사이언스,045520,2020/12,164.46,156.34
(주)클라우드에어,036170,2020/12,24.77,358.75
(주)클래시스,214150,2020/12,11.09,614.96
(주)클리노믹스,352770,2020/12,8.72,1323.97
(주)클리오,237880,2020/12,40.73,225.25
(주)키다리스튜디오,020120,2020/12,55.01,152.77
(주)키이스트,054780,2020/12,68.68,133.16
(주)타이거일렉,219130,2020/12,41.23,127.39
(주)탑엔지니어링,065130,2020/12,43.12,129.99
(주)탑코미디어,134580,2020/12,21.04,588.96
(주)태경비케이,014580,2020/12,54.93,114.94
(주)태광,023160,2020/12,8.77,908.72
(주)태성,323280,2020/12,,
(주)태양,053620,2020/12,23.11,283.53
(주)태영건설,009410,2020/12,278.92,120.66
(주)태웅,044490,2020/12,71.46,317.15
(주)태웅로직스,124560,2020/12,92.03,151.95
(주)테라젠이텍스,066700,2020/12,30.5,151.85
(주)테스,095610,2020/12,16.23,488.96
(주)테이팩스,055490,2020/12,72.77,171.04
(주)테크윙,089030,2020/12,89.89,141.26
(주)텔레칩스,054450,2020/12,79.44,274.77
(주)텔레필드,091440,2020/12,177.73,180.72
(주)텔콘알에프제약,200230,2020/12,64.47,40.46
(주)토니모리,214420,2020/12,94.06,79.5
(주)토박스코리아,215480,2020/12,23.85,491.72
(주)토비스,051360,2020/12,38.78,243.79
(주)토탈소프트뱅크,045340,2020/12,79.5,271.14
(주)톱텍,108230,2020/12,8.01,795.81
(주)투비소프트,079970,2020/12,39.87,232.46
(주)툴젠,199800,2020/12,11.41,1130.54
(주)트루윈,105550,2020/12,162.49,122.5
(주)트윔,290090,2020/12,15.22,623.95
(주)특수건설,026150,2020/12,90.71,175.56
(주)티라유텍,322180,2020/12,27.23,286.61
(주)티로보틱스,117730,2020/12,127.39,109.46
(주)티비씨,033830,2020/12,5.5,1604.73
(주)티비에이치글로벌,084870,2020/12,78.54,156.13
(주)티사이언티픽,057680,2020/12,29.89,182.82
(주)티씨케이,064760,2020/12,14.09,537.78
(주)티앤알바이오팹,246710,2020/12,5.33,3541.92
(주)티앤엘,340570,2020/12,10.85,704.66
(주)티에스넥스젠,043220,2020/12,44.24,361.32
(주)티에스아이,277880,2020/12,82.21,198.58
(주)티에스이,131290,2020/12,13.95,464.05
(주)티에스인베스트먼트,246690,2020/12,,
(주)티에스트릴리온,317240,2020/12,104.6,143.83
(주)티에이치엔,019180,2020/12,181.49,90.67
(주)티엘비,356860,2020/12,59.44,253.17
(주)티엘아이,062860,2020/12,11.71,319.33
(주)티엘엔지니어링,413300,2020/12,,
(주)티와이홀딩스,363280,2020/12,,
(주)티움바이오,321550,2020/12,3.11,4612.24
(주)티웨이항공,091810,2020/12,517.6,66.42
(주)티웨이홀딩스,004870,2020/12,97.65,49.08
(주)티케이케미칼,104480,2020/12,152.99,64.41
(주)티플랙스,081150,2020/12,47.14,230.68
(주)티피씨,130740,2020/12,42.99,115.95
(주)티피씨메카트로닉스,048770,2020/12,211.53,101.06
(주)파나진,046210,2020/12,8.62,1891.37
(주)파라다이스,034230,2020/12,75.69,224.23
(주)파라텍,033540,2020/12,80.71,208.31
(주)파루,043200,2020/12,114.26,116.71
(주)파마리서치,214450,2020/12,18.08,354.69
(주)파멥신,208340,2020/12,177.26,99.46
(주)파버나인,177830,2020/12,82.97,81.37
(주)파세코,037070,2020/12,33.14,232.11
(주)파수,150900,2020/12,138.69,125.04
(주)파워넷,037030,2020/12,63.65,184.79
(주)파워로직스,047310,2020/12,71.85,134.23
(주)파이버프로,368770,2020/12,,
(주)파이오링크,170790,2020/12,35.81,605.07
(주)파인디앤씨,049120,2020/12,140.34,71.96
(주)파인디지털,038950,2020/12,16.31,724.41
(주)파인테크닉스,106240,2020/12,76.92,120.4
(주)파인텍,131760,2020/12,160.3,103.17
(주)파커스,065690,2020/12,17.51,372.04
(주)파크시스템스,140860,2020/12,85.81,314.47
(주)파트론,091700,2020/12,48.03,145.91
(주)판타지오,032800,2020/12,23.11,212.11
(주)팜스빌,318010,2020/12,23.65,1137.14
(주)팜스코,036580,2020/12,146.08,73.51
(주)팜스토리,027710,2020/12,214.94,120.38
(주)팬스타엔터프라이즈,054300,2020/12,95.11,116.5
(주)팬엔터테인먼트,068050,2020/12,51.52,179.24
(주)팬젠,222110,2020/12,155.5,119.91
(주)퍼시스,016800,2020/12,8.25,636.92
(주)펄어비스,263750,2020/12,20.05,422.01
(주)펩트론,087010,2020/12,52.59,252.27
(주)포메탈,119500,2020/12,38.16,120.74
(주)포바이포,389140,2020/12,,
(주)포스코아이씨티,022100,2020/12,84.01,165.8
(주)포스코엠텍,009520,2020/12,35.17,348.44
(주)포스코인터내셔널,047050,2020/12,138.47,148.33
(주)포스코케미칼,003670,2020/12,107.5,381.5
(주)포시에스,189690,2020/06,4.5,1048.01
(주)포인트모바일,318020,2020/12,77.14,171.82
(주)포인트엔지니어링,256630,2020/12,36.66,256.59
(주)포커스에이치엔에스,331380,2020/12,,
(주)폴라리스세원,234100,2020/12,42.72,146.34
(주)폴라리스오피스,041020,2020/12,46.6,159.38
(주)폴라리스우노,114630,2020/12,7.52,982.82
(주)푸드나무,290720,2020/12,16.57,537.95
(주)푸드웰,005670,2020/12,39.91,204.79
(주)푸른기술,094940,2020/12,29.13,286.36
(주)푸른상호저축은행,007330,2020/12,,
(주)풀무원,017810,2020/12,28.64,157.48
(주)풍강,093380,2020/08,36.45,210.2
(주)풍산,103140,2020/12,58.27,166.41
(주)풍산홀딩스,005810,2020/12,11.63,427.83
(주)퓨런티어,370090,2020/12,67.11,207.08
(주)퓨쳐켐,220100,2020/12,42.84,235.21
(주)프럼파스트,035200,2020/12,9.5,744.43
(주)프로스테믹스,203690,2020/12,177.57,83.64
(주)프로이천,321260,2020/12,,
(주)프로텍,053610,2020/12,5.86,1036.93
(주)프롬바이오,377220,2020/12,90.32,169.73
(주)프리엠스,053160,2020/12,8.85,1550.24
(주)플래스크,041590,2020/12,60.69,35.54
(주)플래티어,367000,2020/12,,
(주)플랜티넷,075130,2020/12,6.58,406.15
(주)플레이그램,009810,2020/12,10.24,756.64
(주)플레이디,237820,2020/12,70.2,243.05
(주)플레이위드,023770,2020/12,228.3,36.22
(주)플리토,300080,2020/12,25.89,558.17
(주)피델릭스,032580,2020/12,61.02,259.29
(주)피씨디렉트,051380,2020/12,96.6,197.9
(주)피에스엠씨,024850,2020/03,41.08,288.13
(주)피에이치씨,057880,2020/12,12.63,477.47
(주)피엔에이치테크,239890,2020/12,188.85,109.57
(주)피엔티,137400,2020/12,222.23,105.25
(주)피엔풍년,024940,2020/12,24.13,369.17
(주)피제이메탈,128660,2020/12,58.09,224.3
(주)피제이전자,006140,2020/12,32.63,319.52
(주)피코그램,376180,2020/12,219.17,139.49
(주)피플바이오,304840,2020/12,20.7,1991.01
(주)피피아이,062970,2020/12,96.36,302.68
(주)픽셀플러스,087600,2020/12,7.5,957.28
(주)핀텔,291810,2020/12,,
(주)필옵틱스,161580,2020/12,141.15,75.8
(주)핌스,347770,2020/12,31.87,604.74
(주)핑거,163730,2020/12,112.13,189.16
(주)하나금융지주,086790,2020/12,,
(주)하나기술,299030,2020/12,123.74,144.14
(주)하나투어,039130,2020/12,118.05,126.34
(주)하림,136480,2020/12,167.57,67.09
(주)하림지주,003380,2020/12,61.96,5.1
(주)하이딥,365590,2020/12,,
(주)하이로닉,149980,2020/12,5.67,1843.9
(주)하이브,352820,2020/12,42.29,720.58
(주)하이비젼시스템,126700,2020/12,23.03,343.41
(주)하이소닉,106080,2020/12,284.13,74.87
(주)하이스틸,071090,2020/12,89.38,101.34
(주)하이텍팜,106190,2020/12,35,150.29
(주)하이트론씨스템즈,019490,2020/12,327.34,91.37
(주)하츠,066130,2020/12,18.79,550.37
(주)한국가구,004590,2020/12,16.49,255.23
(주)한국경제티브이,039340,2020/12,26.69,292.16
(주)한국비엔씨,256840,2020/12,82.8,72.88
(주)한국전자홀딩스,006200,2020/12,3.19,1359.16
(주)한국종합기술,023350,2020/12,141.52,86.16
(주)한국카본,017960,2020/12,21.89,387.65
(주)한국큐빅,021650,2020/12,6.35,780.66
(주)한국테크놀로지,053590,2020/12,330.4,62.67
(주)한국토지신탁,034830,2020/12,,
(주)한국특강,007280,2020/12,247.5,282.42
(주)한국파마,032300,2020/12,74.87,178.82
(주)한국팩키지,037230,2020/12,80.93,208.29
(주)한국화장품제조,003350,2020/12,75.42,188.39
(주)한글과컴퓨터,030520,2020/12,23.41,122.55
(주)한네트,052600,2020/12,54.58,218.17
(주)한농화성,011500,2020/12,30.97,266.54
(주)한독,002390,2020/12,111.07,143.46
(주)한독크린텍,256150,2020/12,17.08,440.35
(주)한미글로벌건축사사무소,053690,2020/12,40.23,178.36
(주)한빛소프트,047080,2020/12,144.12,91.87
(주)한샘,009240,2020/12,79.88,125.25
(주)한섬,020000,2020/12,27.53,353.44
(주)한솔케미칼,014680,2020/12,60.62,185.98
(주)한솔홈데코,025750,2020/12,78.59,120.16
(주)한송네오텍,226440,2020/12,31.36,268.66
(주)한익스프레스,014130,2020/12,358.78,52.03
(주)한일진공,123840,2020/12,11.43,291.09
(주)한진,002320,2020/12,125.44,72.58
(주)한진중공업홀딩스,003480,2020/12,25.64,13.36
(주)한진칼,180640,2020/12,50.27,152.51
(주)한창,005110,2020/12,143.24,119.31
(주)한창제지,009460,2020/12,91.2,142.91
(주)한컴라이프케어,372910,2020/12,510.4,79.19
(주)한컴위드,054920,2020/12,44.16,49.04
(주)한탑,002680,2020/12,132.13,43.24
(주)한화,000880,2020/12,110.82,76.85
(주)해성티피씨,059270,2020/12,80.41,357.21
(주)핸디소프트,220180,2020/12,12.35,970.13
(주)헥토이노베이션,214180,2020/12,13.09,363.66
(주)헥토파이낸셜,234340,2020/12,73.58,194.7
(주)헬릭스미스,084990,2020/12,64.1,190.08
(주)현대공업,170030,2020/12,38.5,250.79
(주)현대그린푸드,005440,2020/12,25.85,224.46
(주)현대리바트,079430,2020/12,65.88,140.98
(주)현대미포조선,010620,2020/12,52.96,162.12
(주)현대바이오랜드,052260,2020/12,22.29,252.12
(주)현대백화점,069960,2020/12,65.46,72.16
(주)현대에버다임,041440,2020/12,27.34,329.93
(주)현대이지웰,090850,2020/12,83.75,183.17
(주)현대퓨처넷,126560,2020/12,16.61,522.01
(주)현대홈쇼핑,057050,2020/12,25.68,178.8
(주)협진,138360,2020/12,6.89,1159.58
(주)형지아이앤씨,011080,2020/12,214.99,126.99
(주)형지엘리트,093240,2020/06,38.21,410.89
(주)혜인,003010,2020/12,102.49,125.87
(주)호텔신라,008770,2020/12,260.76,148.34
(주)홈센타홀딩스,060560,2020/12,126.15,6.09
(주)홈캐스트,064240,2020/12,11.64,480.29
(주)화승엔터프라이즈,241590,2020/12,10.13,601.93
(주)화승인더스트리,006060,2020/12,105.39,77.02
(주)화승코퍼레이션,013520,2020/12,215.85,60.95
(주)화신,010690,2020/12,100.45,128.09
(주)화신정공,126640,2020/12,71.07,133.46
(주)화인베스틸,133820,2020/12,132.94,66.16
(주)황금에스티,032560,2020/12,28.4,205.15
(주)효성,004800,2020/12,17.14,368.22
(주)후성,093370,2020/12,76.54,119.49
(주)휠라홀딩스,081660,2020/12,62.44,14.78
(주)휴네시온,290270,2020/12,24.33,368.82
(주)휴니드테크놀러지스,005870,2020/12,109.94,142.69
(주)휴럼,353190,2020/12,,
(주)휴맥스,115160,2020/12,207.3,104.16
(주)휴맥스홀딩스,028080,2020/12,16.97,17.94
(주)휴먼엔,032860,2020/12,1132.15,65.91
(주)휴메딕스,200670,2020/12,31.45,211.85
(주)휴비스,079980,2020/12,85.53,130.3
(주)휴비츠,065510,2020/12,105.59,99.27
(주)휴센텍,215090,2020/12,57.95,235.44
(주)휴스틸,005010,2020/12,38.23,178.45
(주)휴엠앤씨,263920,2020/12,60.45,97.1
(주)휴온스,243070,2020/12,65.65,220.3
(주)휴온스글로벌,084110,2020/12,21.11,84.56
(주)흥국,010240,2020/12,37.34,212.81
(주)흥국에프엔비,189980,2020/12,35.83,167.57
(주)희림종합건축사사무소,037440,2020/12,188.98,130.38
(주)힘스,238490,2020/12,16.84,614.55
AJ네트웍스(주),095570,2020/12,303.47,39.93
CS홀딩스(주),000590,2020/12,4.58,8052.41
DB금융투자(주),016610,2020/12,,
DB손해보험(주),005830,2020/12,,
HD현대(주),267250,2020/12,39.67,67.66
KB오토시스(주),024120,2020/12,42.93,145.56
KD(주),044180,2020/12,495.91,149.9
KG스틸(주),016380,2020/12,132.81,130.12
KISCO홀딩스(주),001940,2020/12,0.1,28316.53
LG이노텍(주),011070,2020/12,153.34,129.17
LS일렉트릭(주),010120,2020/12,72.88,257.63
OCI(주),010060,2020/12,44.32,146.11
SK이노베이션(주),096770,2020/12,26.33,115.15
SNT모티브(주),064960,2020/12,42.31,232.53
SNT중공업(주),003570,2020/12,37.16,332.73
STX엔진(주),077970,2020/12,206.52,90.3
STX중공업(주),071970,2020/12,153.67,57.71
가온미디어(주),078890,2020/12,83.18,183.72
가온전선(주),000500,2020/12,91.04,163.05
감성코퍼레이션(주),036620,2020/12,29.82,263.91
강남제비스코(주),000860,2020/12,22.66,271.05
갤럭시아머니트리(주),094480,2020/12,183.95,136.62
경남스틸(주),039240,2020/12,57.63,177.23
경남제약(주),053950,2020/12,119.7,147.87
경동제약(주),011040,2020/12,10.66,412.1
경인전자(주),009140,2020/12,5.53,1844.54
경창산업(주),024910,2020/12,561.94,46.59
계룡건설산업(주),013580,2020/12,198.54,136.06
계양전기(주),012200,2020/12,50.5,172.05
고려산업(주),002140,2020/12,113.37,82.52
고려신용정보(주),049720,2020/12,109.55,79.73
고려아연(주),010130,2020/12,12.81,518.52
고려제강(주),002240,2020/12,24,118.08
고려제약(주),014570,2020/12,17.6,644.3
광동제약(주),009290,2020/12,48.09,194.87
광전자(주),017900,2020/12,17.88,570.56
광진실업(주),026910,2020/12,45.73,231.68
교보10호기업인수목적(주),355150,2020/12,,
교보증권(주),030610,2020/12,,
교촌에프앤비(주),339770,2020/12,42.04,120.95
국도화학(주),007690,2020/12,61.21,157.69
국일신동(주),060480,2020/12,11.11,1401.7
국일제지(주),078130,2020/12,82.36,85.67
국제약품(주),002720,2020/12,107.43,89.13
그랜드코리아레저(주),114090,2020/12,45.58,269.53
그레이트리치과기유한공사,900290,2020/06,,
그린케미칼(주),083420,2020/12,56.17,159.1
극동유화(주),014530,2020/12,58.75,146.75
글로벌에스엠테크리미티드,900070,2020/12,,
글로벌텍스프리(주),204620,2020/12,19.67,132.02
글로본(주),019660,2020/12,103.93,97.6
금강공업(주),014280,2020/12,107.12,83.96
금강철강(주),053260,2020/12,24.33,378.76
금호건설(주),002990,2020/12,244.96,93.8
금호석유화학(주),011780,2020/12,61.6,128.91
금호전기(주),001210,2020/12,2182.18,70.01
금호타이어(주),073240,2020/12,244.59,127.57
기신정기(주),092440,2020/03,7.35,1096.94
기아(주),000270,2020/12,76.35,130.42
깨끗한나라(주),004540,2020/12,163.82,65.21
나노씨엠에스(주),247660,2020/12,178.7,123.23
나노캠텍(주),091970,2020/12,18.76,279.47
나라엠앤디(주),051490,2020/12,106.94,93.86
나무기술(주),242040,2020/12,138.64,139.36
나우아이비캐피탈(주),293580,2020/12,,
나이스정보통신(주),036800,2020/12,37.3,247.78
나이스평가정보(주),030190,2020/12,38.83,206.03
남광토건(주),001260,2020/12,207.51,97.48
남양유업(주),003920,2020/12,24.59,485.77
남해화학(주),025860,2020/12,30.14,322.47
남화산업(주),111710,2020/12,9.14,1489.32
남화토건(주),091590,2020/12,19.43,371.22
네이버(주),035420,2020/12,21.5,75.46
넥센타이어(주),002350,2020/12,69.97,239.16
넷마블(주),251270,2020/12,26.53,65.31
노을(주),376930,2020/12,,
농업회사법인(주)농우바이오,054050,2020/12,22.18,269.56
농업회사법인아시아종묘(주),154030,2020/09,156.06,96.12
뉴지랩파마(주),214870,2020/12,81.67,195.98
다믈멀티미디어(주),093640,2020/12,26.68,307.63
다스코(주),058730,2020/12,103.83,115.33
다올인베스트먼트(주),298870,2020/12,,
다올투자증권(주),030210,2020/12,,
대덕전자(주),353200,2020/12,,
대동금속(주),020400,2020/12,195.22,60.35
대동기어(주),008830,2020/12,197.77,70.01
대동전자(주),008110,2020/03,19.52,540.64
대림비앤코(주),005750,2020/12,105.75,160.2
대림통상(주),006570,2020/12,82.82,131.08
대명에너지(주),389260,2020/12,109.19,117.63
대모엔지니어링(주),317850,2020/12,73.15,279.42
대보마그네틱(주),290670,2020/12,48.23,209.61
대봉엘에스(주),078140,2020/12,20.13,616.35
대상(주),001680,2020/12,116.58,165
대상홀딩스(주),084690,2020/12,4.53,356.25
대성산업(주),128820,2020/12,99.27,61.42
대성에너지(주),117580,2020/12,122.74,71.48
대성창업투자(주),027830,2020/12,,
대성홀딩스(주),016710,2020/12,51.57,65.34
대신정보통신(주),020180,2020/03,216.69,101.42
대신증권(주),003540,2020/12,,
대아티아이(주),045390,2020/12,55.51,185.57
대양전기공업(주),108380,2020/12,13.31,515.4
대양제지공업(주),006580,2020/12,28.46,500.72
대영포장(주),014160,2020/12,35.13,140.85
대우전자부품(주),009320,2020/12,163.41,83.18
대우조선해양(주),042660,2020/12,169.54,115.59
대원강업(주),000430,2020/12,59.62,71.93
대원미디어(주),048910,2020/12,36.87,134.71
대원산업(주),005710,2020/12,43.89,284.34
대원전선(주),006340,2020/12,120.54,150.01
대원제약(주),003220,2020/12,57.58,208.66
대원화성(주),024890,2020/12,65.79,93.74
대정화금(주),120240,2020/12,25.81,262.21
대주산업(주),003310,2020/12,64.53,137.25
대주전자재료(주),078600,2020/12,125.42,89.73
대창단조(주),015230,2020/12,12.63,680.3
대한광통신(주),010170,2020/12,74.52,197.69
대한그린파워(주),060900,2020/12,95.94,49.26
대한뉴팜(주),054670,2020/12,132.93,136.54
대한방직(주),001070,2020/12,57.21,191.08
대한약품공업(주),023910,2020/12,39.12,310.22
대한유화(주),006650,2020/12,8.51,1009.29
대한전선(주),001440,2020/12,212,83.88
대한제강(주),084010,2020/12,41.92,178.33
대한제당(주),001790,2020/12,110.2,164.67
대한제분(주),001130,2020/12,10.95,382.14
대한해운(주),005880,2020/12,257.06,32.96
대한화섬(주),003830,2020/12,18.96,408.95
대화제약(주),067080,2020/12,82.13,60.72
더이앤엠(주),089230,2020/12,27.78,214.8
덕산네오룩스(주),213420,2020/12,14.61,457.26
덕산하이메탈(주),077360,2020/12,5.69,641.51
덕양산업(주),024900,2020/12,871.5,79.59
덕우전자(주),263600,2020/12,62.16,211.6
데브시스터즈(주),194480,2020/12,7.92,767.58
도이치모터스(주),067990,2020/12,212.19,57.88
동국산업(주),005160,2020/12,24.84,252.27
동국제강(주),001230,2020/12,122.16,55.75
동국제약(주),086450,2020/12,29.75,295.67
동부건설(주),005960,2020/12,65.01,152.67
동성제약(주),002210,2020/12,128.79,149.49
동신건설(주),025950,2020/12,30.62,504.91
동아쏘시오홀딩스(주),000640,2020/12,47.79,65.58
동아에스티(주),170900,2020/12,52.36,312.92
동아타이어공업(주),282690,2020/12,7.86,307.41
동아화성(주),041930,2020/12,46.07,156.89
동양생명보험(주),082640,2020/12,,
동양이엔피(주),079960,2020/12,30.68,319.65
동양철관(주),008970,2020/12,59.51,120.2
동양파일(주),228340,2020/12,5.77,936.05
동양피스톤(주),092780,2020/12,185.23,81.36
동원금속(주),018500,2020/03,585.19,36.53
동원산업(주),006040,2020/12,116.67,79.12
동원수산(주),030720,2020/12,87.83,157.71
동원시스템즈(주),014820,2020/12,104.64,58.77
동일고무벨트(주),163560,2020/12,37.67,245.91
동일금속(주),109860,2020/12,6.63,575.38
동일산업(주),004890,2020/12,10.67,785.15
동일제강(주),002690,2020/12,14.46,504.18
동일철강(주),023790,2020/12,58.06,121.5
동화기업(주),025900,2020/12,95.85,66.36
동화약품(주),000020,2020/12,22.4,381.82
두산밥캣(주),241560,2020/12,3.39,111.02
두산에너빌리티(주),034020,2020/12,222.11,43.7
두산퓨얼셀(주),336260,2020/12,54.17,246.43
디비금융제8호기업인수목적(주),367340,2020/12,,
디비금융제9호기업인수목적(주),367360,2020/12,,
디씨엠(주),024090,2020/12,20.6,357.05
디아이동일(주),001530,2020/12,54.01,87.51
디아이티(주),110990,2020/12,98.44,175.17
디에스씨인베스트먼트(주),241520,2020/12,,
디에스알(주),155660,2020/12,32.38,199.01
디에스알제강(주),069730,2020/12,41.02,158.51
디엑스앤브이엑스(주),180400,2020/12,18.12,169.43
디엘(주),000210,2020/12,396.95,103.58
디엘건설(주),001880,2020/12,86.86,202.67
디와이(주),013570,2020/12,1.3,730.22
디와이씨(주),310870,2020/12,,
디와이파워(주),210540,2020/12,25.4,346.64
디와이피엔에프(주),104460,2020/12,65.97,190
디젠스(주),113810,2020/12,198.66,92.59
디케이락(주),105740,2020/12,60.25,206.77
라온시큐어(주),042510,2020/12,50.93,179.09
라온피플(주),300120,2020/12,9.43,1288.18
램테크놀러지(주),171010,2020/12,61.07,131.74
로스웰인터내셔널유한회사,900260,2020/12,,
로체시스템즈(주),071280,2020/12,61.41,124.66
롯데관광개발(주),032350,2020/12,379.84,63.81
롯데렌탈(주),089860,2020/12,749.61,32.11
롯데손해보험(주),000400,2020/12,,
롯데쇼핑(주),023530,2020/12,159.66,69.67
롯데정밀화학(주),004000,2020/12,11.7,298.79
롯데정보통신(주),286940,2020/12,56.58,123.22
롯데제과(주),280360,2020/12,91.41,140.18
롯데지주(주),004990,2020/12,57.63,80.28
롯데칠성음료(주),005300,2020/12,160.23,102.86
롯데케미칼(주),011170,2020/12,30.84,224.42
롯데하이마트(주),071840,2020/12,73.9,116.9
리노공업(주),058470,2020/12,7.17,1175.67
린드먼아시아인베스트먼트(주),277070,2020/12,,
마이크로로봇(주),182690,2020/12,87.62,90.31
만호제강(주),001080,2020/06,7.36,1027.13
매일유업(주),267980,2020/12,67.77,207.1
매일홀딩스(주),005990,2020/12,9.46,101.45
메가스터디(주),072870,2020/12,11.7,728.47
메가스터디교육(주),215200,2020/12,95.51,54.82
메가엠디(주),133750,2020/12,67.16,120.35
메디앙스(주),014100,2020/12,62.64,139.29
메디포스트(주),078160,2020/12,88.15,138.07
메리츠증권(주),008560,2020/12,,
메리츠화재해상보험(주),000060,2020/12,,
메이슨캐피탈(주),021880,2020/03,,
명문제약(주),017180,2020/12,129.06,88.35
명성티엔에스(주),257370,2020/12,116.85,110.55
명신산업(주),009900,2020/12,113.73,118.09
모델솔루션(주),417970,2020/12,86.09,125.45
모바일어플라이언스(주),087260,2020/12,79.42,757.93
모트렉스(주),118990,2020/12,129.44,92.18
무림에스피(주),001810,2020/12,46.79,227.75
무림페이퍼(주),009200,2020/12,177.2,103.16
무림피앤피(주),009580,2020/12,98.17,121.52
문배철강(주),008420,2020/12,57.61,144.61
미디어젠(주),279600,2020/12,82.81,493.56
미래나노텍(주),095500,2020/12,67.48,106.71
미래산업(주),025560,2020/12,49.15,206.31
미래에셋대우기업인수목적5호(주),353490,2020/12,,
미래에셋벤처투자(주),100790,2020/12,,
미래에셋생명보험(주),085620,2020/12,,
미래에셋증권(주),006800,2020/12,,
미스터블루(주),207760,2020/12,28.22,232.8
미원상사(주),002840,2020/12,21.72,405.52
미원스페셜티케미칼(주),268280,2020/12,23.77,491.01
미원홀딩스(주),107590,2020/12,39.36,176.9
미원화학(주),134380,2020/12,11.01,744.17
미창석유공업(주),003650,2020/12,11.97,796.3
미투젠(유),950190,2020/12,10.02,1086.37
바디텍메드(주),206640,2020/12,27.05,362.35
바이오플러스(주),099430,2020/12,55.39,185.98
바이온(주),032980,2020/12,14.12,445.21
바이옵트로(주),222160,2020/03,356.92,93.97
바이젠셀(주),308080,2020/12,0,31.36
백광산업(주),001340,2020/12,81.87,57.27
범양건영(주),002410,2020/12,63.9,193.48
범한퓨얼셀(주),382900,2020/12,133.23,135.23
베뉴지(주),019010,2020/12,68.41,104.27
보로노이(주),310210,2020/12,66.07,142.07
보성파워텍(주),006910,2020/12,50.31,183.49
보해양조(주),000890,2020/12,89.46,93.77
부광약품(주),003000,2020/12,35.23,327.91
부국증권(주),001270,2020/12,,
부국철강(주),026940,2020/12,16.71,510.6
부산산업(주),011390,2020/12,20.3,196.52
부산주공(주),005030,2020/12,837.65,45.22
브레인즈컴퍼니(주),099390,2020/12,17.49,810.48
브릿지바이오테라퓨틱스(주),288330,2020/12,7.22,5716.51
비나텍(주),126340,2020/12,82.38,203.29
비디아이(주),148140,2020/12,2470.74,77.23
비비씨(주),318410,2020/12,9.9,1011.94
비씨엔씨(주),146320,2020/12,320.05,67.59
비에이치아이(주),083650,2020/12,289.3,59.3
비케이탑스(주),030790,2020/12,161.94,22.44
비플라이소프트(주),148780,2020/12,549.1,107.83
빛샘전자(주),072950,2020/12,15.53,358.92
사조동아원(주),008040,2020/12,112.01,84.95
사조산업(주),007160,2020/12,85.62,121.35
사조씨푸드(주),014710,2020/12,47.82,150.98
삼강엠앤티(주),100090,2020/12,188.09,77.76
삼륭물산(주),014970,2020/12,39.04,211.18
삼목에스폼(주),018310,2020/12,16.6,389.1
삼보모터스(주),053700,2020/12,279.62,68.35
삼보산업(주),009620,2020/12,1251.7,51.14
삼부토건(주),001470,2020/12,89.02,193.87
삼성SDI(주),006400,2020/12,36.26,119.75
삼성공조(주),006660,2020/12,11.28,662.6
삼성물산(주),028260,2020/12,58.75,95.18
삼성바이오로직스(주),207940,2020/12,45.82,296.08
삼성생명보험(주),032830,2020/12,,
삼성에스디에스(주),018260,2020/12,18.01,500.52
삼성엔지니어링(주),028050,2020/12,216.6,93.62
삼성전기(주),009150,2020/12,26.49,230.39
삼성전자(주),005930,2020/12,25.28,166.16
삼성제약(주),001360,2020/12,46.6,130.13
삼성중공업(주),010140,2020/12,243.91,90.07
삼성증권(주),016360,2020/12,,
삼성카드(주),029780,2020/12,,
삼성화재해상보험(주),000810,2020/12,,
삼아알미늄(주),006110,2020/12,87.78,95.58
삼아제약(주),009300,2020/12,9.51,991.28
삼양식품(주),003230,2020/12,62.6,103.4
삼양통상(주),002170,2020/12,12.26,938.85
삼영무역(주),002810,2020/12,11.39,842.66
삼영엠텍(주),054540,2020/12,32.92,161.82
삼영이엔씨(주),065570,2020/12,34.36,447.8
삼영전자공업(주),005680,2020/12,4.31,1702.42
삼영화학공업(주),003720,2020/12,71.24,172.84
삼익티에이치케이(주),004380,2020/12,104.03,137.83
삼일제약(주),000520,2020/12,197.46,71.83
삼정펄프(주),009770,2020/12,10.34,814.72
삼지전자(주),037460,2020/12,64.01,129.42
삼진제약(주),005500,2020/12,26.04,432.76
삼천당제약(주),000250,2020/12,32.08,469.11
삼천리자전거(주),024950,2020/12,36.96,265.68
삼현철강(주),017480,2020/12,19.51,475.58
삼호개발(주),010960,2020/12,45.35,213.83
삼화왕관(주),004450,2020/12,59.14,184.51
삼화전기(주),009470,2020/12,139.5,86.82
삼화전자공업(주),011230,2020/12,286.72,64.37
삼화콘덴서공업(주),001820,2020/12,31.21,214.53
삼화페인트공업(주),000390,2020/12,102.37,143.85
상신브레이크(주),041650,2020/12,90.15,120.72
상신이디피(주),091580,2020/12,107.58,83.3
상신전자(주),263810,2020/12,55.56,212.87
새론오토모티브(주),075180,2020/12,10.51,485.07
샘표(주),007540,2020/12,3.91,6392.23
샘표식품(주),248170,2020/12,39.36,240.84
서암기계공업(주),100660,2020/12,11.77,710.16
서울도시가스(주),017390,2020/12,63.46,221.1
서울바이오시스(주),092190,2020/12,130.11,68.71
서울반도체(주),046890,2020/12,36.19,194.05
서울식품공업(주),004410,2020/12,163.52,69.81
서울전자통신(주),027040,2020/12,37.62,79.4
서호전기(주),065710,2020/12,21.42,197.02
선도전기(주),007610,2020/12,103.35,162.38
선바이오(주),067370,2020/12,101.13,216.25
선진뷰티사이언스(주),086710,2020/12,194.28,126.86
성문전자(주),014910,2020/12,18.98,323.68
성보화학(주),003080,2020/12,16.47,627.28
성신양회(주),004980,2020/12,132.79,66.86
성우전자(주),081580,2020/12,5.19,1256
성우테크론(주),045300,2020/12,46.59,163.13
성일하이텍(주),365340,2020/12,675.1,56.47
성창기업지주(주),000180,2020/12,17.62,1298.71
성호전자(주),043260,2020/12,76.13,104.69
세기상사(주),002420,2020/12,96.24,18.02
세명전기공업(주),017510,2020/12,11.73,1875.82
세방(주),004360,2020/12,40.9,120.97
세방전지(주),004490,2020/12,21.4,373.5
세원이앤씨(주),091090,2020/12,91.1,79.77
세종공업(주),033530,2020/12,90.27,125.7
세종텔레콤(주),036630,2020/12,37.08,247.81
세하(주),027970,2020/12,115.95,77.21
소니드(주),060230,2020/12,47.03,224.19
소프트캠프(주),258790,2020/12,29.81,337.09
솔루스첨단소재(주),336370,2020/12,86.65,136.35
솔브레인(주),357780,2020/12,,
솔브레인홀딩스(주),036830,2020/12,4.45,362.3
솔트웨어(주),328380,2020/12,,
송원산업(주),004430,2020/12,78.85,111.05
스톤브릿지벤처스(주),330730,2020/12,,
스튜디오드래곤(주),253450,2020/12,21.42,165.26
스틱인베스트먼트(주),026890,2020/12,15.95,330.95
시그네틱스(주),033170,2020/12,56.78,168.44
신대양제지(주),016590,2020/12,12.01,548.07
신라교역(주),004970,2020/12,17.62,247.77
신라섬유(주),001000,2020/12,118.66,9.45
신라에스지(주),025870,2020/12,176.97,112.42
신라젠(주),215600,2020/12,119.47,393.97
신성델타테크(주),065350,2020/12,48.32,43.11
신성통상(주),005390,2020/06,266.38,106.57
신세계건설(주),034300,2020/12,278.28,68.76
신송홀딩스(주),006880,2020/12,14.69,1297.03
신신제약(주),002800,2020/12,107.44,117.22
신영증권(주),001720,2020/03,,
신영해피투모로우제6호기업인수목적(주),344050,2020/12,,
신원종합개발(주),017000,2020/12,132.24,240.18
신일전자(주),002700,2020/12,46.94,204.74
신일제약(주),012790,2020/12,16.12,508.07
신풍제약(주),019170,2020/12,30.23,392.73
신풍제지(주),002870,2020/12,5.41,1462.54
신한제7호기업인수목적(주),366330,2020/12,,
신화인터텍(주),056700,2020/12,75.57,80.24
신흥에스이씨(주),243840,2020/12,92.23,106.02
쌍용씨앤이(주),003410,2020/12,74.95,202.88
쌍용자동차(주),003620,2020/12,0,41.65
쌍용정보통신(주),010280,2020/12,220.72,151.86
써니전자(주),004770,2020/12,2.4,3451.34
씨비아이(주),013720,2020/12,123.24,141.94
씨아이에스(주),222080,2020/12,262.76,146.32
씨앤에이치(주),023460,2020/12,,
씨앤지하이테크(주),264660,2020/12,16.4,583.59
씨앤티85(주),056730,2020/12,165.07,102.57
씨에스베어링(주),297090,2020/12,145.61,110.36
씨에스윈드(주),112610,2020/12,42.6,173.77
씨유테크(주),376290,2020/12,78.15,135.17
씨제이(주),001040,2020/12,14.83,10.89
씨제이대한통운(주),000120,2020/12,121.1,71.19
씨제이바이오사이언스(주),311690,2020/12,112.7,1330.1
씨제이씨지브이(주),079160,2020/12,755.77,105.32
씨제이씨푸드(주),011150,2020/12,105.49,105.89
씨제이제일제당(주),097950,2020/12,93.76,82.83
씨제이프레시웨이(주),051500,2020/12,421.79,102.71
씨케이에이치푸드앤헬스리미티드,900120,2020/06,,
씨큐브(주),101240,2020/12,49,201.02
아남전자(주),008700,2020/12,83.11,170.82
아미코젠(주),092040,2020/12,26.62,193.2
아비코전자(주),036010,2020/12,5.87,1742.22
아세아(주),002030,2020/12,8.92,171.25
아세아시멘트(주),183190,2020/12,46.9,141.71
아세아제지(주),002310,2020/12,13.72,370.12
아시아나아이디티(주),267850,2020/12,57.32,264.65
아시아나항공(주),020560,2020/12,1343.8,35.32
아이디피(주),332370,2020/12,5.06,1769.85
아이비케이에스제13호기업인수목적(주),351340,2020/12,,
아이쓰리시스템(주),214430,2020/12,65.46,248.78
아이에스동서(주),010780,2020/12,171.91,203.3
아이진(주),185490,2020/12,244.98,426.73
아이큐어(주),175250,2020/12,58.59,147.2
아이크래프트(주),052460,2020/12,91.85,184.96
아이텍(주),119830,2020/12,81.43,132.35
아주스틸(주),139990,2020/12,160.23,98.1
아주아이비투자(주),027360,2020/12,,
아진산업(주),013310,2020/12,117.14,98.21
안국약품(주),001540,2020/12,36.07,272.74
알리코제약(주),260660,2020/12,42.19,238.91
알서포트(주),131370,2020/12,20.56,316.48
알에스오토메이션(주),140670,2020/12,108.57,160
알에프머트리얼즈(주),327260,2020/12,39.29,639.2
알에프에이치아이씨(주),218410,2020/12,35.99,592.13
압타바이오(주),293780,2020/12,4.72,5459.73
애경산업(주),018250,2020/12,30.15,285.53
애경케미칼(주),161000,2020/12,22.86,336.77
애니젠(주),196300,2020/12,155.1,66.81
애머릿지코퍼레이션,900100,2020/12,183.11,180.96
앱클론(주),174900,2020/12,36.82,471.98
어보브반도체(주),102120,2020/12,38.19,288.72
에브리봇(주),270660,2020/12,80.54,290.68
에스넷시스템(주),038680,2020/12,154.35,168.6
에스디바이오센서(주),137310,2020/12,86.74,196.85
에스디엔(주),099220,2020/12,72.1,113.44
에스맥(주),097780,2020/12,11.37,417.81
에스브이인베스트먼트(주),289080,2020/03,,
에스비더블유생명과학(주),151910,2020/12,86.91,115.64
에스비아이인베스트먼트(주),019550,2020/12,,
에스비아이핀테크솔루션즈(주),950110,2020/03,208.15,118.36
에스씨아이평가정보(주),036120,2020/12,27.25,322.86
에스씨엠생명과학(주),298060,2020/12,20.95,1107.2
에스엔유프리시젼(주),080000,2020/12,24.88,327.1
에스엔케이폴리텍(주),091340,2020/12,59.71,279.7
에스엘(주),005850,2020/12,31.01,303.42
에스와이(주),109610,2020/12,91.8,135.33
에스지씨에너지(주),005090,2020/12,195.65,38.66
에스지씨이테크건설(주),016250,2020/12,348.31,113.64
에스지에이(주),049470,2020/12,72.48,120.73
에스지에이솔루션즈(주),184230,2020/12,69.14,87.23
에스지이(주),255220,2020/12,238.29,102.36
에스케이(주),034730,2020/12,59.07,61.86
에스케이가스(주),018670,2020/12,142.91,147.27
에스케이네트웍스(주),001740,2020/12,197.42,77.02
에스케이디스커버리(주),006120,2020/12,25.46,218.02
에스케이디앤디(주),210980,2020/12,187.99,135.14
에스케이렌터카(주),068400,2020/12,382.6,27.09
에스케이바이오사이언스(주),302440,2020/12,113.14,184.84
에스케이바이오팜(주),326030,2020/12,28.59,726.81
에스케이씨(주),011790,2020/12,52.91,56.63
에스케이아이이테크놀로지(주),361610,2020/12,35.06,364.09
에스케이증권(주),001510,2020/12,,
에스케이케미칼(주),285130,2020/12,97.11,117.54
에스케이텔레콤(주),017670,2020/12,84.36,99.42
에스케이하이닉스(주),000660,2020/12,29.24,177.75
에스텍(주),069510,2020/12,40.16,239.44
에스트래픽(주),234300,2020/12,171.17,98.75
에스티팜(주),237690,2020/12,47.84,1540.21
에스퓨얼셀(주),288620,2020/12,71.3,244.37
에쓰-오일(주),010950,2020/12,176.08,76.03
에쓰씨엔지니어링(주),023960,2020/12,248.66,45.32
에어부산(주),298690,2020/12,838.17,29.08
에이디엠코리아(주),187660,2020/12,37.89,344.72
에이비엘바이오(주),298380,2020/12,10.18,902.55
에이비온(주),203400,2020/12,0,118.54
에이에프더블류(주),312610,2020/12,2.66,2542.51
에이치디씨(주),012630,2020/12,8.83,81.84
에이치디씨랩스(주),039570,2020/12,32.96,359.63
에이치디씨현대산업개발(주),294870,2020/12,121.62,192.35
에이치디씨현대이피(주),089470,2020/12,75.14,203.49
에이치비솔루션(주),297890,2020/12,45.28,254.33
에이치에스디엔진(주),082740,2020/12,275.38,55.8
에이치엘디앤아이한라(주),014790,2020/12,230.52,105.79
에이치엘만도(주),204320,2020/12,185.89,97.98
에이치엘비(주),028300,2020/12,6.21,383.6
에이치엘비글로벌(주),003580,2020/12,60.98,152.03
에이치엘비생명과학(주),067630,2020/12,8.47,800.52
에이치엘비제약(주),047920,2020/12,149.7,153.23
에이치엘비테라퓨틱스(주),115450,2020/12,18.3,323.04
에이치엘홀딩스(주),060980,2020/12,86.36,69.01
에이치엠씨아이비제4호기업인수목적(주),353070,2020/12,,
에이치엠씨아이비제5호기업인수목적(주),353060,2020/12,,
에이치엠엠(주),011200,2020/12,447.62,74.29
에이치케이이노엔(주),195940,2020/12,117.24,74.6
에이케이홀딩스(주),006840,2020/12,30.54,7.56
에이테크솔루션(주),071670,2020/12,124.98,115.32
에이프로젠제약(주),003060,2020/12,1.94,4296.96
에이피시스템(주),265520,2020/12,170.04,143.14
에이피에스홀딩스(주),054620,2020/12,14.31,131.99
에이피위성(주),211270,2020/12,41.11,320.32
에이피티씨(주),089970,2020/12,31.11,332.8
에코바이오홀딩스(주),038870,2020/12,12.57,326.89
에코캡(주),128540,2020/12,83.81,163.59
에코플라스틱(주),038110,2020/12,195.24,55.3
에프엔에스테크(주),083500,2020/12,84.19,144.5
엑스큐어(주),070300,2020/12,10.06,893.74
엔브이에이치코리아(주),067570,2020/12,150.71,47.8
엔시트론(주),101400,2020/12,64.56,203.4
엔에이치엔(주),181710,2020/12,6.63,135.34
엔에이치엔한국사이버결제(주),060250,2020/12,141.91,136.97
엔에이치투자증권(주),005940,2020/12,,
엔피씨(주),004250,2020/12,31.2,147.64
엘브이엠씨홀딩스(주),900140,2020/12,,
엘비세미콘(주),061970,2020/12,167.46,47.28
엘아이지넥스원(주),079550,2020/12,285.55,112.07
엘에스전선아시아(주),229640,2020/12,4.29,2775.4
엘지디스플레이(주),034220,2020/12,160.2,68.25
엘지전자(주),066570,2020/12,199.34,79.91
엘컴텍(주),037950,2020/12,13.28,173.64
엘티씨(주),170920,2020/12,51.85,132.59
엠벤처투자(주),019590,2020/12,,
엠에프엠코리아(주),323230,2020/12,107.15,155.85
엠케이전자(주),033160,2020/12,196.39,80.22
영보화학(주),014440,2020/12,9.69,301.25
영신금속공업(주),007530,2020/12,240.67,69.34
영진약품(주),003520,2020/12,64.38,327.39
영창케미칼(주),112290,2020/12,194.38,49.63
영풍정밀(주),036560,2020/12,16.11,698.12
영풍제지(주),006740,2020/12,59.76,415.04
영화금속(주),012280,2020/12,168.15,107.17
영화테크(주),265560,2020/12,22.04,347.34
예스이십사(주),053280,2020/12,114.38,83.63
오가닉티코스메틱스홀딩스컴퍼니리미티드,900300,2020/12,,
오로라월드(주),039830,2020/12,118.33,55.87
오상자이엘(주),053980,2020/12,118.56,104.43
오성첨단소재(주),052420,2020/12,14.3,641.04
오션브릿지(주),241790,2020/12,16.6,366.93
오스템임플란트(주),048260,2020/12,270.04,100.47
오토앤(주),353590,2020/12,683.3,133.14
올리패스(주),244460,2020/12,49.74,283.72
올릭스(주),226950,2020/12,69.17,1375.32
옴니시스템(주),057540,2020/12,18.44,361.88
옵티시스(주),109080,2020/12,9.08,1049.69
와이더블유(주),051390,2020/12,57.88,261.56
와이아이케이(주),232140,2020/12,24.41,455.04
와이엠씨(주),155650,2020/12,27.69,272.75
와이엠티(주),251370,2020/12,104.11,185.23
와토스코리아(주),079000,2020/12,4.35,3935.88
우리기술투자(주),041190,2020/12,,
우리바이오(주),082850,2020/12,31.89,257.07
우리산업(주),215360,2020/12,107.65,132.97
우리산업홀딩스(주),072470,2020/12,1.82,157.22
우리손에프앤지농업회사법인(주),073560,2020/12,52.97,153.95
우리엔터프라이즈(주),037400,2020/12,30.06,102.99
우리이앤엘(주),153490,2020/12,81.09,175.39
우리종합금융(주),010050,2020/12,,
우림피티에스(주),101170,2020/12,13.44,401.34
우수AMS(주),066590,2020/12,105.58,76.67
우원개발(주),046940,2020/12,72.01,93.38
우진비앤지(주),018620,2020/12,111.18,78.49
원텍(주),336570,2020/12,,
원풍물산(주),008290,2020/12,55.82,123.96
웰바이오텍(주),010600,2020/12,212.86,44.9
웹케시(주),053580,2020/12,47.83,163.57
위더스제약(주),330350,2020/06,39.41,304.33
위즈코프(주),038620,2020/12,13.79,2108
윈텍(주),320000,2020/12,9.57,999.01
윙입푸드홀딩스,900340,2020/12,,
유네코(주),064510,2020/12,822.37,15.92
유니셈(주),036200,2020/12,33.46,313.92
유니슨(주),018000,2020/12,217.44,100.98
유니온머티리얼(주),047400,2020/12,94.33,157.09
유니퀘스트(주),077500,2020/12,82.42,151.4
유비벨록스(주),089850,2020/12,81.38,131.27
유성기업(주),002920,2020/12,48.93,224.97
유아이엘(주),049520,2020/12,19.21,305.21
유안타제7호기업인수목적(주),367460,2020/12,,
유안타제8호기업인수목적(주),367480,2020/12,,
유안타증권(주),003470,2020/12,,
유엔젤(주),072130,2020/12,28.07,340.37
유일에너테크(주),340930,2020/12,100.89,200.85
유진기업(주),023410,2020/12,90.44,75.95
유진기업인수목적6호(주),373340,2020/12,,
유진투자증권(주),001200,2020/12,,
유화증권(주),003460,2020/12,,
율촌화학(주),008730,2020/12,74.41,139.01
이건산업(주),008250,2020/12,132.65,56.42
이구산업(주),025820,2020/12,165.64,100.37
이노뎁(주),303530,2020/12,73.36,190.57
이노시스(주),056090,2020/12,126.87,99.76
이니텍(주),053350,2020/12,10,398.61
이베스트기업인수목적5호(주),349720,2020/12,,
이베스트투자증권(주),078020,2020/12,,
이삭엔지니어링(주),351330,2020/12,92.54,246.7
이스트아시아홀딩스인베스트먼트리미티드,900110,2020/12,,
이엠코리아(주),095190,2020/12,79.83,85.55
이연제약(주),102460,2020/12,36.45,233.13
이오플로우(주),294090,2020/12,16.96,1368.07
이원다이애그노믹스(주),245620,2020/12,136.6,114.16
이원컴포텍(주),088290,2020/12,327.15,32
이지케어텍(주),099750,2020/03,40.46,325.37
이트론(주),096040,2020/12,54.5,98.04
이화공영(주),001840,2020/12,102.07,162.89
이화산업(주),000760,2020/12,56.57,97.38
이화전기공업(주),024810,2020/12,33.32,182.86
인바이오(주),352940,2020/12,93.42,160.53
인베니아(주),079950,2020/12,250.79,97.26
인선이엔티(주),060150,2020/12,39.81,110.42
인지컨트롤스(주),023800,2020/12,103.48,69.32
인천도시가스(주),034590,2020/12,76.85,249.16
인카금융서비스(주),211050,2020/12,587.97,110.35
인크로스(주),216050,2020/12,140.61,163.03
인탑스(주),049070,2020/12,24.17,301.38
인터지스(주),129260,2020/12,98.45,159.37
인포뱅크(주),039290,2020/12,30.78,200.34
인화정공(주),101930,2020/12,68.49,38.97
일동제약(주),249420,2020/12,137.87,125.36
일동홀딩스(주),000230,2020/12,44.4,10.34
일성건설(주),013360,2020/12,229.07,87.72
일성신약(주),003120,2020/12,6.83,1564.69
일신방직(주),003200,2020/12,19.22,328.12
일양약품(주),007570,2020/12,91.7,65.64
일정실업(주),008500,2020/12,65.62,186.93
일진다이아몬드(주),081000,2020/12,13.09,762.96
일진디스플레이(주),020760,2020/12,270.36,26.9
일진머티리얼즈(주),020150,2020/12,16.69,733.9
일진전기(주),103590,2020/12,155.95,108.87
일진하이솔루스(주),271940,2020/12,52.77,205.35
일진홀딩스(주),015860,2020/12,8.92,76.82
잉글우드랩(주),950140,2020/12,40.33,319.67
자이글(주),234920,2020/12,20.43,185.04
자이에스앤디(주),317400,2020/12,154.26,129.56
자화전자(주),033240,2020/12,27.68,289.43
재영솔루텍(주),049630,2020/12,255.09,57.39
전방(주),000950,2020/12,166.5,103.58
전진바이오팜(주),110020,2020/12,65.7,136.01
제너셈(주),217190,2020/12,237.18,128.19
제룡산업(주),147830,2020/12,7.49,1417.65
제룡전기(주),033100,2020/12,21.18,390.99
제이더블유생명과학(주),234080,2020/12,65.35,75.7
제이더블유신약(주),067290,2020/12,43.27,90.13
제이더블유중외제약(주),001060,2020/12,159.88,128.65
제이더블유홀딩스(주),096760,2020/12,104.03,33.93
제이스코홀딩스(주),023440,2020/12,60.41,101.36
제이씨케미칼(주),137950,2020/12,105.6,95.18
제이씨현시스템(주),033320,2020/12,48.48,243.91
제이엔케이히터(주),126880,2020/12,80.62,154.25
제이엠아이(주),033050,2020/12,16.73,444.64
제이엠티(주),094970,2020/12,13.45,483.82
제이준코스메틱(주),025620,2020/12,29.16,67.48
제일약품(주),271980,2020/12,135.6,127.24
제일연마공업(주),001560,2020/12,14.2,398.06
제일전기공업(주),199820,2020/12,29.27,248.32
제일파마홀딩스(주),002620,2020/12,30.64,19.31
제주맥주(주),276730,2020/12,85.84,109.17
조광아이엘아이(주),044060,2020/12,48.29,126.33
조광페인트(주),004910,2020/12,74.84,92.23
조광피혁(주),004700,2020/12,8.98,849.42
조선내화(주),000480,2020/12,66.17,91.66
조선선재(주),120030,2020/12,7.71,1362.66
조아제약(주),034940,2020/12,35.79,258.87
조일알미늄(주),018470,2020/12,145.73,104.58
주성엔지니어링(주),036930,2020/12,142.19,85.41
줌인터넷(주),239340,2020/12,22.96,405.2
중소기업은행,024110,2020/12,,
지나인제약(주),078650,2020/12,193.77,74.79
지니너스(주),389030,2020/12,,
지니언스(주),263860,2020/12,24.65,529.35
지더블유바이텍(주),036180,2020/12,226.03,139.46
지에스건설(주),006360,2020/12,168.57,131.14
지에이치신소재(주),130500,2020/12,84.92,70.07
지엔원에너지(주),270520,2020/12,18.44,556.07
지엘팜텍(주),204840,2020/12,43.59,301.25
지엠비코리아(주),013870,2020/12,96.07,118.44
지투파워(주),388050,2020/12,,
진양산업(주),003780,2020/12,49.71,137.97
진양제약(주),007370,2020/12,47,169.37
진양폴리우레탄(주),010640,2020/12,64.61,120.69
진양화학(주),051630,2020/12,38.59,151.97
진원생명과학(주),011000,2020/12,34.15,289.82
진흥기업(주),002780,2020/12,138.05,149.39
차이나크리스탈신소재홀딩스,900250,2020/12,,
참엔지니어링(주),009310,2020/12,198.27,94.87
참좋은여행(주),094850,2020/12,5.15,2667.68
카페24(주),042000,2020/12,44.33,152.36
커머스마이너 (주),223310,2020/12,25.53,456.14
컨버즈(주),109070,2020/12,176.7,98.13
컬러레이홀딩스,900310,2020/12,,
컴퍼니케이파트너스(주),307930,2020/12,,
케이디켐(주),221980,2020/12,19.96,397.87
케이만금세기차륜집단유한공사,900280,2020/12,,
케이비아이동국실업(주),001620,2020/12,148.4,53.53
케이비아이메탈(주),024840,2020/12,122.63,157.32
케이비제20호기업인수목적(주),342550,2020/12,,
케이씨그린홀딩스(주),009440,2020/12,19.19,671.23
케이씨코트렐(주),119650,2020/12,2817.72,100.75
케이알모터스(주),000040,2020/12,160.42,21.36
케이에이치건설(주),226360,2020/12,43.15,108.09
케이에이치전자(주),111870,2020/12,27.73,123.61
케이엠제약(주),225430,2020/12,23.22,389.55
케이지이티에스(주),151860,2020/12,101.22,58.51
케이지케미칼(주),001390,2020/12,76.43,48.48
케이카(주),381970,2020/12,100.22,515.07
케이피엑스라이프사이언스(주),114450,2020/12,19.33,227.92
케이피엑스케미칼(주),025000,2020/12,17.4,393.85
케이피엑스홀딩스(주),092230,2020/12,10.26,368.02
켄코아에어로스페이스(주),274090,2020/12,106.52,109.04
코나아이(주),052400,2020/12,598.84,97.07
코드네이처(주),078940,2020/12,75.45,148.73
코리아에셋투자증권(주),190650,2020/03,,
코리아에프티(주),123410,2020/12,162.48,131.35
코리안리재보험(주),003690,2020/12,,
코스맥스(주),192820,2020/12,192,82.18
코스맥스비티아이(주),044820,2020/12,61.63,43.58
코스맥스엔비티(주),222040,2020/12,146.49,59.44
코스모신소재(주),005070,2020/12,104.93,103.54
코스모화학(주),005420,2020/12,185.34,36.72
코아스템(주),166480,2020/12,272.73,107.48
코오롱글로벌(주),003070,2020/12,321.25,71.8
코오롱생명과학(주),102940,2020/12,292.44,67.45
코오롱인더스트리(주),120110,2020/12,90.24,75.4
코오롱티슈진(주),950160,2020/12,51.41,414.64
코오롱플라스틱(주),138490,2020/12,59.11,155.8
코웨이(주),021240,2020/12,95.61,66.86
코웰패션(주),033290,2020/12,27.69,322.99
코위버(주),056360,2020/12,24.29,331.46
콜마비앤에이치(주),200130,2020/12,31.14,249.84
쿠쿠홀딩스(주),192400,2020/12,8.45,835.54
쿠쿠홈시스(주),284740,2020/12,24.36,294.85
큐렉소(주),060280,2020/12,9.12,1145.83
큐알티(주),405100,2020/12,90.86,110.66
큐캐피탈파트너스(주),016600,2020/12,,
크로바하이텍(주),043590,2020/12,38.45,192.07
크루셜텍(주),114120,2020/12,70.79,264.03
크리스탈지노믹스(주),083790,2020/12,19.42,443.2
키네마스터(주),139670,2020/12,14.33,1136.47
키움증권(주),039490,2020/12,,
태경산업(주),015890,2020/12,10.6,267.23
태경케미컬(주),006890,2020/12,12.98,561.53
태광산업(주),003240,2020/12,16.44,566.71
태림포장(주),011280,2020/12,77.18,56.04
태양금속공업(주),004100,2020/12,236.27,50.35
태원물산(주),001420,2020/12,21.11,513.66
태평양물산(주),007980,2020/12,186.61,60.83
테고사이언스(주),191420,2020/12,2.59,2432.05
테라사이언스(주),073640,2020/12,83.35,149.8
텔코웨어(주),078000,2020/12,11.89,706.26
티와이엠(주),002900,2020/12,157.65,112.6
티제이미디어(주),032540,2020/12,35.76,192.41
티케이지애강(주),022220,2020/12,13.02,598.52
티케이지휴켐스(주),069260,2020/12,26.79,442.53
팅크웨어(주),084730,2020/12,37.92,233.61
파나케이아(주),058530,2020/12,40.15,173.87
파미셀(주),005690,2020/12,22.13,659.83
팜젠사이언스(주),004720,2020/12,69.11,198.56
패션플랫폼(주),225590,2020/12,31.56,333.45
팬오션(주),028670,2020/12,63.57,97.76
퍼스텍(주),010820,2020/12,304.02,80.45
펌텍코리아(주),251970,2020/12,22.13,336.31
페이퍼코리아(주),001020,2020/12,1660.84,56.14
평화산업(주),090080,2020/12,649.84,78.69
평화홀딩스(주),010770,2020/12,47.16,71.07
포스코스틸리온(주),058430,2020/12,106,135.71
포스코홀딩스(주),005490,2020/12,25.89,384.74
풍국주정공업(주),023900,2020/12,4.66,1324.54
풍원정밀(주),371950,2020/12,132.86,64.7
프레스티지바이오로직스(주),334970,2020/12,0,17.5
프레스티지바이오파마,950210,2020/06,,
프리시젼바이오(주),335810,2020/12,11.63,895.31
피씨엘(주),241820,2020/12,18.53,594.73
피아이첨단소재(주),178920,2020/12,42.82,178.14
피앤씨테크(주),237750,2020/12,12.15,656.56
피에스케이(주),319660,2020/12,23.86,418.24
피에스케이홀딩스(주),031980,2020/12,17.08,583.49
피에스텍(주),002230,2020/12,10.92,1510.21
피에이치에이(주),043370,2020/12,50.59,149.83
피엔케이피부임상연구센타(주),347740,2020/12,7.67,1437.88
하나금융15호기업인수목적(주),341160,2020/12,,
하나금융16호기업인수목적(주),343510,2020/12,,
하나마이크론(주),067310,2020/12,220.87,63.31
하나머스트7호기업인수목적(주),372290,2020/12,,
하나머티리얼즈(주),166090,2020/12,87.46,126.1
하나제약(주),293480,2020/12,19.02,431.67
하이록코리아(주),013030,2020/12,9.45,1349.08
하이즈항공(주),221840,2020/12,79.19,213.36
하이트진로(주),000080,2020/12,184.8,56.49
하이트진로홀딩스(주),000140,2020/12,61.7,0.13
하인크코리아(주),373200,2020/12,,
한국가스공사(주),036460,2020/12,420.64,95.98
한국공항(주),005430,2020/12,53.14,238.59
한국기업평가(주),034950,2020/12,32.2,262.38
한국내화(주),010040,2020/12,40.68,322.58
한국단자공업(주),025540,2020/12,29.02,244.66
한국맥널티(주),222980,2020/12,66.72,329.6
한국석유공업(주),004090,2020/12,76.55,113.16
한국선재(주),025550,2020/12,91.96,92.77
한국수출포장공업(주),002200,2020/12,22.41,251.7
한국쉘석유(주),002960,2020/12,51.46,249.16
한국알콜산업(주),017890,2020/12,13.22,415.02
한국앤컴퍼니(주),000240,2020/12,2.62,1059.14
한국유나이티드제약(주),033270,2020/12,27.64,302.6
한국유니온제약(주),080720,2020/12,40.15,190.95
한국자산신탁(주),123890,2020/12,,
한국전력공사(주),015760,2020/12,112.08,48.8
한국전력기술(주),052690,2020/12,40.11,126.58
한국전자금융(주),063570,2020/12,176.88,98.54
한국전자인증(주),041460,2020/12,42.98,220.58
한국정밀기계(주),101680,2020/12,70.17,184.86
한국정보공학(주),039740,2020/12,87.68,126.69
한국정보인증(주),053300,2020/12,30.87,301.69
한국정보통신(주),025770,2020/12,57.97,236.44
한국조선해양(주),009540,2020/12,3.3,695.86
한국주강(주),025890,2020/12,54.8,95.94
한국주철관공업(주),000970,2020/03,21.13,224.51
한국지역난방공사,071320,2020/12,236.63,63.18
한국철강(주),104700,2020/12,24.68,371.95
한국캐피탈(주),023760,2020/12,,
한국컴퓨터(주),054040,2020/12,20.18,792.33
한국콜마(주),161890,2020/12,81.75,184.18
한국콜마홀딩스(주),024720,2020/12,64.5,38.88
한국타이어앤테크놀로지(주),161390,2020/12,37.65,239.95
한국투자금융지주(주),071050,2020/12,,
한국프랜지공업(주),010100,2020/12,132.44,110.82
한국항공우주산업(주),047810,2020/12,310.57,119.34
한국화장품(주),123690,2020/12,39.59,312.81
한라아이엠에스(주),092460,2020/12,60.35,118.89
한미반도체(주),042700,2020/12,28.15,304.5
한미사이언스(주),008930,2020/12,15.26,17.66
한미약품(주),128940,2020/12,177.32,75.8
한성기업(주),003680,2020/12,287.74,78.54
한세실업(주),105630,2020/12,103.92,165.89
한세엠케이(주),069640,2020/12,48.67,269.81
한세예스24홀딩스(주),016450,2020/12,84.84,3.27
한솔로지스틱스(주),009180,2020/12,239.94,86.25
한솔아이원스(주),114810,2020/12,101.6,58.65
한솔인티큐브(주),070590,2020/12,59.31,254.6
한솔제지(주),213500,2020/12,158.18,88.68
한솔테크닉스(주),004710,2020/12,84.84,140.18
한솔피엔에스(주),010420,2020/12,145.39,148.19
한솔홀딩스(주),004150,2020/12,2.44,614.53
한스바이오메드(주),042520,2020/09,92.28,184.5
한신공영(주),004960,2020/12,168.65,129.7
한신기계공업(주),011700,2020/12,13.62,628.8
한양디지텍(주),078350,2020/12,96.12,69.33
한양이엔지(주),045100,2020/12,50.55,174.56
한양증권(주),001750,2020/12,,
한온시스템(주),018880,2020/12,269.52,124.48
한올바이오파마(주),009420,2020/12,21.36,559.99
한일단조공업(주),024740,2020/12,108.46,72.43
한일사료(주),005860,2020/12,64.25,151.9
한일시멘트(주),300720,2020/12,57.33,128.53
한일철강(주),002220,2020/12,96.68,80.73
한일현대시멘트(주),006390,2020/12,120,84.24
한일홀딩스(주),003300,2020/12,66.98,244.96
한일화학공업(주),007770,2020/12,45,1102.94
한전산업개발(주),130660,2020/12,94.89,149.43
한전케이피에스(주),051600,2020/12,28.26,296.84
한창산업(주),079170,2020/12,14.42,1464.86
한화생명보험(주),088350,2020/12,,
한화손해보험(주),000370,2020/12,,
한화솔루션(주),009830,2020/12,85.64,86.88
한화시스템(주),272210,2020/12,158.78,123.56
한화에어로스페이스(주),012450,2020/12,132.58,133.62
한화투자증권(주),003530,2020/12,,
해성디에스(주),195870,2020/12,65.32,144.91
해성산업(주),034810,2020/12,37.66,86.79
해성옵틱스(주),076610,2020/12,106.99,51.66
해태제과식품(주),101530,2020/12,122.62,68.07
핸즈코퍼레이션(주),143210,2020/12,96.22,98.6
헝셩그룹유한회사,900270,2020/12,,
현대건설(주),000720,2020/12,114.7,189.93
현대건설기계(주),267270,2020/12,102.66,168.15
현대글로비스(주),086280,2020/12,111.94,155.54
현대두산인프라코어(주),042670,2020/12,245.01,80.43
현대로템(주),064350,2020/12,215.78,125.21
현대모비스(주),012330,2020/12,29.68,255.18
현대무벡스(주),319400,2020/12,,
현대바이오사이언스(주),048410,2020/12,79.55,465.31
현대비앤지스틸(주),004560,2020/12,50.73,347.04
현대약품(주),004310,2020/11,74.73,155.47
현대에너지솔루션(주),322000,2020/12,38.75,292.23
현대에이치티(주),039010,2020/12,25.62,265.69
현대엘리베이터(주),017800,2020/12,85.97,148.55
현대오토에버(주),307950,2020/12,79.78,200.93
현대위아(주),011210,2020/12,90.98,212.45
현대일렉트릭앤에너지시스템(주),267260,2020/12,201.05,121.4
현대자동차(주),005380,2020/12,47.12,138.98
현대제철(주),004020,2020/12,97.85,152.73
현대중공업(주),329180,2020/12,157.42,117.1
현대차증권(주),001500,2020/12,,
현대코퍼레이션(주),011760,2020/12,153.06,120.98
현대코퍼레이션홀딩스(주),227840,2020/12,19.2,611.68
현대해상화재보험(주),001450,2020/12,,
현우산업(주),092300,2020/12,127.54,150.15
호전실업(주),111110,2020/12,93.35,189.04
화성밸브(주),039610,2020/12,36.09,674.68
화성산업(주),002460,2020/12,33.91,404.04
화일약품(주),061250,2020/12,8.17,860.63
화천기계(주),010660,2020/12,21.91,252.19
화천기공(주),000850,2020/12,24.95,341.83
환인제약(주),016580,2020/12,11.09,798.2
효성아이티엑스(주),094280,2020/12,227.69,63.82
효성오앤비(주),097870,2020/06,15.68,436.56
효성중공업(주),298040,2020/12,209.39,71.92
효성첨단소재(주),298050,2020/12,176.79,43.77
효성티앤씨(주),298020,2020/12,147.33,69.9
효성화학(주),298000,2020/12,232.82,55.93
휴림네트웍스(주),192410,2020/12,107.55,210.16
휴림로봇(주),090710,2020/12,71.3,86.3
휴마시스(주),205470,2020/12,39.94,439.9
휴젤(주),145020,2020/12,28.38,879.33
흥구석유(주),024060,2020/12,5.18,1108.08
흥국화재해상보험(주),000540,2020/12,,
흥아해운(주),003280,2020/12,0,35.11
