,종목코드,코스피 일별변동 표준편차,연간 수익률,1년_만기_국채수익률,코스피 샤프지수
0,000020,5.28461012834131,116.56534954407294,0.984,21.871310605149727
1,000040,5.407983040824467,119.16666666666667,0.984,21.853372278447324
2,000050,3.496648438977314,65.0,0.984,18.307817076035004
3,000060,2.1268877478545103,61.25000000000001,0.984,28.33529887075286
4,000070,3.32838182068896,126.60217654171706,0.984,37.74151624098063
5,000075,3.835592554325324,97.7124183006536,0.984,25.218637519664288
6,000080,2.2291283804474906,36.734693877551024,0.984,16.037969903902162
7,000087,1.8490151055357031,55.00000000000001,0.984,29.21339032779308
8,000100,2.5293874933430636,46.62694552529183,0.984,18.045058594389605
9,000105,3.2057644560441623,46.54014449984736,0.984,14.210696114605552
10,000120,2.172366881108979,42.96875,0.984,19.32673084141619
11,000140,2.2758981400783256,66.17647058823529,0.984,28.644722468111723
12,000145,2.4723883202968877,44.285714285714285,0.984,17.514123461202306
13,000150,3.829070443029881,42.714285714285715,0.984,10.898281014977938
14,000155,3.6153819814875763,21.472392638036812,0.984,5.667006347585632
15,000157,6.959104490829636,80.95238095238095,0.984,11.491188421981498
16,000180,2.9897573614091577,90.4,0.984,29.90744371237394
17,000210,3.33955673572859,42.1931877275091,0.984,12.339717809441108
18,000215,2.8401761216879753,68.19454566376434,0.984,23.664217564021957
19,000220,4.368188352131188,71.51492255383452,0.984,16.146492977900852
20,000225,6.292450375493099,168.0597014925373,0.984,26.55177101487187
21,000227,6.5755516081567755,166.2508994962821,0.984,25.13354154064785
22,000230,2.4665988350549415,89.56406869220608,0.984,35.91182620915858
23,000240,4.433448430380333,115.11627906976744,0.984,25.743454753566706
24,000270,3.2598960187381953,224.4618395303327,0.984,68.55367111274734
25,000300,3.5241450382913317,30.81967213114754,0.984,8.466073844001963
26,000320,1.5168876561975106,67.1001300390117,0.984,43.58670186871299
27,000325,2.23312656428374,13.194444444444445,0.984,5.467869416689717
28,000370,3.453089513998418,201.23456790123458,0.984,57.9917106375153
29,000390,5.1087116405011725,176.8729641693811,0.984,34.42922140583494
30,000400,2.5289417907321488,45.8498023715415,0.984,17.740939129544966
31,000430,2.5627607426211925,71.1281070745698,0.984,27.370525038879123
32,000480,1.261004490631308,16.619318181818183,0.984,12.399097939762715
33,000490,2.99182166662543,153.78787878787878,0.984,51.073859278595
34,000500,3.0715835599762733,116.18468205683807,0.984,37.505306239407
35,000520,2.7494465704296696,20.783132530120483,0.984,7.201133763812829
36,000540,3.1722660399075826,93.63207547169812,0.984,29.205644894271614
37,000545,7.03329955010552,77.491961414791,0.984,10.877961456034269
38,000547,4.886949878876369,-28.771929824561404,0.984,-6.088855126830774
39,000590,3.490341075550011,50.05834305717619,0.984,14.060042269491674
40,000640,2.89822080233344,31.5468940316687,0.984,10.545398751903804
41,000650,2.873873566171476,29.78723404255319,0.984,10.022443012663343
42,000660,2.3903329995155325,69.00510204081633,0.984,28.45674726266286
43,000670,1.8662227133699578,26.521739130434785,0.984,13.684186216081175
44,000680,4.146519988170452,89.26174496644296,0.984,21.289598318177482
45,000700,1.7191487710027193,17.863720073664823,0.984,9.818649996078856
46,000720,2.4120081591553215,70.73258176313588,0.984,28.917224636404896
47,000725,6.2735338305822905,80.9412272653678,0.984,12.745165551764693
48,000760,2.67826927362219,100.42735042735043,0.984,37.12970589131973
49,000810,2.254232499376168,26.666666666666668,0.984,11.393086859396288
50,000815,1.5873499794773276,31.69642857142857,0.984,19.348240128834952
51,000850,1.196177054267922,22.22222222222222,0.984,17.755082449078014
52,000860,1.965908099633296,112.98245614035088,0.984,56.970341676318505
53,000880,3.2695251453382443,109.53947368421053,0.984,33.20221403985565
54,000885,7.441042070339736,145.7142857142857,0.984,19.450271124146155
55,00088K,1.9117817887667428,56.31808278867102,0.984,28.943723135037327
56,000890,2.630712334877919,48.88010540184453,0.984,18.206515690385128
57,000910,6.2380495340970485,294.60674157303373,0.984,47.069639310829125
58,000950,5.386258390401603,242.54385964912282,0.984,44.84743251077339
59,000970,1.9402941863657908,32.285714285714285,0.984,16.132457905439075
60,000990,3.39170174592923,169.377990430622,0.984,49.648820281067145
61,000995,7.006377423425176,177.62803234501348,0.984,25.21189220472486
62,001020,5.479554468529894,130.80808080808083,0.984,23.6924519235432
63,001040,2.3844462059973917,51.12540192926045,0.984,21.02853140622091
64,001045,2.1450926592991224,76.21283255086072,0.984,35.07020185106626
65,00104K,2.0514187618290856,79.35174069627851,0.984,38.20172758213651
66,001060,2.957813684361271,5.144295669305703,0.984,1.4065441955665654
67,001065,6.739996580109851,40.740579773132254,0.984,5.898605333192066
68,001067,7.09561302961892,83.81619846343324,0.984,11.6737198206371
69,001070,1.424045034029241,119.5710455764075,0.984,83.27478607953383
70,001080,2.822996987667428,84.0909090909091,0.984,29.439248236526904
71,001120,3.5063571627219883,258.830146231721,0.984,73.53676030868311
72,001130,2.222920979609615,18.0,0.984,7.654793020572559
73,001140,4.576484856162458,44.336569579288025,0.984,9.472896981383363
74,001200,3.678215648268356,132.183908045977,0.984,35.669444261035586
75,001210,3.620580423734155,13.852813852813853,0.984,3.554351056105351
76,001230,3.8652577571783153,280.7531380753138,0.984,72.38046092935046
77,001250,2.680236941364436,98.4126984126984,0.984,36.350778137958244
78,001260,4.299429260001836,60.32295271049596,0.984,13.801588332324513
79,001270,1.3667512449392074,44.904458598726116,0.984,32.134932206101396
80,001275,1.054219263445003,35.57046979865772,0.984,32.807662502424044
81,001290,2.0972895433493046,9.58904109589041,0.984,4.102934248243298
82,001340,4.136965382836221,98.47494553376906,0.984,23.565811292075935
83,001360,4.508432817277945,33.56242840778923,0.984,7.226109321832834
84,001380,4.265429772786483,242.24598930481284,0.984,56.562175948615675
85,001390,3.5957363520544283,166.00985221674878,0.984,45.89486994018932
86,001420,2.104815528386974,40.849673202614376,0.984,18.94022191729336
87,001430,3.4216463664381402,145.69536423841058,0.984,42.29290485943817
88,001440,4.673562990609015,131.44654088050314,0.984,27.91500641858311
89,001450,2.246208366092582,16.113744075829384,0.984,6.735681472929651
90,001460,1.8381571794962732,84.75935828877004,0.984,45.57573162036544
91,001465,1.8741078378008296,59.305993690851736,0.984,31.119870753696667
92,001470,4.812805519969795,539.8390342052313,0.984,111.96276931809476
93,001500,2.3210268040427406,94.48584202682562,0.984,40.28468859729025
94,001510,3.885342993813356,76.75350701402806,0.984,19.501368897077064
95,001515,6.391344529596515,147.61904761904762,0.984,22.942754367257475
96,001520,3.0597305423652608,21.49122807017544,0.984,6.702298711023995
97,001525,4.592009932593708,38.54389721627409,0.984,8.179402433273724
98,001527,5.625539745869834,47.09517923362176,0.984,8.196756456565028
99,001530,3.6568531901137398,231.98029556650246,0.984,63.16805284691173
100,001550,3.8000575893304087,61.832061068702295,0.984,16.012404980268748
101,001560,1.629086076278346,41.15523465703971,0.984,24.658755140066674
102,001570,4.80874605638326,106.73076923076923,0.984,21.99050812641647
103,001620,2.5269158740412614,74.1635687732342,0.984,28.960033661983033
104,001630,3.7384799718754316,-5.47945205479452,0.984,-1.7288984034738828
105,001680,2.0737256898063183,44.126074498567334,0.984,20.80413755331194
106,001685,2.088937906730165,63.33333333333333,0.984,29.84738470801621
107,001720,1.2111848327466461,24.53653217011996,0.984,19.445861220627293
108,001725,0.983172635450182,22.722283205268933,0.984,22.110341990260192
109,001740,2.298574341187119,23.736263736263734,0.984,9.898424135594034
110,001745,6.813060157669677,55.49215406562055,0.984,8.000539082905204
111,001750,2.011620915643122,110.82089552238806,0.984,54.60118985056031
112,001755,6.86860603034176,174.8815165876777,0.984,25.317730529235945
113,001770,3.3189621628832877,45.370370370370374,0.984,13.373569264137235
114,001780,5.229778834851136,205.31561461794018,0.984,39.0707945919775
115,001790,2.0480080628520976,92.76729559748428,0.984,44.81588586602779
116,001795,2.2019084696945175,135.5140186915888,0.984,61.09700768363585
117,001800,1.7239229257585729,22.317596566523605,0.984,12.375029212594432
118,001820,2.4505890892672646,72.25725094577552,0.984,29.084129713107675
119,001880,3.045071673827909,144.05594405594405,0.984,46.984754180216285
120,001940,1.5600899936028427,82.48945147679325,0.984,52.244070413249744
121,002020,3.8749023441035826,93.33333333333333,0.984,23.832686641473895
122,002025,4.673032425333218,111.65644171779141,0.984,23.68321715848136
123,002030,1.6722668791388402,61.98125836680054,0.984,36.475791709880674
124,002070,4.8276836181023635,-4.0625857809497665,0.984,-1.04534310451219
125,002100,3.2971916495200673,39.91769547325103,0.984,11.80813844379296
126,002140,4.555410436562232,115.18987341772151,0.984,25.07038059646447
127,002150,1.9440186245110886,24.495677233429394,0.984,12.094368303360504
128,002170,1.6058685138766475,53.50877192982456,0.984,32.708015305080686
129,002200,1.9162117987368559,55.23809523809524,0.984,28.313203829482156
130,002210,3.668637184235463,15.609756097560975,0.984,3.9867000641026746
131,002220,2.01960784041875,78.2442748091603,0.984,38.25508757835927
132,002240,3.17042105713978,81.60317594391418,0.984,25.428539140679757
133,002310,2.61202689396154,77.31397459165154,0.984,29.222507152629433
134,002320,3.5574607577606074,41.331142152834836,0.984,11.341556492174218
135,002350,2.525765475172942,62.56684491978609,0.984,24.381853946898786
136,002355,1.6116956771561963,53.76623376623376,0.984,32.749503838942424
137,002360,3.1754789196651214,33.52272727272727,0.984,10.246872391821366
138,002380,2.586202512752077,85.546875,0.984,32.697700424864806
139,002390,2.7450903182654103,30.861244019138756,0.984,10.883883790759144
140,002410,4.62918663455724,39.0,0.984,8.212241804252951
141,002420,2.9477825823465325,28.33823049298074,0.984,9.279595671946018
142,002450,1.8518880927767858,28.799999999999997,0.984,15.020346050333805
143,002460,2.1772091830504303,63.758389261744966,0.984,28.832502522239697
144,002600,1.7604275139012906,37.30769230769231,0.984,20.63344955748574
145,002620,6.175565634205267,93.30453563714903,0.984,14.949324661987786
146,002630,5.8688490713998975,182.64758497316637,0.984,30.953868938025717
147,002690,3.175546911928659,130.0451807228916,0.984,40.64218992894885
148,002700,2.1758426071237915,40.0,0.984,17.931444063214926
149,002710,5.021049029180227,224.2271746944644,0.984,44.46146082164681
150,002720,5.19739144534745,38.27632333269635,0.984,7.175200045030151
151,002760,3.4477508114827295,44.44444444444444,0.984,12.605448253307486
152,002780,3.6190490769867996,92.47910863509749,0.984,25.281532990781052
153,002785,5.746155668937939,44.11134903640257,0.984,7.505426500979879
154,002787,2.72001651962068,-8.118081180811808,0.984,-3.3463330517129135
155,002790,2.378203402342103,28.26086956521739,0.984,11.469527601530876
156,002795,3.388445334876075,26.956521739130434,0.984,7.665026043597167
157,00279K,1.6796761399134723,23.853211009174313,0.984,13.61525026506146
158,002810,1.2881875020129374,18.57707509881423,0.984,13.657231630739377
159,002820,2.081556342080882,77.08333333333334,0.984,36.55886309436077
160,002840,2.1783497863765957,227.82608695652175,0.984,104.13483104283465
161,002870,6.011593483848474,299.0049751243781,0.984,49.57437257277624
162,002880,3.711663924118608,61.940298507462686,0.984,16.422903515419353
163,002900,3.0964809825053123,94.47640966628308,0.984,30.193116054806154
164,002920,2.9310225109022743,42.17687074829932,0.984,14.054095659476417
165,002960,1.2070260296327995,3.7037037037037033,0.984,2.253227053049626
166,002990,3.0250239887192767,53.677621283255085,0.984,17.419240799331416
167,002995,5.326305220026465,33.54430379746836,0.984,6.113112646088009
168,003000,5.116896226237594,9.66542750929368,0.984,1.696619811200872
169,003010,3.5446754866832295,117.00288184438041,0.984,32.73046637985467
170,003030,2.2034384807248797,122.62626262626262,0.984,55.20565411304116
171,003060,4.0713412834615905,-19.53232462173315,0.984,-5.03920531179088
172,003070,4.799868101508415,213.23529411764704,0.984,44.220234729146945
173,003075,6.78953535330123,65.59485530546624,0.984,9.516241089171286
174,003080,2.984881192257864,76.75159235668791,0.984,25.38378832404206
175,003090,6.849680881976175,191.96428571428572,0.984,27.88163259062468
176,003120,2.1961414066558977,0.984009840098401,0.984,4.480630605647769e-06
177,003160,3.241726683414614,192.24318658280924,0.984,58.999170892886575
178,003200,2.079561606779072,101.92307692307692,0.984,48.53863265893641
179,003220,3.5184743783955716,23.226111636707664,0.984,6.321521558684787
180,003230,2.0520301221129817,-5.319148936170213,0.984,-3.071664917705906
181,003240,2.1228844150124533,48.148148148148145,0.984,22.217011823449404
182,003280,0.0,0.0,0.984,-inf
183,003300,2.2132025425697197,87.23737848855441,0.984,38.97220287322044
184,003350,3.301078137161519,42.393509127789045,0.984,12.544237793594194
185,003410,1.8743620291208931,59.33609958506224,0.984,31.131712379187675
186,003460,1.6406930915905578,20.047169811320757,0.984,11.618973657553532
187,003465,1.9945852207240842,18.385650224215247,0.984,8.72444558568323
188,003470,2.482568217552358,82.21649484536083,0.984,32.72115314738481
189,003475,3.625941392987424,125.23076923076924,0.984,34.26607210780149
190,003480,3.654117757029084,44.42379182156134,0.984,11.887901460756233
191,003490,2.8721713456711444,122.53129346314327,0.984,42.31895623021792
192,003495,5.682167166964695,287.2184085855168,0.984,50.374161860221676
193,003520,4.208044617169042,31.47751605995717,0.984,7.2464811650385155
194,003530,3.7940897429081124,219.54887218045113,0.984,57.606669053886016
195,003535,7.116402109353201,472.0754716981132,0.984,66.19798382091845
196,003540,2.0593620446968783,91.40164899882215,0.984,43.90565963457431
197,003545,1.7172575158170609,84.14154652686763,0.984,48.42462226016333
198,003547,1.557666235163483,84.53188602442334,0.984,53.63657768164609
199,003550,2.763752344061757,62.883137195063796,0.984,22.396774200141802
200,003555,2.471070128515987,88.51560553756362,0.984,35.422550144350275
201,003560,2.6220327050260748,63.52459016393443,0.984,23.8519489265152
202,003570,1.8136224840551143,35.37906137184115,0.984,18.96484062931143
203,003580,3.8026565065509486,28.333333333333332,0.984,7.192165078864691
204,003610,2.164718238712655,41.53846153846154,0.984,18.73429105608637
205,003620,5.811457114489835,94.4074567243675,0.984,16.075737097230352
206,003650,2.0859724822698538,49.39759036144578,0.984,23.209122254941956
207,003670,3.1706648746857597,285.8408841979488,0.984,89.84137253741791
208,003680,4.942512791866298,93.6969696969697,0.984,18.75826600783793
209,003690,1.6144069413204467,20.34139402560455,0.984,11.99040559734701
210,003720,3.5381584730450903,192.95624332977587,0.984,54.257672400003145
211,003780,4.271492065682018,175.26132404181186,0.984,40.800104825662466
212,003830,2.2409314754507106,98.95678092399403,0.984,43.719668359912305
213,003850,3.906016318627519,100.2929458636044,0.984,25.424611103135174
214,003920,1.6727960753968325,1.3377926421404682,0.984,0.21149777151201113
215,003925,5.537844449993532,96.79633867276888,0.984,17.301377736039658
216,003960,2.2246097841398624,45.2,0.984,19.875845334868902
217,004000,3.0512494574276876,99.32088285229203,0.984,32.22839830840758
218,004020,3.2041919850251808,184.31952662721892,0.984,57.21739754797437
219,004060,3.105205872389032,42.88461538461538,0.984,13.493667443176184
220,004080,3.1944041431027173,30.434782608695656,0.984,9.219491739104175
221,004090,4.081797340334336,218.8761467889908,0.984,53.38142210929646
222,004100,3.1779617740746864,75.54347826086956,0.984,23.46141444151849
223,004105,3.7937061587594907,25.206611570247933,0.984,6.384946687112035
224,004140,6.11182992414756,277.57716948165404,0.984,45.2553773443281
225,004150,1.8804389063616846,39.36781609195402,0.984,20.41215801380109
226,004170,2.294729617456273,33.80952380952381,0.984,14.304745779117619
227,004250,1.9611539807054854,45.47038327526132,0.984,22.683778893923588
228,004255,1.726487576532204,29.608938547486037,0.984,16.57986940455236
229,004270,4.607201910454434,86.3849765258216,0.984,18.536408472143133
230,004310,4.381223786131933,92.07920792079209,0.984,20.792183272888156
231,004360,2.5771559120352374,75.2988047808765,0.984,28.835975516199344
232,004365,2.724171681769148,50.63559322033898,0.984,18.22630840509066
233,004370,1.5226562431919362,-2.2413793103448274,0.984,-2.118258355926405
234,004380,2.4201454022567357,41.68490153172866,0.984,16.81754389375775
235,004410,5.870755859585793,129.14285714285714,0.984,21.830043729990724
236,004415,6.3314444113481425,48.81656804733728,0.984,7.554763959011428
237,004430,3.246751909697301,114.21052631578948,0.984,34.87378446674903
238,004440,3.9071613936830163,251.6597510373444,0.984,64.15802312201117
239,004450,1.3988918490073767,0.922266139657444,0.984,-0.04413054546451251
240,004490,4.414357022013809,203.11284046692606,0.984,45.78896529187297
241,004540,4.4879512566114546,136.890243902439,0.984,30.282468799594877
242,004545,5.762956114335094,129.97118155619597,0.984,22.382121084584725
243,004560,4.030206112504298,186.41571194762685,0.984,46.01047856393699
244,004565,6.831569837293418,108.77817319098457,0.984,15.778829135660462
245,004690,1.2298403728559446,16.666666666666664,0.984,12.751790405325739
246,004700,3.670407002708628,33.90663390663391,0.984,8.969750189103875
247,004710,2.9475649700195072,111.42284569138276,0.984,37.46782405636062
248,004720,6.555375251166534,11.75,0.984,1.6423163568072143
249,004770,3.537411901643144,0.14513788098693758,0.984,-0.2371400736859078
250,004800,2.317606252150743,48.16666666666667,0.984,20.35836183255075
251,004830,6.654739228859185,1061.7312072892937,0.984,159.39726123139712
252,004835,7.085626251969688,235.9621451104101,0.984,33.162650237879824
253,004840,4.250956959407411,93.14285714285714,0.984,21.67955545607411
254,004870,3.2568604184705006,57.564575645756456,0.984,17.37273581786721
255,004890,0.8232536211238659,75.52836484983315,0.984,90.54848097487722
256,004910,2.370635715236445,65.49295774647888,0.984,27.211670410544215
257,004920,2.738489831935627,25.31645569620253,0.984,8.88535550230756
258,004960,2.7467992881332868,88.3177570093458,0.984,31.794735562458026
259,004970,1.2301060449108294,18.96551724137931,0.984,14.617859424211504
260,004980,3.4294510214648297,105.76923076923077,0.984,30.55452027551442
261,004985,6.687187210186612,124.73604826546003,0.984,18.505844740961965
262,004990,2.87472769598557,46.868250539956804,0.984,15.961251079200345
263,00499K,3.9857723909263885,46.766169154228855,0.984,11.486398284671742
264,005010,2.025995539041959,99.1008991008991,0.984,48.42898081962019
265,005030,4.822825598916768,114.51104100946372,0.984,23.539528577388847
266,005070,3.660109641020804,160.56338028169014,0.984,43.599617479541806
267,005090,3.106388449929668,51.434034416826,0.984,16.240735899584045
268,005110,4.271527753466609,-24.661746617466175,0.984,-6.003881537853304
269,005180,2.4874433489501673,-4.313099041533546,0.984,-2.1295355505359357
270,005250,4.661068560387437,65.95238095238095,0.984,13.938516481933203
271,005257,9.707537417118045,456.9620253164557,0.984,46.97154445291086
272,005300,2.1294723926898,55.821917808219176,0.984,25.751880135413153
273,005305,2.749390946663482,62.25000000000001,0.984,22.28348066481751
274,005320,5.185217439333967,123.9010989010989,0.984,23.705293044931093
275,005360,4.594504776608384,96.98681732580037,0.984,20.8951393008821
276,005380,3.051639272097685,155.26932084309132,0.984,50.558177781293324
277,005385,2.729340130299345,96.46365422396856,0.984,34.9826879999367
278,005387,2.81107374563641,75.94254937163375,0.984,26.665451053353134
279,005389,2.437702063119414,85.68627450980392,0.984,34.746770653922475
280,005390,4.51709642374158,79.7872340425532,0.984,17.445550559507268
281,005420,3.905084337603969,81.23587038432555,0.984,20.550611317543392
282,005430,3.218085985349147,62.62425447316103,0.984,19.154321778158874
283,005440,2.163399747281938,56.99404761904761,0.984,25.889828123266522
284,005490,2.316639291602559,106.4516129032258,0.984,45.52612626641047
285,005500,2.1011170797280383,17.391304347826086,0.984,7.80884821037664
286,005610,1.8431588353092394,17.504051863857377,0.984,8.962901919999583
287,005680,2.2771921251765814,59.883720930232556,0.984,25.86506438303499
288,005690,4.963430595358558,-14.971751412429379,0.984,-3.2146619371186627
289,005720,1.696079896815294,28.72777017783858,0.984,16.357584468710865
290,005725,3.8880259569125033,26.80851063829787,0.984,6.642062302177946
291,005740,1.636891999867907,21.44638403990025,0.984,12.500753893080002
292,005745,3.78165284092023,54.899894625922016,0.984,14.257230077418233
293,005750,2.0870754745694464,126.4808362369338,0.984,60.13047336624143
294,005800,1.7617205064033805,35.69444444444444,0.984,19.702582968343336
295,005810,2.5250894914102533,37.515728923242854,0.984,14.467498695596731
296,005820,2.0689578972728966,56.97266993693062,0.984,27.0612901358358
297,005830,2.3370850091200683,46.21329211746523,0.984,19.35286561719654
298,005850,3.6041621509811885,116.86278323446464,0.984,32.15137898357822
299,005870,4.917210368370899,87.17391304347825,0.984,17.528213476055427
300,005880,4.331257074132032,161.34316134316134,0.984,37.0236997247033
301,005930,1.8183255926105835,77.72925764192141,0.984,42.20655418028719
302,005935,1.5202258626503835,87.17948717948718,0.984,56.69913221263894
303,005940,2.248252919441292,38.525564803805,0.984,16.69810566203306
304,005945,1.29397859813153,34.55571227080395,0.984,25.944565326876805
305,005950,4.461981184512704,86.34037108125399,0.984,19.129702155069893
306,005960,2.185633440303096,92.14285714285714,0.984,41.70820937394495
307,005965,4.711815557441588,39.705882352941174,0.984,8.218038647923287
308,006040,2.1832876720581402,39.67391304347826,0.984,17.720941467601506
309,006060,2.40763497018184,14.918759231905465,0.984,5.787737511909051
310,006090,3.4096574602572693,51.599443671766345,0.984,14.8447297893517
311,006110,5.75713130585911,184.09785932721712,0.984,31.80644136791872
312,006120,4.711360412654937,200.990099009901,0.984,42.451878330656925
313,006125,6.745105100343356,220.14652014652017,0.984,32.49208379797726
314,006200,6.182056116280332,220.0836820083682,0.984,35.4412315073254
315,006220,3.877909432993359,218.76288659793818,0.984,56.15883773485514
316,006260,3.303923558372814,128.7145242070117,0.984,38.66025407377135
317,006280,4.565617705378639,152.98245614035088,0.984,33.29198061442712
318,006340,3.369626127009328,87.26355611601512,0.984,25.605082838252898
319,006345,5.163620970374245,-1.9047619047619049,0.984,-0.559444994382021
320,006360,2.623910211345962,124.54308093994777,0.984,47.08967570828838
321,006370,2.77193610088117,100.78740157480314,0.984,36.00494309485586
322,006380,3.0904423108291663,62.16768916155419,0.984,19.797712756896146
323,006390,3.2776873834678426,102.29885057471265,0.984,30.910467876140164
324,006400,2.8231981517444584,185.71428571428572,0.984,65.43298620401143
325,006405,3.8022317389929072,244.27480916030535,0.984,63.986317999845404
326,006490,3.671314000266813,34.05172413793103,0.984,9.007054187009837
327,006570,2.7737872802525674,7.246376811594203,0.984,2.2576990154140377
328,006650,4.100067514610855,262.0689655172414,0.984,63.67821129453315
329,006660,2.6551626754429654,78.18181818181819,0.984,29.07460958825777
330,006740,5.028629696095146,149.29078014184398,0.984,29.492483858377522
331,006800,2.4923058265031766,101.43003064351379,0.984,40.302449874076785
332,006805,2.339328940284729,59.67741935483871,0.984,25.089853053198627
333,00680K,1.771716839748336,58.362989323843415,0.984,32.3860946831627
334,006840,2.9505342305239757,49.57983193277311,0.984,16.470180698138567
335,006880,2.263128112761393,60.821484992101105,0.984,26.440166888780066
336,006890,4.820168960669492,196.7741935483871,0.984,40.618948245580384
337,006980,3.5525878116393312,68.80165289256198,0.984,19.089648585285136
338,007070,2.2552926941747975,31.77892918825561,0.984,13.654515561459462
339,007110,3.312910210509161,11.976047904191617,0.984,3.317943199704845
340,007120,3.435488042758625,39.892183288409704,0.984,11.325372932215839
341,007160,3.568497963291436,99.79959919839679,0.984,27.69109026119587
342,007210,3.7275845430078345,160.9090909090909,0.984,42.90314252136193
343,007280,2.9970041329291024,58.52713178294574,0.984,19.200217694296715
344,007310,1.5703253660244423,20.634920634920633,0.984,12.513916580657694
345,007340,1.6420669743419964,23.41269841269841,0.984,13.6588207199563
346,007460,4.601406727675636,8.900523560209423,0.984,1.7204572489961982
347,007540,3.306248616147566,72.3916532905297,0.984,21.59778697275759
348,007570,6.263605898139692,-4.202898550724638,0.984,-0.8281010387746714
349,007575,9.407292841540501,60.0,0.984,6.273430730188236
350,007590,1.4144051676413714,28.044280442804425,0.984,19.131915706960765
351,007610,2.3492705521712707,58.620689655172406,0.984,24.533866310929042
352,007660,3.0767050020045303,26.059850374064837,0.984,8.150229013742772
353,007690,2.331697040657256,79.19296360950719,0.984,33.54164895601606
354,007700,3.0559430544856583,41.352549889135254,0.984,13.209850173706732
355,007810,3.799588168250477,81.35095447870778,0.984,21.151490877421278
356,007815,3.1427057833292165,106.04982206405693,0.984,33.4316443560796
357,00781K,3.8453010425186296,52.95536791314838,0.984,13.515552446605769
358,007860,6.826684408695462,654.0453074433657,0.984,95.6630288360088
359,007980,3.4435530427728014,39.05109489051095,0.984,11.054598090308128
360,008040,2.334835940703724,66.46039603960396,0.984,28.043253445837085
361,008060,1.9642620301864884,-6.079607415485278,0.984,-3.5960616796195235
362,00806K,4.6135724655718295,42.28383801532287,0.984,8.951813009011437
363,008110,2.6181796515083318,60.49046321525886,0.984,22.72818184228772
364,008250,3.4945881961610104,119.49541284403671,0.984,33.912840710166584
365,008260,3.172019753845186,153.33333333333334,0.984,48.02912502315044
366,008350,3.453587660404855,-20.525783619817997,0.984,-6.228243130014096
367,008355,6.052461663210921,3.6111111111111107,0.984,0.4340566297312802
368,008420,4.083304726891765,150.625,0.984,36.64703224682121
369,008490,1.921187407327224,38.482384823848236,0.984,19.518337815890842
370,008500,5.69300667644644,62.589194699286445,0.984,10.82120541930231
371,008560,2.2086493538026755,72.01492537313433,0.984,32.16034507733832
372,008600,2.8685090355809204,60.0,0.984,20.573754263265997
373,008700,4.384865001864156,119.36619718309859,0.984,26.997911482513206
374,008730,3.2745429631084435,65.4471544715447,0.984,19.686153212157404
375,008770,2.0062349397717263,28.550295857988168,0.984,13.740312917252213
376,008775,3.3069523366946214,82.17391304347827,0.984,24.55128008425714
377,008870,3.2931350297934596,48.30230010952902,0.984,14.368770087297863
378,008930,4.607899295819545,131.87578955947674,0.984,28.405957065560564
379,008970,2.1464974622837256,51.551312649164686,0.984,23.558058435980886
380,009070,5.790809129823444,240.21164021164023,0.984,41.311608593622225
381,009140,3.7990817568966246,83.85093167701864,0.984,21.81235808536813
382,009150,2.2774062106340986,96.33507853403141,0.984,41.868278960863464
383,009155,2.668363872175164,166.984505363528,0.984,62.21059544934168
384,009160,1.74241442872056,48.62385321100918,0.984,27.341287139128383
385,009180,4.770566131311326,209.04977375565613,0.984,43.61448264809261
386,009190,4.944637740200079,98.2885085574572,0.984,19.678794215068198
387,009200,2.481436434692109,58.58310626702997,0.984,23.212001509189065
388,009240,2.9944392593588183,128.4313725490196,0.984,42.56134838958436
389,009270,2.6985542861903737,11.194029850746269,0.984,3.78351842058366
390,009290,3.6708838177054424,52.76292335115864,0.984,14.105301590156037
391,009310,2.5368351778316516,38.05309734513274,0.984,14.612339685709255
392,009320,2.9104476892849034,39.62264150943396,0.984,13.27584125689181
393,009410,2.699091863568995,119.17808219178083,0.984,43.79031473033801
394,009415,5.962060908960335,315.2249134948097,0.984,52.70676001020713
395,009420,3.6141520021652163,1.3274336283185841,0.984,0.09502467746592705
396,009440,2.8598069268549984,45.14637904468413,0.984,15.442433763614458
397,009450,2.2232785148150125,67.43421052631578,0.984,29.88838783963365
398,009460,3.099041049442339,-36.376210235131396,0.984,-12.055409928130585
399,009470,3.4626552298298225,126.66666666666666,0.984,36.29661584091453
400,009540,2.8037253233848527,74.73821989528795,0.984,26.30579368104673
401,009580,2.2890494563946127,74.16520210896309,0.984,31.97012712177385
402,009680,4.2931631102257795,100.0,0.984,23.06364735226487
403,009770,1.6922799057710025,33.55855855855856,0.984,19.2489188387057
404,009810,3.6082546306379486,-39.94252873563218,0.984,-11.342472448624356
405,009830,3.8125673415930046,305.37260296140465,0.984,79.83822335167515
406,009835,7.868798993822881,672.2513089005236,0.984,85.30746679734453
407,009900,26.884866650748926,,0.984,
408,009970,2.101570569532693,35.3125,0.984,16.33468820779752
409,010040,2.878530624245884,62.57545271629779,0.984,21.396837746839495
410,010050,2.237021512890139,51.541850220264315,0.984,22.60052034767679
411,010060,4.455579053497502,263.2286995515695,0.984,58.857602211258026
412,010100,5.171438509504989,133.71647509578543,0.984,25.666451385204734
413,010120,2.990316906423121,75.75757575757575,0.984,25.005234594689316
414,010130,2.146267306380684,18.234442836468887,0.984,8.037415835942092
415,010140,3.1943786882564655,102.87690179806361,0.984,31.897564985846472
416,010145,9.100501572540903,751.5000607312037,0.984,82.46974683194918
417,010400,1.8874910912945027,35.689655172413794,0.984,18.38718886276254
418,010420,2.8126600022122368,72.72727272727273,0.984,25.507268091715538
419,010580,0.0,0.0,0.984,-inf
420,010600,3.8454976884877397,40.547263681592035,0.984,10.288203734989235
421,010620,3.0545039225418296,151.9774011299435,0.984,49.43303559561094
422,010640,3.292301733760659,57.936507936507944,0.984,17.298690260522832
423,010660,3.9373451893357005,29.219143576826195,0.984,7.171112061320171
424,010690,4.129996706984201,180.0,0.984,43.345313011331854
425,010770,2.860471761970947,52.52100840336135,0.984,18.016961079123142
426,010780,2.795691286292121,163.72093023255815,0.984,58.20990716338836
427,010820,4.3852199996957175,83.10344827586206,0.984,18.72641470246879
428,010950,2.823832176430266,47.63636363636364,0.984,16.52094059475553
429,010955,2.2911191926683014,45.800316957210775,0.984,19.560884086967313
430,010960,2.3339323351673826,37.03703703703704,0.984,15.447336023326237
431,011000,6.718270589485335,-3.0268490374873354,0.984,-0.5970061765247526
432,011070,3.0957840463913073,89.40092165898618,0.984,28.560429388494327
433,011090,4.447315262046941,193.61979166666669,0.984,43.31507444741016
434,011150,3.9873665462529777,19.674185463659146,0.984,4.68735072305373
435,011155,4.305856542309716,1.1065006915629323,0.984,0.0284497846965476
436,011170,3.099276279478156,64.48087431693989,0.984,20.48764569244251
437,011200,4.009012835477575,820.6349206349206,0.984,204.45205697059816
438,011210,4.274194595281381,193.7142857142857,0.984,45.09160297171677
439,011230,3.1289445429107405,107.77479892761394,0.984,34.12997496857852
440,011280,4.081403161105591,59.68750000000001,0.984,14.383166201130228
441,011300,5.695591722540378,116.58536585365853,0.984,20.296638432871625
442,011330,2.4311915240084643,31.512605042016805,0.984,12.557054736552512
443,011390,3.634016039341335,29.5,0.984,7.846965916300282
444,011420,3.2592036761021643,75.49019607843137,0.984,22.86024547184386
445,011500,5.619029759901877,311.91709844559585,0.984,55.33572729307374
446,011690,0.0,0.0,0.984,-inf
447,011700,2.5527592252545688,96.63865546218487,0.984,37.47108403952429
448,011760,2.66004260298015,86.19047619047619,0.984,32.031996816523176
449,011780,4.152107017619628,330.89430894308947,0.984,79.45611891579436
450,011785,4.371888645173364,405.446623093682,0.984,92.51439273052284
451,011790,3.1829057170405006,241.75531914893617,0.984,75.64513075580759
452,011810,3.517006446878678,21.491036292085703,0.984,5.830821353849258
453,011930,5.536806006877614,286.15023474178406,0.984,51.50374320277091
454,012030,2.094219274113654,56.65467625899281,0.984,26.583021628694812
455,012160,3.218828500523258,45.754119138149555,0.984,13.908824011863834
456,012170,0.0,0.0,0.984,-inf
457,012200,3.6700634339048266,98.3879634605051,0.984,26.540130767404886
458,012205,3.1912534165118585,22.355253752680486,0.984,6.696821268440646
459,012280,4.618231581647998,80.56872037914692,0.984,17.232726200955785
460,012320,1.9399914341647262,77.68052516411379,0.984,39.53446588135885
461,012330,3.04969974950204,75.37537537537537,0.984,24.393016193650578
462,012450,3.0685259547379093,105.0125313283208,0.984,33.90179286823277
463,012510,2.820024229863255,22.75,0.984,7.718373398889359
464,012600,7.111146131765673,55.04358655043586,0.984,7.602091920028235
465,012610,2.810268837180625,32.27722772277228,0.984,11.135314639209716
466,012630,2.32319284753408,45.91439688715953,0.984,19.339934235270338
467,012690,3.3421868900476452,-4.036697247706423,0.984,-1.502219179501015
468,012750,1.7602120334791846,7.926023778071334,0.984,3.9438565616154375
469,012800,3.346997887129801,92.79661016949152,0.984,27.4313319773933
470,013000,4.404032425183634,60.3896103896104,0.984,13.488913035678516
471,013360,3.012472270219373,75.18248175182481,0.984,24.630428132180473
472,013520,3.0487152924532355,103.954802259887,0.984,33.775145391496565
473,013570,2.5981466987814024,55.374149659863946,0.984,20.9342104067389
474,013580,3.69617951472839,153.6,0.984,41.290202326987036
475,013700,4.8022528716218,119.5,0.984,24.67925017034249
476,013870,3.9793815590807555,123.24159021406729,0.984,30.722761413788383
477,013890,2.6823588178992197,40.1440271109856,0.984,14.599100929254163
478,014130,3.9530104761773903,53.67372353673724,0.984,13.32901186431685
479,014160,5.666995991377184,223.46491228070175,0.984,39.259055877086446
480,014280,2.6647528260512696,141.73228346456693,0.984,52.81851363044917
481,014285,6.436495729651982,73.18840579710145,0.984,11.217968414779872
482,014440,3.176617798234048,87.86516853932585,0.984,27.350211469451885
483,014530,3.4504951661806618,128.08988764044943,0.984,36.836999189638746
484,014580,2.7636327806552954,66.78635547576302,0.984,23.810093705778225
485,014680,2.9999551429524542,219.20529801324503,0.984,72.74152032769364
486,014710,4.370013787406895,49.23076923076923,0.984,11.040415792234418
487,014790,2.778556775634983,147.05882352941177,0.984,52.57219316529147
488,014820,3.7495803611927263,139.85148514851485,0.984,37.03547377881552
489,014825,3.454165932079563,65.01240694789082,0.984,18.536575314244633
490,014830,2.0107570746802486,97.9502196193265,0.984,48.22373664145686
491,014910,2.4685157533743327,38.63636363636363,0.984,15.25303761375426
492,014915,3.6730235567856644,-21.53846153846154,0.984,-6.13185872354475
493,014990,3.5676449232471943,-2.272727272727273,0.984,-0.9128507300449253
494,015020,4.719668532202276,166.19964973730296,0.984,35.005773945783986
495,015230,2.3625571619608055,116.71018276762402,0.984,48.98344244571717
496,015260,4.485286206817375,-6.149903907751442,0.984,-1.5905125289236441
497,015360,1.2506544571318086,14.237288135593221,0.984,10.597082239636103
498,015540,5.906267363775348,12.456140350877194,0.984,1.9423672590981524
499,015590,2.6166152170984236,12.609457092819614,0.984,4.442937202555573
500,015760,2.2492951123980047,21.842105263157897,0.984,9.273174137172592
501,015860,3.596467500324163,87.68656716417911,0.984,24.10770211502378
502,015890,2.4292926736543388,100.5044136191677,0.984,40.96682738085282
503,016090,2.1115561248816466,39.318885448916404,0.984,18.15480298969798
504,016360,2.2702528607891757,44.77064220183487,0.984,19.287121253362912
505,016380,5.149797291992297,124.01171303074669,0.984,23.88981663842366
506,016450,3.6266370000531363,85.37682789651294,0.984,23.270271575367605
507,016580,2.232057796624862,26.76056338028169,0.984,11.548340468270549
508,016590,2.0990715791874286,55.047619047619044,0.984,25.755967344642723
509,016610,2.4326240939975357,110.43478260869566,0.984,44.99288767169735
510,016710,1.844485191294541,220.99447513812157,0.984,119.2801526282293
511,016740,3.9343533365765695,131.1512415349887,0.984,33.08478685044902
512,016800,0.7714579214983799,7.078039927404718,0.984,7.899380844477486
513,016880,3.6630028014577607,195.43147208121826,0.984,53.08417236367775
514,017040,2.553359342946059,67.59581881533101,0.984,26.08791394730774
515,017180,5.136772798862435,13.512333551626282,0.984,2.4389502986000755
516,017370,3.596125236366948,63.84180790960452,0.984,17.479315590551508
517,017390,2.7023633976755512,43.225806451612904,0.984,15.631430801626221
518,017550,4.729367107732329,262.9032258064516,0.984,55.38145376327923
519,017670,1.8449251809504286,57.140491488375176,0.984,30.438357104240776
520,017800,2.772614275251827,26.70834947158745,0.984,9.278012344234575
521,017810,2.5356180101714094,77.60416666666666,0.984,30.217551050399383
522,017900,3.3744524839764374,68.43971631205675,0.984,19.990121844171675
523,017940,1.9586794459873642,54.87364620938629,0.984,27.513254565358796
524,017960,2.9653485481034356,124.04371584699454,0.984,41.49924160709558
525,018250,2.027567887297875,9.734513274336283,0.984,4.315768329709556
526,018260,2.3788228442135217,37.234042553191486,0.984,15.238647401326915
527,018470,2.6678588206794256,23.70689655172414,0.984,8.517278491497269
528,018500,3.8474213022054156,142.85714285714286,0.984,36.87486545230138
529,018670,2.6384725495544123,66.14664586583463,0.984,24.69710965036925
530,018880,3.239485592088995,107.40305522914217,0.984,32.85060303679802
531,019170,8.347335440469385,600.4115226337449,0.984,71.81064267857408
532,019175,9.448307149036287,436.27760252365937,0.984,46.071068145584015
533,019180,3.6788931324102068,36.344086021505376,0.984,9.611610000299033
534,019440,1.5231630383110577,47.81216648879402,0.984,30.744027599776125
535,019490,5.052628262118912,258.5185185185185,0.984,50.97040691660081
536,019680,2.013294933494459,-11.62551440329218,0.984,-6.263123297790231
537,019685,1.4637314603501983,10.0418410041841,0.984,6.188184957107507
538,020000,2.880715848844817,103.0,0.984,35.41341991120331
539,020120,4.5333694208987145,245.20884520884522,0.984,53.872698766391075
540,020150,2.6169773309374347,120.097244732577,0.984,45.515581401658196
541,020560,3.763063476429941,4.375732888971178,0.984,0.9013222631548462
542,020760,3.443802626579174,90.45499505440159,0.984,25.980291194352112
543,021050,4.091617113082353,-18.0327868852459,0.984,-4.64774351061405
544,021240,2.4313202722740366,18.65942028985507,0.984,7.269885621988864
545,021820,0.0,0.0,0.984,-inf
546,023000,3.0342588953931062,94.5945945945946,0.984,30.85122193650743
547,023150,4.199675677020145,8.198757763975156,0.984,1.717932125914624
548,023350,3.0740394665653263,83.81201044386422,0.984,26.94435492606388
549,023450,2.27983301695716,112.5,0.984,48.9141086959245
550,023530,2.636301810682609,76.96629213483146,0.984,28.82154532798262
551,023590,3.0347680532760317,85.27397260273972,0.984,27.774766019349883
552,023800,5.147280848115932,367.741935483871,0.984,71.25275389201195
553,023810,2.8710777828062675,129.66666666666666,0.984,44.82033452290826
554,023960,6.130321214438889,348.5294117647059,0.984,56.6928550083353
555,024070,3.3485746135159125,88.5204081632653,0.984,26.141393956085228
556,024090,1.6007597541436862,76.0,0.984,46.862747395925894
557,024110,1.8393542498755628,27.932960893854748,0.984,14.651316295204099
558,024720,3.2556529744613507,62.42937853107344,0.984,18.873442290402465
559,024890,3.4215768909830846,169.96966632962588,0.984,49.388241654003295
560,024900,5.275805773592945,277.8833107191316,0.984,52.4847431088345
561,025000,1.9371591800800942,46.71280276816609,0.984,23.606115201268786
562,025530,1.4764695678605362,55.483870967741936,0.984,36.91228871497463
563,025540,3.8113913127278978,187.82435129740517,0.984,49.021560886037534
564,025560,2.871603447194248,-36.902582479647876,0.984,-13.193528694453144
565,025620,3.254129719816142,-22.393584207279456,0.984,-7.183974278874256
566,025750,4.599163485675948,205.88235294117646,0.984,44.551221886182226
567,025820,3.75610571524946,172.33009708737862,0.984,45.61801772291138
568,025860,2.1520497171175816,34.93253373313343,0.984,15.774976508722816
569,025890,3.1922357340764305,54.58333333333333,0.984,16.790531088030864
570,026890,5.1239985543214255,94.48698315467074,0.984,18.248050260633494
571,026940,3.2795822413066427,10.756972111553784,0.984,2.979944210107706
572,026960,2.9467446379951174,104.8076923076923,0.984,35.23335241506744
573,027410,2.591483408588184,91.00817438692098,0.984,34.73847221578985
574,027740,2.1519316150009637,2.7706369608683232,0.984,0.830248019227843
575,027970,2.778212869804628,27.88398154251813,0.984,9.682476758668898
576,028050,2.5643211882886527,41.843971631205676,0.984,15.93403034604816
577,028100,2.7608602404728075,44.140625,0.984,15.631586259726522
578,028260,2.5373899462401397,46.64310954063604,0.984,17.994518189170297
579,02826K,3.485800899943684,88.18897637795276,0.984,25.017199456045134
580,028670,3.4158865333149646,121.14695340501794,0.984,35.1776770782855
581,029460,2.6502503118024965,118.0,0.984,44.15281057750908
582,029530,2.1187742898068667,34.831460674157306,0.984,15.975019536999675
583,029780,1.6929857091440168,23.035714285714285,0.984,13.025339887165234
584,030000,2.2633908799801077,38.88888888888889,0.984,16.746947787128146
585,030200,1.4969515058595282,45.99483204134367,0.984,30.068330113004624
586,030210,3.014533269525919,148.8372093023256,0.984,49.04679964788637
587,030610,1.8959828226230353,37.45644599303136,0.984,19.23669642880668
588,030720,1.9127653290275315,11.237373737373737,0.984,5.360497485902598
589,030790,5.926719581243179,220.25316455696205,0.984,36.99671657334739
590,031430,2.4176094054172674,10.655737704918032,0.984,4.000537755704478
591,031440,1.895258498540058,51.26903553299492,0.984,26.53201954864211
592,031820,3.4172131499353213,35.048231511254016,0.984,9.968424566052825
593,032350,2.9515758633103024,122.8843861740167,0.984,41.30010266356524
594,032560,2.869362708052776,106.34758126439723,0.984,36.720203050209605
595,032640,1.8556004859535162,16.113744075829384,0.984,8.153556862243887
596,032830,2.9517775705902682,91.42156862745098,0.984,30.63834129255415
597,033180,5.6309590069168065,-20.134073046694407,0.984,-3.750351054012994
598,033240,3.8712086962118017,187.93103448275863,0.984,48.29164458782523
599,033250,4.84161147557273,-5.698005698005698,0.984,-1.3801201793490177
600,033270,6.881974084273668,186.3768115942029,0.984,26.93889999060778
601,033530,4.407155670983011,203.3557046979866,0.984,45.918891867245485
602,033780,1.4393737992915134,14.647887323943662,0.984,9.49293875619334
603,033920,2.3851306639515357,40.40816326530612,0.984,16.529141929688087
604,034020,4.756710575418882,294.8395217117684,0.984,61.77704467249221
605,034120,2.7807853493944177,37.160120845921455,0.984,13.009317980548072
606,034220,2.659437725752255,114.62264150943395,0.984,42.73032619227429
607,034300,4.017436430303849,167.42857142857144,0.984,41.430542664736784
608,034310,1.7173834999283204,-4.201680672268908,0.984,-3.0195239866257864
609,034590,0.907704085376398,13.157894736842104,0.984,13.411743907480542
610,034730,3.065588467455556,75.15527950310559,0.984,24.194793362028758
611,03473K,5.13139533554736,95.48872180451127,0.984,18.416963734958568
612,034830,1.7931274025471584,49.22600619195047,0.984,26.903836349509874
613,035000,1.822375106030072,35.76470588235294,0.984,19.085371484315594
614,035150,3.0791067325176296,91.48936170212765,0.984,29.39338242040282
615,035250,2.2521171889469063,37.12737127371274,0.984,16.0486192508541
616,035420,2.4626252139049294,131.2883435582822,0.984,52.91277894116155
617,035510,2.813953240834111,55.085599194360526,0.984,19.226189834740733
618,035720,2.419520044068349,230.90343297911082,0.984,95.02687673234082
619,036420,3.3864360533320093,96.53179190751445,0.984,28.214851957267083
620,036460,2.50814299849219,59.71563981042654,0.984,23.41638409202904
621,036530,1.8096885894766406,48.99598393574297,0.984,26.53052255229612
622,036570,2.5874346452360775,41.262135922330096,0.984,15.566822526895212
623,036580,3.362822468133832,118.944099378882,0.984,35.07770644947038
624,037270,5.584349817097284,477.6850886339937,0.984,85.36375840469474
625,037560,2.096622424691627,60.78431372549019,0.984,28.52221411982926
626,037710,1.6092420220531722,26.96629213483146,0.984,16.145670930020593
627,039130,2.4392262146977965,82.74882039678818,0.984,33.52080258243628
628,039490,3.119274226509732,87.5,0.984,27.735939105554646
629,039570,1.9222900813831798,45.0,0.984,22.897688765229635
630,041650,3.759016538618262,69.77687626774848,0.984,18.300764458204632
631,042660,3.066521436311051,114.3939393939394,0.984,36.98325341901694
632,042670,4.335117479462614,217.86896095301125,0.984,50.029777043065636
633,042700,3.3748383075963244,265.2694610778443,0.984,78.31055505177002
634,044380,3.1968440968109264,-24.264178033022255,0.984,-7.897844645664474
635,044450,2.0041450979397157,64.66165413533834,0.984,31.77297601895177
636,044820,3.720417078520764,48.41628959276018,0.984,12.749186070186312
637,047040,2.839992047863514,139.4927536231884,0.984,48.7708244561412
638,047050,3.2110708048807766,88.3177570093458,0.984,27.197705163212184
639,047400,5.496343175388878,173.8255033557047,0.984,31.446636034234853
640,047810,2.4676021237669477,81.48148148148148,0.984,32.621742665141284
641,049770,1.6910512164883749,10.951008645533141,0.984,5.893972073909484
642,049800,2.9345773134554953,162.52723311546842,0.984,55.04821167081455
643,051600,1.5435666327961377,10.915492957746478,0.984,6.4341200092902975
644,051630,4.811997133688524,117.52652762532017,0.984,24.219159818157916
645,051900,2.0179017637329224,46.591970121381884,0.984,22.60168009220209
646,051905,1.5512405934094602,11.021069692058347,0.984,6.470350076384958
647,051910,3.16737023286075,175.68493150684932,0.984,55.15646061656028
648,051915,3.5009396805943087,174.28571428571428,0.984,49.50148534301371
649,052690,2.092758223554089,48.18481848184818,0.984,22.554358143526006
650,053210,2.3033332867141123,41.63934426229508,0.984,17.650656332194615
651,053690,2.908507838421284,52.85714285714286,0.984,17.834967529363514
652,055490,3.6491412232621063,271.7391304347826,0.984,74.19694494386937
653,055550,2.264370724093267,40.0,0.984,17.230394115620516
654,057050,2.020800865355736,40.94076655052265,0.984,19.77273824231502
655,058430,4.132498974900931,203.1413612565445,0.984,48.91891383019421
656,058650,1.374229519150577,61.99616122840691,0.984,44.39735894053495
657,058730,2.4663668673440293,3.8539553752535496,0.984,1.1636368511324249
658,058850,2.799836197677796,88.10289389067523,0.984,31.11571097013899
659,058860,2.509798333654465,97.05882352941177,0.984,38.279897727686844
660,060980,2.578276564316821,47.82608695652174,0.984,18.167983840373513
661,063160,6.09225442901209,104.69314079422382,0.984,17.02311385754799
662,064350,3.5313571926810607,75.43103448275862,0.984,21.08170610354975
663,064960,3.4603584496911144,121.78571428571428,0.984,34.91017362565359
664,066570,3.532842148391112,211.85031185031184,0.984,59.68744228958609
665,066575,4.180807669127364,305.1724137931035,0.984,72.75828927490343
666,067830,2.500763538237084,70.65727699530517,0.984,27.860801683161707
667,068270,3.1922648662853423,66.891640509964,0.984,20.646043881270103
668,068290,4.7886568039897375,116.47058823529413,0.984,24.11669763827611
669,068400,2.203937988000768,51.98863636363637,0.984,23.142500669859405
670,069260,3.384743102058046,49.31506849315068,0.984,14.279095055622877
671,069460,4.015016043636247,35.1123595505618,0.984,8.50018011874569
672,069620,5.6584188816055665,59.30787589498807,0.984,10.30745109461369
673,069640,2.7484430557409265,49.411764705882355,0.984,17.62007206397339
674,069730,2.5961335251466138,80.06535947712419,0.984,30.46120652544563
675,069960,2.179087433860228,61.101243339254,0.984,27.588265805726298
676,070960,2.7249395328187025,31.284153005464482,0.984,11.119568944754427
677,071050,3.0932871826860073,90.22222222222223,0.984,28.848993627786484
678,071055,3.0178064532035105,121.99312714776633,0.984,40.098372451722604
679,071090,3.043544264834183,105.3763440860215,0.984,34.299597772306086
680,071320,1.8888299902416839,23.70967741935484,0.984,12.031616152201709
681,071840,2.99997831314244,152.40963855421688,0.984,50.4755777369605
682,071950,2.2807326332139937,22.89029535864979,0.984,9.604937921977985
683,071970,4.747773638206419,156.1764705882353,0.984,32.68741991812037
684,072130,3.7717578512053,38.983050847457626,0.984,10.074626300655721
685,072710,1.1972816617502422,7.052186177715091,0.984,5.068302949570223
686,073240,2.5452580297500695,24.509803921568626,0.984,9.24299369517311
687,074610,3.980860264545562,8.857808857808857,0.984,1.9779164136794178
688,075180,2.288843523596734,79.39393939393939,0.984,34.25744861349214
689,075580,5.217718292063094,272.84234752589185,0.984,52.10291784809997
690,077500,4.025114558640654,143.61702127659575,0.984,35.43576690765423
691,077970,3.822129786362747,85.5813953488372,0.984,22.13357475475542
692,078000,1.696440499833419,-1.7094017094017095,0.984,-1.5876782649707941
693,078520,2.409991296899673,-5.7034220532319395,0.984,-2.774873943252391
694,078930,2.1100963198298968,10.451977401129943,0.984,4.486988253641992
695,078935,1.1973611895808542,19.62962962962963,0.984,15.572268244435651
696,079160,3.039223197767816,74.71192774836499,0.984,24.258806593248927
697,079430,3.842338058148115,151.04022191400833,0.984,39.05336272944465
698,079550,2.8022252407934167,106.95876288659794,0.984,37.818074487328666
699,079980,2.9469967758217113,115.1035322777101,0.984,38.724009884907375
700,081000,3.784030614632162,160.6451612903226,0.984,42.1934116158949
701,081660,2.9307943244585917,54.107142857142854,0.984,18.125851552874266
702,082640,2.51806097397765,86.34361233480176,0.984,33.898945743146015
703,082740,3.9142675829387934,258.544921875,0.984,65.80054030992584
704,083420,4.658352627498101,386.06271777003485,0.984,82.66414085892252
705,084010,3.2899500930451913,248.27945776850888,0.984,75.16693286359586
706,084670,1.3565146990230594,-3.2454361054766734,0.984,-3.1178697204848915
707,084680,3.162223779789001,-10.921052631578949,0.984,-3.7647723439652685
708,084690,2.7839067746933783,104.15879017013232,0.984,37.06115129573478
709,084695,2.020751862005913,65.68047337278107,0.984,32.016040459593924
710,084870,4.109887911699498,50.390625,0.984,12.021404491191987
711,085310,3.6121823981277745,86.57718120805369,0.984,23.695697441086413
712,085620,2.48572326844527,39.0728476821192,0.984,15.323044268697856
713,086280,3.5345037267735,117.51740139211138,0.984,32.97023016537879
714,086790,2.6862303053774594,95.88100686498856,0.984,35.327204326084015
715,088260,0.9224774990536219,14.285714285714285,0.984,14.419554188975487
716,088350,3.8268581825335075,143.1818181818182,0.984,37.15784891920884
717,088790,4.760937611028947,186.810551558753,0.984,39.03150319136227
718,088980,0.6825768176177841,8.372093023255815,0.984,10.823826465481945
719,089470,3.0383636575983486,112.5,0.984,36.70265069196719
720,089590,2.7232341032168965,52.55269320843091,0.984,18.936562650825334
721,090080,2.4709895804913264,17.395944503735326,0.984,6.641850954495733
722,090350,2.107092623327525,83.63939899833055,0.984,39.22722621837145
723,090355,3.1845823721722413,24.63054187192118,0.984,7.4253195893286295
724,090370,3.9525458909079916,36.627906976744185,0.984,9.017961577305293
725,090430,2.4692412855031405,63.60759493670886,0.984,25.361472491315677
726,090435,2.9988765453671387,46.49122807017544,0.984,15.17475874106188
727,091090,3.795880856224163,-6.7,0.984,-2.024299573944854
728,091810,3.7893460686961538,62.48415716096325,0.984,16.2297546980512
729,092200,5.587493373340421,171.24463519313304,0.984,30.47173818684005
730,092220,5.718592539978598,258.7962962962963,0.984,45.08317291255397
731,092230,4.141288449031883,51.44654088050314,0.984,12.185227255131158
732,092440,2.672539009458786,112.41134751773049,0.984,41.69344100249282
733,092780,3.625537890735901,81.29032258064515,0.984,22.15018157329058
734,093050,2.3834038314576707,54.24528301886793,0.984,22.34673046837126
735,093230,6.60880254140427,117.81760674749604,0.984,17.67848350976313
736,093240,5.36992171814339,362.6068376068376,0.984,67.34229223212326
737,093370,3.1250034238492246,72.9818780889621,0.984,23.039295745883916
738,094280,2.8032316717898897,61.6,0.984,21.623614134359475
739,094800,0.8024204793954857,11.5,0.984,13.105348467579455
740,095570,2.79940129158383,58.07017543859649,0.984,20.39228016727055
741,095720,2.563861366938256,42.98056155507559,0.984,16.380199841002934
742,096300,1.6090890933131785,-18.181818181818183,0.984,-11.910973892909185
743,096760,2.2236538410954108,0.20380434782608695,0.984,-0.3508620081755059
744,096770,4.000912840192825,165.45454545454547,0.984,41.108255046770466
745,096775,4.571152771641386,154.83870967741936,0.984,33.65774835439901
746,097230,3.736270370313884,69.93166287015946,0.984,18.453606414025966
747,097520,3.086593636506822,115.11627906976744,0.984,36.976775212604245
748,097950,2.3656771683301296,92.05607476635514,0.984,38.49725397258687
749,097955,2.1253345293444887,104.21753607103219,0.984,48.57284095547642
750,100220,1.9990061912799635,-5.212620027434842,0.984,-3.0998503428681965
751,100250,1.101198203972418,35.648148148148145,0.984,31.478573088025474
752,100840,1.7357060875238925,37.7431906614786,0.984,21.178234567304067
753,101140,4.167090011857196,27.798507462686565,0.984,6.434827994208799
754,101530,3.1166321363451197,-11.266094420600858,0.984,-3.930555126395689
755,102260,1.7125161785933882,93.63484087102178,0.984,54.102169678258186
756,102280,2.444669059928288,-9.72017673048601,0.984,-4.37857905020486
757,102460,4.283725909015045,63.50870443397134,0.984,14.595869521527723
758,103140,2.7184321501388196,89.80169971671388,0.984,32.672398945906494
759,103590,2.7816258503746965,120.74927953890491,0.984,43.05585509380136
760,104700,2.1048635191150975,232.8149300155521,0.984,110.14059957341833
761,105560,2.4295408473761064,77.84810126582279,0.984,31.637295313983174
762,105630,3.4826328617779616,125.0280583613917,0.984,35.61789694308014
763,105840,2.933490963963143,50.0,0.984,16.709102091038808
764,107590,2.908909667320498,179.3017456359102,0.984,61.300544200179694
765,108320,2.916251014395655,180.5194805194805,0.984,61.56379530885008
766,108670,2.8825098133405214,138.7640449438202,0.984,47.798638639896886
767,108675,3.3153305347791084,151.1326860841424,0.984,45.28920555854814
768,109070,0.0,0.0,0.984,-inf
769,111110,2.201956962587272,-7.727272727272727,0.984,-3.956150313236408
770,111770,2.950477882508364,84.33179723502305,0.984,28.248914431503717
771,112610,4.235530478172695,497.22659943271356,0.984,117.16185304061464
772,114090,2.565149553137173,31.10236220472441,0.984,11.741366957684676
773,115390,2.2860307235530657,62.98342541436463,0.984,27.12099394622394
774,117580,0.927022741113306,25.348837209302328,0.984,26.282890514682986
775,118000,5.443393820846292,-9.352226720647772,0.984,-1.898857047796844
776,119650,4.720444874177757,165.8321060382916,0.984,34.92215467657719
777,120030,4.537142497957589,67.69801980198021,0.984,14.703972782871988
778,120110,3.203192693234226,112.43339253996447,0.984,34.79322139294572
779,120115,3.4191745501775,85.6140350877193,0.984,24.751598330458414
780,122900,1.8274285782006319,0.5543237250554324,0.984,-0.23512616584317958
781,123690,3.167533225360914,1.276595744680851,0.984,0.09237337822952499
782,123700,2.423401118155045,91.35514018691589,0.984,37.29103676229884
783,123890,2.1834484413195443,146.05263157894737,0.984,66.44014524624023
784,126560,3.6393597964052256,49.92175273865415,0.984,13.446802590662339
785,128820,2.607154020348838,65.1685393258427,0.984,24.61862200118687
786,128940,3.406627247779341,31.30802187437881,0.984,8.901479283988571
787,129260,4.925198473476847,232.55813953488374,0.984,47.01823505833431
788,130660,2.4771460030224954,68.81720430107528,0.984,27.38361171215118
789,133820,3.4244774746134197,93.04029304029304,0.984,26.88185094594177
790,134380,1.8211076015496905,111.2845138055222,0.984,60.56781802001201
791,134790,2.7753792731022613,80.02894356005788,0.984,28.480771736723064
792,136490,2.959553646131596,168.68044515103338,0.984,56.66274891493445
793,138040,1.780806964387682,70.29702970297029,0.984,38.92225889109946
794,138490,3.6436742865868843,135.75418994413408,0.984,36.98744161635163
795,138930,2.015895517607204,55.91274397244547,0.984,27.247812941041666
796,139130,2.215915891364275,91.81818181818183,0.984,40.99171009701901
797,139480,2.427227660289211,66.82926829268293,0.984,27.12776776976795
798,140910,1.6705569451954907,66.28242074927954,0.984,39.087814957207726
799,143210,2.6942033602047224,15.689655172413794,0.984,5.458257305156195
800,145210,3.7341448969688122,-62.44720833817661,0.984,-16.986809587830088
801,145270,3.3969937934261014,99.4535519125683,0.984,28.987262827246735
802,145720,2.8562316982274685,100.62597809076684,0.984,34.885817615077606
803,145990,3.3088020732688324,82.53968253968253,0.984,24.648099443165552
804,145995,4.296644792578733,89.26940639269407,0.984,20.5475226961239
805,152550,0.543554927545533,-1.4705882352941175,0.984,-4.515805323259625
806,155660,3.4357168019477107,74.50076804915514,0.984,21.39779623497444
807,155900,0.5559943292905266,-1.348747591522158,0.984,-4.195631985129861
808,161000,2.7018630985656436,99.65576592082617,0.984,36.51989842609299
809,161390,3.32727827867615,161.60000000000002,0.984,48.27248776555761
810,161890,2.0775063038885704,55.55555555555556,0.984,26.267817071558966
811,163560,5.043911835362512,124.5296848277547,0.984,24.4940214778507
812,168490,0.41398703391993247,1.3123359580052494,0.984,0.7931068635080767
813,170900,1.8038352830159223,5.150753768844221,0.984,2.3099413832717683
814,175330,1.737952509226769,48.52607709750567,0.984,27.355222219885384
815,178920,2.762381399516675,79.56777996070727,0.984,28.447838511530968
816,180640,4.2420024408050585,-29.1358024691358,0.984,-7.100373677158842
817,18064K,4.267774367874921,-22.54901960784314,0.984,-5.5141199087244805
818,181710,1.884031186574964,5.994955156950672,0.984,2.6596986252973
819,183190,2.430202506926702,147.3460721868365,0.984,60.22628639780716
820,185750,4.947173229493711,77.94213000486302,0.984,15.555980442742419
821,192080,2.708861012676648,42.41164241164241,0.984,15.293380582382635
822,192400,1.934303348467551,72.2972972972973,0.984,36.86769055835796
823,192650,5.705753125589793,109.66312056737588,0.984,19.047287566642122
824,192820,2.8739035327569318,61.80354485184684,0.984,21.162695323145634
825,194370,2.9839336148885116,196.15384615384613,0.984,65.40689953021567
826,195870,3.452797766479354,146.66666666666666,0.984,42.19264391357969
827,200880,4.898950509003725,268.9981096408318,0.984,54.70847463109737
828,204210,1.976462457750162,28.78787878787879,0.984,14.067496541031382
829,204320,3.7576784812678037,211.84834123222748,0.984,56.11558899554491
830,207940,2.5403690220290285,65.30397760306258,0.984,25.319147354304185
831,210540,3.6005514280904145,202.08333333333334,0.984,55.85237076865979
832,210980,3.4113292433405484,53.98406374501992,0.984,15.536484450594847
833,213500,2.0226062310591857,38.64734299516908,0.984,18.62119399060972
834,214320,2.3499155003678402,22.266401590457257,0.984,9.05666675551774
835,214330,5.743638074880519,110.72436500470366,0.984,19.10642062992218
836,214390,4.460657533532857,82.98192771084338,0.984,18.38247547461926
837,214420,3.1258384003386745,-1.6008397848051434,0.984,-0.8269268764901871
838,226320,4.7308979541934155,163.76811594202897,0.984,34.408714269082665
839,227840,2.4056365558226123,88.715953307393,0.984,36.469329955535564
840,229640,1.8119953308189702,20.679012345679013,0.984,10.869240119276371
841,234080,2.700790178963895,36.200716845878134,0.984,13.03941236167718
842,241560,3.588652947445251,100.47619047619048,0.984,27.724104819614453
843,241590,3.565635261126932,71.02803738317756,0.984,19.644195845494274
844,244920,52.14257383147434,,0.984,
845,248070,5.926999422746593,,0.984,
846,248170,3.331337307192331,93.11740890688259,0.984,27.65658365124639
847,249420,2.923601699141373,26.693227091633464,0.984,8.793683181667312
848,251270,2.7783020269187273,37.52665245202559,0.984,13.152872545161395
849,264900,1.8757421263305143,43.83561643835616,0.984,22.845153305900382
850,26490K,4.677226386186742,83.97887323943662,0.984,17.74446357451191
851,267250,2.484253278362733,49.87146529562982,0.984,19.678937619375706
852,267260,4.058142657605098,225.81648522550543,0.984,55.40280472993272
853,267270,3.784870337568093,252.78688524590166,0.984,66.52880093316314
854,267290,1.8779631919316875,28.431372549019606,0.984,14.615500807972186
855,267850,4.7384584299131625,87.82109150594994,0.984,18.326021593385875
856,268280,2.5213220538451875,127.76280323450135,0.984,50.2826693801988
857,271560,2.4609592930633553,19.090909090909093,0.984,7.357662982051993
858,271980,6.535726275967184,75.38461538461539,0.984,11.383679830380485
859,272210,3.405813839223285,194.26656738644826,0.984,56.75077279929294
860,272450,3.2187599560493996,107.17948717948718,0.984,32.99267066495634
861,272550,2.0767799159001696,81.15942028985508,0.984,38.605641202526485
862,280360,2.0949134614636704,24.299065420560748,0.984,11.129369231448358
863,281820,2.7168630333031816,57.95795795795796,0.984,20.970493270942928
864,282330,2.4238750353414047,23.92156862745098,0.984,9.463181184264396
865,282690,1.4154408759370232,13.366336633663368,0.984,8.748042284328019
866,284740,2.5273713934078392,31.28834355828221,0.984,11.990459193027684
867,285130,5.10794682294737,207.36156831013113,0.984,40.40323352290654
868,28513K,6.818170456213637,301.384777482314,0.984,44.05885411804985
869,286940,2.0269433703046746,44.866920152091254,0.984,21.649800776375468
870,293480,2.679184513736282,25.25732826135601,0.984,9.059968858772407
871,293940,0.8658749256015837,11.71968787515006,0.984,12.398658926046656
872,294870,2.985164154117912,86.94267515923568,0.984,28.795292560598117
873,298000,3.9068921799697276,254.7646383467279,0.984,64.95716458412586
874,298020,3.8102194121335478,450.9615384615385,0.984,118.09753974498066
875,298040,4.4077992257993825,496.19771863117876,0.984,112.34942729075156
876,298050,3.7876456627812907,524.7947454844007,0.984,138.29454814940723
877,298690,3.5934008824206534,34.48275862068966,0.984,9.322299325012578
878,300720,2.450774681972637,171.84466019417474,0.984,69.71700069002198
879,302440,468.9948798853044,,0.984,
880,306200,3.192913372953526,164.71408647140865,0.984,51.27921347892823
881,307950,3.5053824478975275,271.0691823899371,0.984,77.04870621233638
882,308170,5.008254586826697,16.23246492985972,0.984,3.044666493186675
883,316140,1.9286012531500627,38.92709766162311,0.984,19.67389453867102
884,317400,2.851387077592394,225.21532521532524,0.984,78.63938466209851
885,322000,4.385666632939329,96.7123287671233,0.984,21.827543399705455
886,326030,4.217012603709261,,0.984,
887,330590,1.0790508884117174,6.981519507186857,0.984,5.558143338369111
888,334890,1.1192280756566235,,0.984,
889,336260,6.0889447900738185,888.2488923136198,0.984,145.7173488844958
890,33626K,6.70689190971544,514.2857142857143,0.984,76.53347052487278
891,33626L,6.711755276707504,190.48599018521452,0.984,28.234341446098725
892,336370,4.196206564190823,142.42197919445186,0.984,33.70615269549441
893,33637K,5.509343613523518,102.87850994779173,0.984,18.494854758682365
894,33637L,5.912776668490934,40.057985020536364,0.984,6.608398593635513
895,338100,0.6248980500422434,-7.2784810126582276,0.984,-13.222126412619915
896,339770,30.344935722526508,,0.984,
897,344820,3.327034500529236,174.17582417582418,0.984,52.05591470370214
898,348950,7.013923174860666,,0.984,
899,350520,2.041562893602858,,0.984,
900,352820,27.129380865270967,,0.984,
901,353200,4.371322085219784,,0.984,
902,35320K,5.560492319011218,,0.984,
903,357120,18.35859706901032,,0.984,
904,357250,58.35401810755211,,0.984,
905,363280,72.38091999977503,,0.984,
906,36328K,7.113051124911749,,0.984,
907,365550,11.044520243689506,,0.984,
908,375500,7.554090783730721,,0.984,
909,37550K,4.705806565944114,,0.984,
910,378850,10.600790912493377,,0.984,
911,900140,3.2591361003799726,19.510008963250673,0.984,5.684331182453775
912,950210,10.64522817577385,,0.984,
