,종목코드,PER,PBR,EPS,BPS,DIV,DPS
0,060310,0.0,3.19,0,695,0.0,0
1,054620,4.21,0.7,1749,10544,0.0,0
2,265520,0.0,0.0,0,0,0.0,0
3,211270,17.25,1.52,473,5373,0.0,0
4,032040,0.0,0.67,0,6530,0.0,0
5,130960,56.8,2.29,1611,39922,0.22,200
6,035760,57.49,1.51,3886,147596,1.12,2500
7,051500,0.0,2.22,0,16021,0.56,200
8,058820,355.79,7.27,19,930,0.0,0
9,023460,15.56,0.54,90,2604,1.79,25
10,065770,0.0,2.02,0,1047,0.0,0
11,083660,0.0,5.31,0,1641,0.0,0
12,045890,16.57,0.85,105,2038,0.0,0
13,068790,4.38,1.21,1610,5833,0.71,50
14,241520,68.59,5.85,78,915,0.0,0
15,037370,89.66,1.48,116,7013,0.48,50
16,079190,46.6,2.37,81,1593,0.0,0
17,130500,13.11,1.05,302,3775,2.27,90
18,032860,0.0,1.73,0,372,0.0,0
19,083450,22.6,1.67,458,6191,0.0,0
20,028150,10.96,1.27,17195,148522,3.71,7000
21,078150,8.18,2.02,388,1575,0.94,30
22,036640,19.05,1.01,243,4571,1.73,80
23,225430,1055.0,1.12,2,1880,0.0,0
24,254120,0.0,1.13,0,1867,0.0,0
25,264850,0.0,0.0,0,0,0.0,0
26,276920,0.0,0.0,0,0,0.0,0
27,277410,0.0,0.0,0,0,0.0,0
28,095340,23.73,1.55,710,10870,1.01,170
29,099520,0.0,1.44,0,977,0.0,0
30,067290,0.0,8.98,0,989,0.68,60
31,035900,86.38,11.86,268,1952,0.0,0
32,024120,5.02,0.93,1241,6665,4.82,300
33,021320,10.28,0.55,778,14493,1.25,100
34,036670,12.87,1.9,617,4168,2.27,180
35,044180,70.0,0.93,2,150,0.0,0
36,151860,29.82,1.07,138,3845,2.43,100
37,046440,18.54,1.43,501,6489,2.15,200
38,035600,66.46,3.16,316,6656,1.19,250
39,060720,0.0,0.93,0,12570,0.43,50
40,083470,0.0,0.61,0,2222,0.0,0
41,122450,5.96,1.19,1787,8972,0.0,0
42,052900,22.33,0.91,45,1108,0.0,0
43,058400,19.9,0.77,52,1343,1.93,20
44,114450,28.5,2.08,300,4111,0.0,0
45,036030,49.25,1.04,120,5663,0.0,0
46,060370,19.36,1.05,250,4631,1.03,50
47,065150,0.0,2.77,0,475,0.0,0
48,219550,0.0,1.26,0,1998,0.0,0
49,160550,57.94,1.88,160,4940,0.0,0
50,053290,7.95,0.85,522,4900,1.69,70
51,104200,0.0,1.96,0,4552,0.0,0
52,060250,35.93,4.01,494,4431,0.0,0
53,030190,20.92,3.81,466,2558,1.33,130
54,024940,15.86,0.96,187,3095,0.84,25
55,218410,206.11,1.89,90,9840,0.0,0
56,091340,15.49,0.83,328,6153,0.0,0
57,019550,71.58,2.62,19,520,0.0,0
58,046140,58.69,1.17,145,7263,1.18,100
59,036120,0.0,9.84,0,386,0.0,0
60,099220,0.0,1.12,0,1396,0.0,0
61,036540,49.31,1.4,51,1795,0.0,0
62,255220,5.93,2.15,900,2481,0.0,0
63,040610,0.0,0.33,0,7379,0.0,0
64,049470,0.0,1.17,0,728,0.0,0
65,184230,25.9,1.91,106,1435,0.0,0
66,090730,26.73,1.06,550,13827,0.68,100
67,232330,0.0,1.08,0,1892,0.0,0
68,057500,0.0,8.96,0,532,0.0,0
69,178920,63.94,5.87,714,7783,0.99,450
70,036490,14.47,3.73,10299,39945,2.38,3550
71,052260,25.91,2.46,828,8702,1.17,250
72,048550,0.0,4.28,0,789,0.0,0
73,089230,24.29,1.68,41,594,0.0,0
74,032540,74.92,0.81,62,5763,1.29,60
75,048770,0.0,4.93,0,1238,0.41,25
76,038340,0.0,2.71,0,1326,0.0,0
77,052300,5.49,0.74,96,711,0.0,0
78,040300,25.8,0.48,81,4369,0.72,15
79,051390,14.49,0.6,256,6139,2.7,100
80,052220,30.83,1.39,103,2277,1.42,45
81,079940,17.45,1.89,423,3907,0.41,30
82,078890,7.36,1.18,1400,8715,0.97,100
83,192410,0.0,3.28,0,1880,0.0,0
84,024840,18.22,1.25,132,1922,0.0,0
85,217730,0.0,9.28,0,1617,0.0,0
86,094480,37.35,2.74,115,1566,0.58,25
87,063080,15.74,2.0,4549,35865,0.0,0
88,039240,66.67,0.73,168,15402,1.34,150
89,053950,1433.33,11.51,12,1495,0.0,0
90,011040,15.96,1.5,1485,15814,2.95,700
91,024910,6.75,0.49,518,7145,2.0,70
92,089890,0.0,9.88,0,509,0.0,0
93,198440,106.25,1.07,20,1978,0.0,0
94,049720,13.61,3.11,267,1168,4.81,175
95,014570,24.84,2.36,463,4878,0.87,100
96,098460,44.79,8.7,2228,11477,0.4,400
97,038530,0.0,12.39,0,440,0.0,0
98,227950,251.25,1.1,8,1826,0.0,0
99,215000,7.67,2.32,5825,19218,3.58,1600
100,121440,60.43,0.46,94,12311,2.06,117
101,014200,0.0,1.7,0,2037,0.0,0
102,026910,0.0,0.87,0,4445,0.0,0
103,090150,11.29,0.58,229,4480,1.16,30
104,267320,0.0,0.0,0,0,0.0,0
105,242040,0.0,1.09,0,1832,0.0,0
106,053270,13.38,0.66,142,2872,0.0,0
107,066620,14.18,1.79,1463,11591,1.2,250
108,043650,0.0,0.57,0,10610,0.82,50
109,006050,102.92,0.84,12,1477,0.0,0
110,060480,107.37,1.18,38,3465,1.23,50
111,078130,0.0,1.68,0,476,0.0,0
112,019010,3.8,0.29,3367,43733,2.34,300
113,204620,130.42,0.8,12,1946,0.0,0
114,019660,0.0,3.41,0,1084,0.0,0
115,053260,12.71,0.71,326,5836,2.41,100
116,036190,9.4,1.33,3986,28057,2.4,900
117,049080,0.0,1.8,0,1564,0.0,0
118,035460,0.0,1.11,0,2513,0.0,0
119,187790,0.0,1.91,0,1922,0.0,0
120,151910,0.0,47.8,0,59,0.0,0
121,121600,32.21,2.49,548,7101,0.57,100
122,039860,0.0,5.37,0,1047,0.0,0
123,091970,0.0,1.96,0,3168,0.0,0
124,051490,31.15,1.06,183,5369,1.75,100
125,190510,0.0,0.98,0,21163,0.0,0
126,089600,60.51,7.63,1413,11207,0.46,390
127,138610,0.0,5.63,0,1811,0.0,0
128,130580,18.61,3.11,366,2190,1.23,84
129,036800,7.34,1.53,3152,15175,1.51,350
130,091590,24.54,1.15,485,10373,0.84,100
131,168330,0.0,8.24,0,2428,0.0,0
132,072770,32.32,1.37,41,967,0.0,0
133,212560,5.56,0.64,1001,8768,2.69,150
134,095660,40.93,1.6,485,12397,0.0,0
135,042420,0.0,0.47,0,32645,0.0,0
136,085910,0.0,0.87,0,5047,7.95,350
137,092730,54.57,11.55,1094,5170,0.59,350
138,153460,155.97,0.96,31,5060,0.0,0
139,007390,0.0,40.07,0,670,0.0,0
140,033640,9.77,1.41,865,5994,0.0,0
141,087730,0.0,4.77,0,4998,0.0,0
142,073070,96.85,10.52,73,672,0.35,25
143,081970,130.63,1.69,80,6184,0.0,0
144,089140,6.47,1.73,2024,7588,1.15,150
145,065170,0.0,5.37,0,605,0.0,0
146,139670,0.0,1.46,0,2556,0.0,0
147,051980,0.0,2.43,0,598,0.0,0
148,137940,60.33,2.69,45,1011,0.55,15
149,092600,80.36,1.63,84,4141,0.0,0
150,041140,25.28,2.91,453,3934,0.0,0
151,217270,0.0,6.32,0,2280,0.0,0
152,225570,205.33,1.66,15,1858,0.0,0
153,144510,259.26,13.82,243,4557,0.12,75
154,031390,0.0,17.4,0,3351,0.09,50
155,142280,0.0,4.88,0,2808,0.0,0
156,065560,0.0,6.96,0,1432,0.0,0
157,054050,0.0,1.38,0,11735,0.0,0
158,040160,16.06,1.95,554,4559,0.0,0
159,069140,10.23,1.2,512,4357,0.0,0
160,126870,105.95,2.39,79,3499,0.0,0
161,060260,68.6,2.58,25,666,0.0,0
162,012340,0.0,2.66,0,389,0.0,0
163,222040,28.68,6.06,835,3952,0.0,0
164,144960,18.46,2.53,1685,12298,0.42,130
165,085670,0.0,1.44,0,3218,0.0,0
166,222810,0.0,7.81,0,931,0.0,0
167,119860,22.01,3.1,702,4985,1.94,300
168,064260,0.0,1.7,0,3023,0.0,0
169,093640,515.38,5.4,13,1240,0.0,0
170,039560,0.0,1.16,0,5268,0.0,0
171,032190,22.36,1.2,606,11332,0.74,100
172,068240,59.29,3.09,296,5675,0.28,50
173,020400,0.0,0.81,0,54896,0.56,250
174,008830,0.0,0.43,0,66574,0.71,200
175,048470,17.03,1.27,435,5853,0.67,50
176,004780,6.72,1.05,912,5864,1.96,120
177,017650,4.59,0.79,377,2190,0.0,0
178,007720,0.0,3.27,0,965,0.0,0
179,078140,15.85,2.11,757,5675,0.42,50
180,036480,18.57,2.88,11828,76346,0.46,1000
181,025440,75.5,3.04,20,496,0.0,0
182,027830,45.0,2.07,58,1258,1.15,30
183,104040,13.88,1.34,143,1482,0.0,0
184,262830,0.0,0.0,0,0,0.0,0
185,020180,28.95,2.02,43,616,1.2,15
186,045390,16.95,2.22,149,1138,0.0,0
187,108380,7.92,0.77,1737,17947,0.0,0
188,006580,20.13,0.94,149,3200,0.0,0
189,007680,3.19,0.55,3783,21749,0.0,0
190,048910,0.0,2.16,0,4616,0.0,0
191,005710,3.37,0.65,2138,11060,1.39,100
192,071460,44.94,1.37,83,2719,0.0,0
193,120240,14.55,1.27,1244,14239,1.38,250
194,003310,32.45,1.3,55,1370,1.4,25
195,078600,261.94,4.07,67,4314,0.0,0
196,065690,23.52,0.75,206,6437,0.0,0
197,096350,0.0,0.4,0,4367,0.0,0
198,140520,0.0,0.7,0,6031,3.54,150
199,131220,21.45,1.68,255,3257,0.73,40
200,010170,0.0,4.87,0,1286,0.0,0
201,054670,0.0,3.06,0,4960,0.33,50
202,023910,14.97,2.84,2943,15491,0.5,220
203,021040,17.09,2.58,103,682,0.0,0
204,021045,0.0,0.0,0,0,0.0,0
205,067080,146.68,8.53,211,3630,0.32,100
206,192080,23.92,3.21,2952,22007,0.92,650
207,035290,263.5,7.4,20,712,0.0,0
208,213420,85.64,3.69,195,4528,0.0,0
209,077360,0.0,0.97,0,7546,0.0,0
210,090410,0.0,1.56,0,1362,0.0,0
211,263600,7.46,2.01,1790,6653,0.0,0
212,194480,0.0,1.0,0,13296,0.0,0
213,263800,13.83,3.01,321,1476,0.0,0
214,139050,0.0,2.53,0,1544,0.0,0
215,017680,0.0,1.96,0,479,0.0,0
216,206560,36.69,2.46,242,3604,0.0,0
217,067990,0.0,2.68,0,2496,0.0,0
218,006620,21.85,12.67,1872,3229,0.0,0
219,100130,17.21,1.07,289,4662,2.41,120
220,005160,7.83,0.57,480,6611,3.99,150
221,075970,23.99,0.64,104,3913,3.21,80
222,086450,15.09,2.62,4626,26689,0.57,400
223,099410,0.0,0.78,0,2758,0.0,0
224,226440,256.88,1.05,8,1966,0.0,0
225,281740,0.0,0.0,0,0,0.0,0
226,230490,336.67,1.02,6,1973,0.0,0
227,033500,22.08,1.82,366,4432,1.61,130
228,025950,13.7,1.03,691,9200,1.06,100
229,088130,4.55,1.03,2266,10022,1.26,130
230,041930,4.63,0.77,953,5730,2.27,100
231,060380,8.01,0.67,420,5032,2.97,100
232,079960,5.64,0.47,2023,24198,2.63,300
233,228340,3.13,0.65,1498,7185,5.34,250
234,104460,0.0,0.7,0,5403,2.65,100
235,088910,7.21,0.65,569,6269,0.0,0
236,094170,67.3,2.83,211,5011,0.21,30
237,013120,4.34,0.84,1079,5553,2.99,140
238,109860,15.77,0.6,549,14437,1.15,100
239,032960,9.09,1.39,1452,9516,0.27,35
240,023790,0.0,0.63,0,6203,0.0,0
241,005290,26.73,3.67,550,4010,0.41,60
242,025900,11.81,1.09,2960,32067,0.86,300
243,078590,11.26,1.97,194,1110,0.0,0
244,030350,0.0,2.48,0,2221,0.0,0
245,203650,0.0,3.16,0,1915,0.0,0
246,217620,100.0,1.04,20,1924,0.0,0
247,187870,12.99,2.28,835,4761,0.0,0
248,073190,0.0,0.89,0,2668,0.0,0
249,066670,17.23,0.5,226,7729,1.28,50
250,214680,0.0,3.41,0,678,0.0,0
251,263720,39.17,17.83,360,791,0.0,0
252,109740,16.97,1.65,423,4339,0.7,50
253,033430,0.0,1.92,0,2615,0.0,0
254,090710,82.61,6.96,23,273,0.0,0
255,131030,14.56,2.26,704,4543,0.98,100
256,196490,26.44,2.99,660,5845,0.57,100
257,066900,25.34,0.84,131,3936,0.0,0
258,127120,0.0,26.26,0,289,0.0,0
259,092070,13.48,2.0,979,6610,0.0,0
260,101000,5.29,1.08,360,1757,1.05,20
261,134580,0.0,0.85,0,3712,0.0,0
262,039840,32.82,6.18,1359,7222,0.0,0
263,079810,0.0,1.68,0,2514,0.0,0
264,113810,18.77,1.3,106,1528,0.0,0
265,043360,0.0,0.62,0,5396,1.49,50
266,106520,0.0,0.46,0,3084,0.0,0
267,068930,11.46,1.44,366,2908,3.81,160
268,033130,17.88,1.27,125,1764,1.79,40
269,033310,9.15,1.01,224,2037,0.0,0
270,105740,21.75,0.73,332,9863,1.39,100
271,187220,45.45,1.54,242,7158,0.0,0
272,131180,19.3,1.46,143,1890,1.81,50
273,042510,72.69,10.06,54,390,0.0,0
274,050120,4.3,1.36,273,861,0.0,0
275,171120,10.8,1.71,1097,6936,1.69,200
276,069540,91.22,1.55,98,5786,0.0,0
277,171010,0.0,3.38,0,1499,0.0,0
278,084650,149.41,4.33,85,2934,0.0,0
279,141080,0.0,10.36,0,6042,0.0,0
280,060300,203.42,1.14,19,3395,0.0,0
281,038390,11.2,0.98,1384,15805,3.87,600
282,228850,19.67,1.86,943,9971,1.62,300
283,047440,0.0,0.46,0,1991,0.0,0
284,238120,0.0,2.57,0,6790,0.0,0
285,215100,256.56,2.06,16,1992,0.0,0
286,090360,26.39,4.06,864,5612,0.22,50
287,016170,44.33,9.48,2477,11579,0.91,1004
288,067730,54.11,1.92,62,1750,1.79,60
289,071280,15.75,1.35,314,3676,1.01,50
290,038060,0.0,0.82,0,4588,0.0,0
291,082800,0.0,2.37,0,599,0.0,0
292,085370,75.36,3.85,276,5408,0.36,75
293,08537M,0.0,0.0,0,0,0.07,18
294,060240,59.51,2.76,102,2203,0.0,0
295,058470,25.01,4.45,2343,13182,1.54,900
296,039980,35.26,1.51,78,1820,1.09,30
297,016100,83.88,4.59,273,4994,0.0,0
298,197210,152.78,3.99,9,345,0.0,0
299,012700,4.94,0.57,1237,10644,2.45,150
300,131100,0.0,2.06,0,1253,0.0,0
301,277070,0.0,0.0,0,0,0.0,0
302,042500,16.96,1.21,245,3427,0.0,0
303,219420,44.84,10.94,252,1033,0.0,0
304,098120,0.0,0.86,0,4885,0.48,20
305,147760,15.55,2.1,535,3963,0.0,0
306,035480,0.0,1.18,0,1254,0.0,0
307,038290,98.05,5.19,487,9202,0.0,0
308,267980,0.0,0.0,0,0,0.0,0
309,005990,4.67,0.5,2975,27572,1.8,250
310,127160,0.0,3.5,0,1069,0.0,0
311,093520,39.68,1.69,109,2560,2.31,100
312,141070,0.0,1.06,0,1356,0.0,0
313,067280,14.55,2.47,2176,12834,0.79,250
314,072870,0.0,0.57,0,60405,2.02,700
315,215200,71.89,1.32,1359,73775,1.02,1000
316,133750,28.3,0.91,91,2819,3.88,100
317,041920,12.24,2.3,927,4942,0.0,0
318,086900,65.77,28.04,11132,26108,0.27,2000
319,078160,0.0,7.8,0,18237,0.0,0
320,065650,0.0,6.17,0,934,0.0,0
321,021880,0.0,1.23,0,426,0.0,0
322,140410,0.0,7.99,0,6473,0.0,0
323,241770,94.5,11.62,373,3034,0.0,0
324,059210,139.5,1.77,30,2358,0.24,10
325,058110,0.0,3.67,0,1836,0.0,0
326,096640,61.36,0.96,70,4462,0.0,0
327,149940,0.0,3.29,0,2389,0.0,0
328,080420,10.3,1.53,926,6217,0.0,0
329,080160,41.25,7.19,954,5474,1.52,600
330,100030,421.15,1.21,26,9067,0.0,0
331,087260,18.55,4.87,385,1466,0.0,0
332,101330,3.83,0.59,1321,8569,3.95,200
333,250060,0.0,0.88,0,1879,0.0,0
334,033200,0.0,0.88,0,5125,0.0,0
335,118990,6.02,2.0,5429,16373,0.0,0
336,006920,75.61,5.0,114,1724,0.0,0
337,001810,26.71,0.38,117,8266,0.96,30
338,161570,0.0,1.35,0,3581,0.0,0
339,028040,0.0,3.38,0,890,0.0,0
340,095500,87.55,0.74,49,5825,0.0,0
341,218150,304.12,2.59,17,1996,0.0,0
342,265480,0.0,0.0,0,0,0.0,0
343,239340,2050.0,1.06,1,1934,0.0,0
344,049950,122.03,14.16,1053,9072,0.13,170
345,213090,15.0,1.33,740,8357,0.9,100
346,207760,18.05,2.78,169,1099,0.82,25
347,059090,98.78,2.25,49,2148,0.0,0
348,201490,68.57,5.72,126,1510,0.0,0
349,214180,25.21,4.17,944,5710,1.89,450
350,206640,34.06,5.78,549,3236,0.53,100
351,018700,0.0,1.33,0,2787,0.0,0
352,035620,4.42,3.88,429,489,0.0,0
353,064520,50.0,1.36,27,996,0.0,0
354,029480,215.25,2.41,4,357,0.0,0
355,053030,0.0,2.79,0,4576,0.0,0
356,084990,5918.42,16.28,38,13815,0.0,0
357,064550,0.0,9.02,0,1508,0.0,0
358,208710,10.16,1.87,246,1336,0.0,0
359,142760,0.0,16.35,0,1413,0.0,0
360,065940,0.0,1.34,0,3350,0.0,0
361,038460,189.72,2.01,36,3396,0.0,0
362,044480,0.0,6.46,0,2615,0.0,0
363,086040,264.38,11.35,73,1701,0.0,0
364,032980,0.0,3.65,0,1015,0.0,0
365,043150,23.85,4.02,1667,9884,0.25,100
366,267790,23.57,10.26,681,1565,0.0,0
367,046310,0.0,1.62,0,2043,0.0,0
368,036620,3.08,2.6,548,650,0.0,0
369,177350,15.83,1.58,379,3787,1.67,100
370,225530,19.36,3.62,296,1583,5.24,300
371,250000,8.29,6.0,1652,2285,0.0,0
372,014100,61.3,3.99,230,3538,0.0,0
373,006910,307.27,1.65,11,2044,0.0,0
374,014470,14.32,0.89,207,3320,0.0,0
375,008470,7.55,0.72,746,7846,1.78,100
376,100120,14.55,3.56,2701,11032,0.51,200
377,066980,36.0,1.35,26,694,0.0,0
378,064480,7.19,1.16,664,4109,4.19,200
379,251630,21.6,7.51,1435,4130,0.0,0
380,033560,5.33,0.74,1240,8991,0.76,50
381,121800,0.0,4.09,0,3718,0.0,0
382,148140,10.42,2.39,950,4147,0.0,0
383,200780,30.0,2.79,850,9154,0.39,100
384,141000,13.26,1.81,1116,8178,0.68,100
385,090460,0.0,5.38,0,3391,0.0,0
386,083650,11.85,1.23,398,3835,0.0,0
387,086670,0.0,1.63,0,6921,0.88,100
388,138580,48.99,13.18,346,1286,0.0,0
389,082920,14.06,2.66,1031,5454,0.0,0
390,054220,59.63,1.01,27,1600,0.0,0
391,042370,3.99,1.18,1664,5617,0.0,0
392,032850,19.66,2.61,328,2475,1.13,73
393,093190,7.69,1.03,832,6202,4.69,300
394,065450,0.0,2.13,0,1439,0.0,0
395,072950,16.0,0.95,500,8424,1.25,100
396,143240,21.7,3.24,947,6339,0.58,120
397,123260,0.0,0.97,0,2042,0.0,0
398,100090,23.86,1.18,215,4331,0.0,0
399,122350,7.71,0.86,406,3624,2.88,90
400,014970,8.44,1.22,628,4362,0.94,50
401,018310,3.71,0.61,3232,19672,0.83,100
402,053700,8.85,0.86,1334,13782,0.59,70
403,009620,0.0,0.82,0,7873,0.0,0
404,023600,5.15,0.6,2107,18093,0.46,50
405,111870,11.59,1.0,776,8968,4.45,400
406,009300,14.94,1.03,1617,23378,1.04,250
407,225190,10.64,5.01,1597,3395,5.88,1000
408,054540,20.59,0.81,222,5613,1.97,90
409,065570,10.26,0.83,777,9614,3.2,255
410,082660,0.0,0.3,0,2864,0.0,0
411,073640,0.0,5.36,0,248,0.0,0
412,032280,12.53,0.56,164,3684,2.43,50
413,002290,65.09,0.84,55,4256,2.51,90
414,037460,8.47,1.43,1505,8939,0.0,0
415,032750,9.72,0.9,965,10471,1.28,120
416,054090,0.0,0.62,0,4292,0.0,0
417,000250,92.18,6.84,422,5689,0.13,50
418,024950,14.18,1.15,620,7672,2.28,200
419,038500,7.26,0.61,468,5558,0.0,0
420,017480,7.44,0.54,627,8689,3.22,150
421,046390,10.08,2.06,188,922,0.0,0
422,027580,0.0,0.78,0,2299,0.0,0
423,091580,0.0,3.52,0,3254,0.44,50
424,263810,12.89,3.73,1629,5631,1.88,394
425,089980,42.24,2.39,419,7398,0.79,140
426,042940,0.0,13.35,0,176,0.0,0
427,042600,6.22,0.99,896,5630,0.72,40
428,263540,20.08,2.05,364,3566,0.0,0
429,038070,21.01,1.76,614,7315,1.01,130
430,006730,182.79,1.15,61,9724,0.9,100
431,079650,10.93,1.37,439,3501,0.52,25
432,100660,51.55,0.87,74,4408,1.31,50
433,012860,3.85,0.36,597,6346,2.17,50
434,019770,0.0,0.6,0,6465,1.03,40
435,043710,0.0,2.22,0,1872,0.0,0
436,046890,31.63,1.91,626,10344,0.41,81
437,063170,24.18,2.19,383,4228,1.08,100
438,027040,9.96,1.99,120,599,0.0,0
439,018680,119.64,2.36,112,5685,0.11,15
440,093920,6.79,0.79,1028,8861,9.46,660
441,189860,35.66,1.58,286,6473,1.08,110
442,178320,6.93,2.2,5357,16853,0.0,0
443,122690,29.3,0.59,129,6452,0.79,30
444,140070,8.17,2.09,502,1964,1.71,70
445,011370,3.56,1.08,641,2105,1.32,30
446,065710,9.99,1.6,1782,11141,3.93,700
447,035890,6.39,0.82,176,1369,0.89,10
448,003100,5.81,0.41,3221,45309,2.14,400
449,123420,25.93,3.34,1606,12455,0.0,0
450,171090,4.04,2.16,4724,8863,0.0,0
451,014620,70.55,0.7,163,16401,1.3,150
452,037350,5.2,0.74,1572,11093,1.22,100
453,081580,4.69,0.6,830,6491,2.57,100
454,045300,15.25,1.53,398,3978,0.0,0
455,015750,11.5,0.41,553,15545,3.14,200
456,080470,60.56,1.83,180,5944,0.0,0
457,043260,44.38,0.76,24,1404,0.0,0
458,053060,0.0,0.74,0,1238,0.0,0
459,017510,34.98,1.74,207,4157,1.1,80
460,214310,0.0,2.75,0,691,0.0,0
461,011560,8.67,1.11,1418,11092,1.63,200
462,100700,26.48,3.06,193,1669,0.68,35
463,234100,8.95,1.29,902,6265,0.0,0
464,024830,16.23,0.33,451,22187,1.02,75
465,036630,0.0,1.47,0,422,0.0,0
466,039310,5.47,0.58,476,4507,3.84,100
467,067770,0.0,0.58,0,5299,0.0,0
468,053450,13.7,0.94,832,12176,1.75,200
469,252500,0.0,2.79,0,1938,0.0,0
470,049180,0.0,4.59,0,2700,0.0,0
471,108860,0.0,2.97,0,2156,0.0,0
472,208370,0.0,3.02,0,2129,0.0,0
473,068760,780.56,8.28,108,10183,0.0,0
474,091990,98.43,18.76,1082,5677,0.0,0
475,053110,0.0,5.37,0,496,0.0,0
476,032680,0.0,1.92,0,1027,0.0,0
477,032685,0.0,0.0,0,0,0.0,0
478,066910,44.69,2.53,81,1433,0.0,0
479,043100,0.0,1.92,0,339,0.0,0
480,154040,0.0,0.78,0,6720,0.0,0
481,035610,331.18,1.19,17,4712,0.0,0
482,036830,12.71,1.75,4635,33711,1.04,610
483,230980,0.0,3.62,0,975,0.0,0
484,086980,27.66,2.94,214,2016,0.84,50
485,050960,9.81,0.94,953,9994,1.34,125
486,084180,19.21,1.69,303,3444,1.2,70
487,236200,15.91,2.01,1571,12462,0.0,0
488,094840,13.62,0.53,437,11160,0.0,0
489,192440,8.06,1.61,6227,31144,1.0,500
490,099440,39.58,0.99,95,3815,1.33,50
491,033790,0.0,1.77,0,1958,0.0,0
492,159910,0.0,1.66,0,525,0.0,0
493,115570,5.13,0.49,1103,11441,1.41,80
494,253450,244.97,14.99,378,6176,0.0,0
495,087220,0.0,0.29,0,905,0.0,0
496,013810,11.87,1.22,308,2999,0.0,0
497,039670,0.0,1.23,0,990,0.0,0
498,049830,17.72,0.44,539,21586,0.89,85
499,020710,0.0,1.87,0,3923,0.0,0
500,033170,0.0,0.69,0,1903,0.0,0
501,048870,6.28,8.12,392,303,0.0,0
502,025320,55.34,3.42,74,1197,0.0,0
503,269620,8.07,3.12,402,1039,2.47,80
504,131090,70.25,4.6,40,611,0.36,10
505,001000,269.09,5.26,11,563,0.0,0
506,025870,64.89,1.43,90,4070,0.0,0
507,215600,0.0,32.05,0,3339,0.0,0
508,065350,79.42,1.13,69,4851,0.91,50
509,056000,0.0,2.0,0,1388,0.0,0
510,002800,30.41,4.05,388,2912,0.29,34
511,017000,22.92,1.06,226,4900,0.0,0
512,012790,10.84,1.31,1338,11037,0.97,140
513,138070,71.03,1.18,116,6964,0.0,0
514,257730,0.0,2.03,0,1089,0.0,0
515,277480,0.0,0.0,0,0,0.0,0
516,056700,16.34,0.65,134,3351,2.28,50
517,187270,109.11,1.14,45,4323,0.0,0
518,243840,44.3,4.32,860,8810,0.0,0
519,108320,11.97,1.59,3116,23406,2.41,900
520,222800,6.78,1.12,1326,8007,2.22,200
521,036710,11.42,0.67,190,3233,0.0,0
522,160980,18.92,2.33,793,6443,1.67,250
523,010280,0.0,1.02,0,705,0.0,0
524,122800,0.0,1.0,0,1004,0.0,0
525,208640,0.0,9.98,0,461,0.0,0
526,222420,31.65,2.85,82,911,0.0,0
527,037760,8.52,0.96,210,1858,1.68,30
528,136510,33.93,2.09,333,5410,0.27,30
529,099320,31.67,2.54,1121,13988,0.68,240
530,049960,20.14,5.39,2396,8952,1.14,550
531,050890,0.0,1.7,0,2442,0.0,0
532,099830,0.0,1.7,0,3400,0.0,0
533,066790,0.0,1.19,0,425,0.0,0
534,222080,0.0,1.26,0,1876,0.0,0
535,264660,6.91,2.63,2114,5542,0.68,100
536,115530,0.0,1.67,0,488,0.0,0
537,225330,19.91,3.77,449,2372,13.42,1200
538,115480,0.0,1.07,0,2887,0.0,0
539,096530,127.66,6.44,273,5412,0.0,0
540,101240,10.9,1.39,720,5644,1.53,120
541,047920,165.69,5.29,51,1596,0.0,0
542,060590,0.0,2.81,0,5201,0.0,0
543,036170,144.62,1.42,26,2648,0.0,0
544,260930,11.64,7.77,3329,4989,0.0,0
545,013990,88.52,1.03,61,5220,0.0,0
546,123860,0.0,2.36,0,7557,1.12,200
547,058220,0.0,2.19,0,489,0.0,0
548,052710,23.38,2.32,1677,16926,0.0,0
549,074430,0.0,5.02,0,507,0.0,0
550,092040,392.44,7.63,172,8848,0.0,0
551,083930,8.52,1.23,927,6420,2.53,200
552,149950,14.51,1.02,543,7704,2.54,200
553,036010,10.08,1.23,764,6276,2.86,220
554,050860,13.73,0.63,241,5278,2.27,75
555,246720,0.0,27.38,0,535,0.0,0
556,067390,34.99,3.4,513,5284,0.0,0
557,127710,12.69,1.11,208,2372,0.0,0
558,154030,15.75,2.07,268,2039,0.0,0
559,227610,13.18,5.18,1104,2807,0.0,0
560,143160,0.0,0.53,0,13500,2.77,200
561,054800,87.57,0.9,181,17552,0.95,150
562,060570,0.0,6.39,0,1226,0.0,0
563,099190,22.36,2.62,1277,10908,0.35,100
564,214430,21.74,2.94,1118,8276,1.85,450
565,040910,14.67,1.41,660,6850,1.03,100
566,068940,237.5,2.1,8,905,0.0,0
567,052860,47.36,2.74,125,2158,0.0,0
568,069920,48.64,2.48,70,1372,0.0,0
569,038880,192.75,3.89,20,991,0.0,0
570,101390,0.0,1.3,0,2274,0.0,0
571,226350,0.0,1.3,0,2312,0.0,0
572,078860,0.0,0.64,0,675,0.0,0
573,114810,47.37,1.56,266,8061,0.0,0
574,031310,13.01,0.78,269,4473,1.86,65
575,185490,0.0,13.89,0,1613,0.0,0
576,059100,8.02,1.14,828,5821,1.51,100
577,052460,19.09,1.31,308,4475,1.7,100
578,119830,18.73,1.09,275,4710,0.0,0
579,124500,0.0,2.63,0,1739,0.0,0
580,032080,9.19,0.48,228,4373,2.39,50
581,013310,4.44,0.56,855,6795,0.0,0
582,059120,74.41,3.28,213,4834,1.26,200
583,023890,4.79,1.96,9856,24063,0.63,300
584,067160,28.89,5.46,995,5266,1.01,290
585,001540,109.33,1.63,150,10036,1.34,220
586,053800,50.74,4.97,1683,17178,0.82,700
587,065660,2000.0,21.93,50,4559,0.0,0
588,260660,55.49,8.76,401,2541,0.45,100
589,106080,0.0,1.46,0,386,0.0,0
590,131370,410.83,2.58,6,956,0.0,0
591,140670,40.06,6.01,528,3519,0.0,0
592,096610,38.99,0.76,129,6654,0.7,35
593,061040,8.75,0.74,519,6095,0.0,0
594,148250,48.73,3.01,205,3319,0.5,50
595,196170,0.0,6.98,0,3623,0.0,0
596,123750,0.0,0.82,0,4092,0.0,0
597,085810,97.5,0.95,44,4501,0.0,0
598,117670,0.0,4.77,0,4223,0.2,40
599,196300,0.0,4.99,0,4660,0.0,0
600,205500,0.0,8.77,0,950,0.0,0
601,052790,0.0,1.96,0,10191,0.0,0
602,131400,0.0,1.16,0,1873,0.0,0
603,238090,5.96,1.31,1174,5342,5.71,400
604,174900,0.0,28.36,0,1964,0.0,0
605,255440,20.78,5.68,1198,4380,0.0,0
606,030960,40.61,2.61,261,4066,0.47,50
607,102120,14.87,1.34,413,4596,0.81,50
608,019990,26.67,1.44,225,4173,1.17,70
609,025980,20.8,1.84,1673,18940,0.0,0
610,041440,8.46,0.89,980,9338,1.33,110
611,038680,0.0,1.41,0,4080,0.0,0
612,217480,15.2,6.4,1191,2830,0.0,0
613,121890,0.0,0.75,0,3584,0.0,0
614,030270,0.0,0.39,0,1075,0.0,0
615,097780,0.0,1.51,0,835,0.0,0
616,042110,10.52,0.78,145,1952,0.0,0
617,065420,0.0,2.11,0,376,0.0,0
618,050320,0.0,12.15,0,265,0.0,0
619,103230,0.0,0.44,0,7813,0.0,0
620,101490,10.09,1.21,455,3808,0.0,0
621,095910,26.28,0.86,261,8018,1.6,110
622,031330,4.36,1.14,444,1698,5.17,100
623,060540,11.88,0.78,170,2574,0.0,0
624,112240,113.29,3.31,76,2599,0.0,0
625,056190,15.43,2.18,2242,15838,3.24,1120
626,080000,0.0,1.12,0,2868,0.0,0
627,160600,130.96,2.37,52,2870,0.0,0
628,263920,9.56,3.51,680,1852,0.0,0
629,041510,270.71,3.02,169,15144,0.0,0
630,007820,0.0,5.22,0,2644,0.36,50
631,109610,60.7,2.83,115,2470,2.15,150
632,080440,0.0,1.64,0,508,0.0,0
633,096630,13.74,2.07,178,1182,0.0,0
634,069510,5.93,0.91,1754,11379,4.81,500
635,041910,37.94,2.07,369,6771,0.36,50
636,234300,20.35,8.96,779,1769,0.16,25
637,039440,17.69,4.66,1238,4703,0.68,150
638,098660,7.38,0.73,397,4007,0.68,20
639,052020,0.0,11.98,0,1139,0.0,0
640,237690,11.45,2.63,3861,16791,1.13,500
641,050760,7.84,0.66,252,2977,1.27,25
642,058610,13.08,2.52,948,4919,0.81,100
643,043340,56.0,3.6,25,389,0.0,0
644,054630,18.25,3.66,143,713,0.0,0
645,200710,0.0,2.12,0,4236,0.0,0
646,003800,13.2,1.25,15827,167162,1.58,3300
647,088800,0.0,0.99,0,4111,0.0,0
648,138360,0.0,2.11,0,2071,0.0,0
649,072990,6.59,0.94,1339,9381,0.0,0
650,176440,4.56,0.75,652,3986,0.0,0
651,028300,0.0,28.35,0,2473,0.0,0
652,067630,0.0,12.83,0,1169,0.0,0
653,043220,0.0,2.45,0,564,0.0,0
654,239610,19.96,3.17,1548,9760,0.0,0
655,226340,83.96,1.04,24,1932,0.0,0
656,044780,22.98,0.78,84,2477,0.0,0
657,071670,84.11,1.62,129,6697,0.0,0
658,045660,14.97,2.14,925,6469,0.72,100
659,224110,88.13,2.23,139,5492,0.0,0
660,021080,37.52,3.15,113,1345,0.83,35
661,089530,0.0,1.87,0,382,0.0,0
662,182400,0.0,11.31,0,1786,0.0,0
663,073570,0.0,3.3,0,3195,0.0,0
664,109960,0.0,8.03,0,399,0.0,0
665,043580,0.0,3.13,0,1019,0.0,0
666,214870,0.0,1.44,0,2805,0.0,0
667,064510,127.38,1.19,42,4511,0.0,0
668,230360,20.97,2.22,454,4295,2.21,210
669,038870,0.0,1.4,0,6925,0.0,0
670,086520,0.0,5.79,0,6757,0.0,0
671,038110,9.51,0.32,192,5673,1.1,20
672,073540,0.0,0.82,0,3270,0.0,0
673,064090,0.0,10.21,0,329,0.0,0
674,036810,17.24,1.66,348,3625,1.33,80
675,063440,0.0,1.53,0,1052,0.0,0
676,173940,0.0,1.49,0,5422,0.0,0
677,083500,0.0,1.37,0,4577,0.0,0
678,065160,0.0,4.12,0,869,0.0,0
679,054940,17.47,0.75,79,1850,0.0,0
680,205100,47.11,4.15,83,943,0.0,0
681,092870,20.31,1.5,581,7881,0.85,100
682,067570,2.55,0.52,1111,5397,4.95,140
683,101400,0.0,4.6,0,178,0.0,0
684,217820,42.43,3.75,423,4784,0.56,100
685,031860,0.0,2.08,0,1327,0.0,0
686,256630,0.0,0.0,0,0,0.0,0
687,256840,0.0,1.04,0,1936,0.0,0
688,273060,0.0,0.0,0,0,0.0,0
689,208860,252.53,8.36,99,2991,0.0,0
690,183490,0.0,24.61,0,3995,0.0,0
691,206400,0.0,5.27,0,471,0.0,0
692,069410,326.19,2.24,42,6122,0.0,0
693,048830,19.55,1.17,132,2198,1.16,30
694,096870,0.0,1.65,0,2189,0.0,0
695,061970,8.54,1.23,309,2153,0.0,0
696,138690,0.0,3.97,0,3738,0.0,0
697,066970,124.84,10.3,312,3783,0.13,50
698,156100,68.63,2.09,161,5284,0.0,0
699,073110,0.0,0.66,0,12447,1.82,150
700,083310,23.5,2.44,634,6118,0.0,0
701,037950,30.75,2.77,80,889,2.03,50
702,170920,0.0,1.23,0,11756,1.04,150
703,058630,22.27,3.1,198,1421,0.0,0
704,019590,0.0,2.31,0,254,0.0,0
705,097520,0.0,2.7,0,7068,0.0,0
706,009780,10.87,1.8,1127,6790,0.49,60
707,123040,2.57,0.82,1274,4006,2.29,75
708,032790,0.0,12.34,0,960,0.0,0
709,033160,9.91,0.96,1085,11149,0.74,80
710,259630,18.31,12.27,1778,2652,0.0,0
711,115960,17.43,2.03,1687,14451,0.0,0
712,090740,0.0,0.54,0,4614,5.74,143
713,007530,18.91,0.6,142,4475,1.49,40
714,143540,4.47,1.35,986,3256,0.0,0
715,036180,74.0,4.83,80,1226,0.0,0
716,036560,19.04,0.45,447,19092,2.12,180
717,265560,10.11,1.99,1326,6732,0.75,100
718,036000,41.97,2.49,234,3946,0.0,0
719,053280,138.68,1.23,38,4289,2.28,120
720,122640,82.55,4.91,235,3950,0.0,0
721,045060,12.22,1.22,454,4561,1.08,60
722,080520,8.44,0.76,886,9853,1.74,130
723,039830,18.7,1.45,647,8331,0.83,100
724,046120,29.93,1.92,142,2216,0.0,0
725,014940,0.0,3.72,0,281,0.0,0
726,065500,0.0,2.03,0,594,0.0,0
727,010470,13.77,0.82,363,6089,4.4,220
728,053980,0.0,4.82,0,2647,0.0,0
729,052420,0.0,1.69,0,2045,0.0,0
730,241790,9.99,2.98,1011,3389,0.0,0
731,039200,0.0,25.75,0,1027,0.0,0
732,226400,25.64,3.68,321,2238,0.0,0
733,031510,9.42,0.78,428,5168,1.24,50
734,048260,31.8,7.27,1670,7305,0.0,0
735,138080,12.33,1.37,929,8385,1.09,125
736,080580,0.0,1.18,0,3967,0.0,0
737,067170,14.16,1.75,904,7323,0.55,70
738,049480,20.78,2.08,179,1792,0.67,25
739,057540,41.37,1.57,62,1631,0.0,0
740,057680,0.0,11.28,0,430,0.0,0
741,123010,0.0,2.49,0,2446,0.0,0
742,082210,23.24,1.61,278,4004,0.0,0
743,109080,18.34,1.56,476,5597,0.57,50
744,052770,0.0,6.55,0,394,0.0,0
745,057030,0.0,0.94,0,2897,5.49,150
746,122990,9.67,1.99,1469,7127,1.76,250
747,232140,260.95,2.8,21,1958,0.0,0
748,067900,12.69,0.9,375,5284,0.0,0
749,155650,17.34,3.38,983,5044,1.17,200
750,251370,23.83,5.44,1383,6057,0.0,0
751,066430,0.0,6.38,0,894,0.0,0
752,193250,0.0,1.5,0,1931,0.0,0
753,019210,23.72,1.92,742,9184,0.97,170
754,122870,25.71,1.96,1198,15705,0.65,200
755,079000,14.75,0.72,472,9698,2.16,150
756,114630,196.3,1.07,27,4946,2.83,150
757,032820,38.61,1.72,18,403,0.0,0
758,041190,302.5,6.2,14,683,0.35,15
759,115440,21.15,1.2,427,7522,1.33,120
760,046970,194.58,1.32,12,1764,0.0,0
761,215360,24.84,4.92,1443,7288,0.14,50
762,072470,8.13,1.04,854,6700,0.72,50
763,073560,10.86,1.23,220,1941,0.0,0
764,153490,0.0,0.58,0,1682,0.0,0
765,082850,0.0,0.5,0,2713,0.0,0
766,037400,0.0,0.55,0,3058,0.0,0
767,101170,44.89,0.62,89,6465,1.25,50
768,194610,77.06,1.03,17,1267,0.0,0
769,066590,13.95,1.65,271,2287,0.79,30
770,046940,12.59,1.42,456,4044,0.0,0
771,215380,266.43,1.94,14,1921,0.0,0
772,065680,7.99,0.73,1609,17705,2.33,300
773,018620,307.31,2.34,13,1707,0.0,0
774,032940,0.77,0.52,5945,8883,0.0,0
775,240810,60.99,6.28,546,5304,0.0,0
776,074600,8.78,2.58,1662,5662,0.0,0
777,104830,22.91,1.67,2501,34355,0.0,0
778,014190,38.89,1.19,72,2344,0.0,0
779,030530,2.41,0.96,3050,7620,0.0,0
780,012620,8.61,0.47,1184,21840,0.78,80
781,008370,9.37,0.66,442,6264,3.74,155
782,008290,0.0,6.95,0,790,0.0,0
783,101160,153.95,2.0,38,2929,0.0,0
784,095270,0.0,7.82,0,3581,0.0,0
785,065950,0.0,1.98,0,1950,0.0,0
786,114190,0.0,0.7,0,3453,0.0,0
787,076080,0.0,0.93,0,3412,0.0,0
788,196700,18.66,0.9,284,5858,0.0,0
789,069080,22.15,4.68,1431,6768,0.0,0
790,044340,0.0,3.46,0,5601,0.26,50
791,112040,0.0,2.93,0,17494,1.17,600
792,038620,26.54,1.28,52,1078,0.0,0
793,036090,25.15,2.25,66,737,0.0,0
794,136540,16.5,1.75,806,7621,2.03,270
795,097800,0.0,0.99,0,1068,0.0,0
796,192390,26.14,0.89,166,4890,0.69,30
797,215090,156.18,1.37,17,1936,0.0,0
798,036200,46.3,4.44,216,2251,0.4,40
799,018000,0.0,9.7,0,320,0.0,0
800,203450,7.26,1.54,458,2162,0.0,0
801,011320,13.44,1.39,445,4308,1.51,90
802,086390,35.38,4.47,431,3409,0.98,150
803,241690,15.38,3.92,1063,4169,0.0,0
804,142210,9.46,2.16,739,3229,2.15,150
805,048430,10.61,1.03,855,8813,1.49,135
806,206650,0.0,50.06,0,162,0.0,0
807,089850,0.0,0.94,0,10129,0.0,0
808,032620,40.48,4.38,125,1156,0.59,30
809,264450,0.0,0.0,0,0,0.0,0
810,078070,4.83,0.59,1272,10361,4.07,250
811,024800,7.06,0.55,471,6098,0.3,10
812,054930,25.62,0.5,564,28835,1.38,200
813,069330,0.0,0.85,0,3680,0.0,0
814,049520,7.44,0.82,843,7629,11.16,700
815,056090,0.0,1.68,0,7693,0.0,0
816,263770,0.0,0.0,0,0,0.0,0
817,195990,0.0,0.93,0,1490,0.0,0
818,023410,6.82,0.71,894,8555,2.46,150
819,056080,0.0,4.42,0,1000,0.0,0
820,221200,106.58,1.08,19,1873,0.0,0
821,084370,12.78,2.02,1452,9203,1.24,230
822,178780,0.0,2.5,0,2641,0.0,0
823,179900,7.03,4.91,3017,4320,0.0,0
824,191410,0.0,3.21,0,1997,0.0,0
825,044960,27.29,1.93,192,2713,0.38,20
826,039020,12.63,0.54,289,6792,0.82,30
827,060230,0.0,2.59,0,663,0.0,0
828,067920,12.39,1.26,362,3565,1.11,50
829,073490,0.0,1.42,0,11194,0.0,0
830,215790,107.89,1.05,19,1946,0.0,0
831,088390,15.99,0.86,716,13256,0.0,0
832,272290,0.0,0.0,0,0,0.0,0
833,053350,16.86,1.41,525,6263,0.0,0
834,258610,7.96,2.53,671,2111,0.0,0
835,033110,0.0,1.4,0,645,0.0,0
836,041520,26.91,0.34,236,18726,12.13,770
837,054210,5.42,0.49,718,7970,2.06,80
838,065440,0.0,1.81,0,1293,0.0,0
839,036260,0.0,1.53,0,1363,0.0,0
840,115610,38.99,0.98,104,4138,0.0,0
841,225440,119.41,1.02,17,1988,0.0,0
842,078020,16.15,1.18,675,9200,4.72,515
843,080010,17.07,1.43,656,7821,0.45,50
844,086890,0.0,5.97,0,2194,0.0,0
845,047560,0.0,2.16,0,3060,0.0,0
846,067010,11.67,0.86,408,5517,4.2,200
847,223310,0.0,2.32,0,406,0.0,0
848,052190,0.0,1.46,0,1847,0.0,0
849,226360,114.21,1.11,19,1958,0.0,0
850,102710,12.06,1.62,1530,11385,0.27,50
851,094190,0.0,2.69,0,407,0.0,0
852,063760,8.15,3.71,2943,6467,0.0,0
853,123570,23.18,1.38,211,3546,0.41,20
854,095190,0.0,2.13,0,2388,0.0,0
855,091120,20.55,1.99,837,8641,1.16,200
856,039030,47.63,2.87,1558,25861,0.13,100
857,088290,0.0,1.97,0,776,0.0,0
858,033600,0.0,3.89,0,1842,0.0,0
859,181340,7.11,1.42,827,4138,0.0,0
860,035810,16.04,1.19,437,5914,0.71,50
861,090850,0.0,4.08,0,2311,0.42,40
862,092130,17.63,4.63,817,3111,3.68,530
863,016250,10.9,1.73,13275,83417,0.52,750
864,096040,0.0,1.01,0,278,0.0,0
865,134060,128.57,1.52,42,3554,0.0,0
866,001840,99.72,3.33,71,2129,0.49,35
867,024810,0.0,1.7,0,270,0.0,0
868,041830,40.38,7.47,1248,6745,0.2,100
869,079950,10.66,2.21,377,1816,0.0,0
870,060150,531.54,1.63,13,4239,0.0,0
871,033230,70.15,2.31,67,2037,0.0,0
872,037330,10.97,0.41,154,4092,2.96,50
873,083640,0.0,4.6,0,1869,0.0,0
874,216050,32.63,5.11,996,6365,0.0,0
875,049070,8.06,0.45,1247,22153,2.29,230
876,119610,22.74,4.87,1768,8252,0.45,180
877,158310,0.0,2.79,0,3460,0.0,0
878,017250,175.0,0.76,16,3679,4.29,120
879,108790,129.72,1.85,71,4981,1.09,100
880,035080,0.0,0.55,0,6558,1.38,50
881,051370,0.0,2.19,0,9891,0.0,0
882,064290,0.0,3.06,0,1535,0.0,0
883,189300,12.55,1.46,1032,8841,0.77,100
884,150840,0.0,9.51,0,1877,0.0,0
885,048530,0.0,14.11,0,3179,0.0,0
886,175140,61.69,2.4,308,7906,0.0,0
887,115310,5.49,1.09,4605,23132,3.56,900
888,039290,41.98,1.41,192,5728,0.37,30
889,041020,0.0,1.28,0,1482,0.0,0
890,071200,29.35,2.99,291,2858,0.0,0
891,101930,0.0,0.38,0,15044,0.87,50
892,078940,0.0,1.24,0,1169,0.0,0
893,068330,38.06,3.16,62,746,0.0,0
894,058450,17.24,1.4,214,2632,0.0,0
895,019540,2.58,0.4,1411,9215,4.12,150
896,094820,13.36,1.4,453,4330,3.31,200
897,049550,0.0,1.82,0,2252,0.0,0
898,043910,0.0,3.11,0,654,0.0,0
899,234920,7.09,1.07,903,6009,4.69,300
900,174880,12.16,0.72,620,10413,2.65,200
901,049630,0.0,2.98,0,1063,0.0,0
902,065530,15.51,1.35,1309,15064,2.46,500
903,208140,0.0,2.97,0,1439,0.0,0
904,022220,29.3,2.57,93,1061,0.0,0
905,040420,15.37,1.9,488,3946,5.73,430
906,045510,35.44,2.39,79,1174,0.0,0
907,065620,0.0,23.21,0,1394,0.0,0
908,217190,0.0,1.08,0,3186,0.0,0
909,095700,0.0,12.14,0,8750,0.0,0
910,187420,160.34,4.81,87,2898,0.0,0
911,123330,90.56,1.83,180,8884,0.0,0
912,159580,0.0,1.3,0,3914,0.0,0
913,147830,18.62,3.55,870,4557,0.46,75
914,033100,0.0,4.66,0,3145,0.34,50
915,019570,45.8,1.75,15,392,0.0,0
916,079370,8.52,0.98,1878,16275,1.25,200
917,054950,27.09,2.78,1818,17717,0.65,320
918,096690,0.0,0.93,0,457,0.0,0
919,090470,17.95,3.81,819,3861,0.68,100
920,137950,5.9,1.11,659,3506,2.57,100
921,033320,34.89,2.35,231,3431,0.31,25
922,026040,42.79,1.98,222,4810,1.05,100
923,126880,0.0,1.25,0,4781,0.84,50
924,033050,0.0,0.78,0,1431,0.0,0
925,094970,82.09,1.59,43,2221,0.0,0
926,058420,0.0,2.58,0,856,0.0,0
927,036420,45.96,10.68,171,736,0.0,0
928,089790,0.0,1.39,0,1980,0.0,0
929,052670,60.07,1.79,68,2282,0.0,0
930,023440,0.0,0.6,0,2210,0.0,0
931,038010,15.35,0.54,259,7395,1.51,60
932,003380,4.19,0.91,3473,16058,0.0,0
933,080220,0.0,3.51,0,1615,0.0,0
934,082270,0.0,9.24,0,1747,0.0,0
935,041590,0.0,2.32,0,1572,0.0,0
936,044060,14.02,1.14,398,4914,1.43,80
937,034940,1056.67,3.75,6,1690,0.0,0
938,101730,0.0,2.02,0,8241,0.0,0
939,067000,0.0,4.21,0,3844,0.0,0
940,033340,0.0,1.41,0,3072,0.0,0
941,036930,15.9,3.51,676,3062,0.0,0
942,072020,20.99,2.16,848,8247,0.28,50
943,000440,26.17,0.8,1135,37029,2.69,800
944,054180,0.0,5.58,0,874,0.0,0
945,043610,23.71,2.87,197,1629,0.0,0
946,263860,13.39,2.75,1012,4933,0.0,0
947,155960,0.0,0.23,0,5076,0.0,0
948,208350,0.0,4.17,0,642,0.63,17
949,114570,19.05,2.96,685,4414,0.0,0
950,051160,0.0,4.18,0,510,0.0,0
951,053050,7.34,0.83,222,1962,3.68,60
952,119850,10.82,1.24,425,3724,2.61,120
953,065060,0.0,1.58,0,1720,0.0,0
954,204840,0.0,16.2,0,284,0.0,0
955,018290,0.0,3.44,0,1917,0.0,0
956,111820,328.13,1.27,16,4143,0.0,0
957,115450,0.0,31.63,0,1532,0.0,0
958,018120,13.31,2.86,2385,11120,3.81,1210
959,109820,0.0,6.46,0,1222,0.0,0
960,086060,19.94,1.4,318,4532,0.47,30
961,036890,20.52,2.43,524,4423,1.49,160
962,007370,0.0,1.51,0,4096,1.61,100
963,085660,57.43,3.48,343,5661,0.0,0
964,094850,25.55,2.82,499,4515,1.18,150
965,004650,80.88,1.22,204,13518,3.03,500
966,096240,0.0,1.82,0,8434,5.21,800
967,013720,66.39,0.92,36,2601,0.0,0
968,066360,4.7,1.28,720,2652,0.0,0
969,047820,15.91,1.09,99,1448,0.0,0
970,094360,16.17,1.98,494,4034,1.19,95
971,016920,0.0,1.09,0,1822,1.25,25
972,026260,0.0,6.31,0,49,0.0,0
973,042000,0.0,112.93,0,1129,0.0,0
974,071850,7.74,0.54,614,8817,2.74,130
975,180400,0.0,12.16,0,4998,0.0,0
976,050110,0.0,1.51,0,1673,0.0,0
977,078340,15.54,3.78,12014,49352,0.75,1400
978,263700,74.39,23.96,773,2400,0.0,0
979,214370,42.06,4.17,2166,21859,1.1,1000
980,221980,7.31,0.94,2037,15850,3.69,550
981,043290,7.73,1.34,1481,8537,0.0,0
982,250930,0.0,1.04,0,1948,0.0,0
983,258790,0.0,0.0,0,0,0.0,0
984,232270,117.65,1.01,17,1972,0.0,0
985,192250,23.07,2.27,83,844,1.04,20
986,115500,51.16,2.98,86,1476,1.59,70
987,089150,30.5,1.21,90,2278,2.19,60
988,025880,71.88,1.07,48,3238,1.01,35
989,093320,12.55,1.4,1215,10912,0.79,120
990,073010,0.0,3.65,0,1029,0.0,0
991,105330,0.0,0.79,0,7252,0.0,0
992,039420,61.36,3.29,70,1306,0.47,20
993,083550,21.46,1.21,396,7031,0.35,30
994,032500,74.38,7.39,281,2830,0.0,0
995,064820,7.76,0.43,378,6770,0.0,0
996,256940,11.01,6.15,1194,2137,0.0,0
997,024880,17.87,0.61,305,8877,2.75,150
998,042040,0.0,2.46,0,835,0.0,0
999,054410,7.92,1.03,731,5617,0.86,50
1000,217600,185.94,1.53,16,1943,0.0,0
1001,089010,0.0,0.91,0,7218,0.0,0
1002,220260,446.11,2.21,9,1815,0.0,0
1003,052400,0.0,1.01,0,11358,0.0,0
1004,094860,48.53,2.75,15,265,0.0,0
1005,046070,9.95,1.02,297,2902,1.69,50
1006,047770,92.44,5.34,39,675,0.0,0
1007,080530,0.0,0.73,0,2462,0.0,0
1008,224060,0.0,3.97,0,235,0.0,0
1009,078650,0.0,1.08,0,1514,0.0,0
1010,104540,79.51,1.55,123,6303,0.0,0
1011,027050,55.43,3.52,129,2034,0.7,50
1012,101670,38.87,1.31,53,1577,1.94,40
1013,123410,6.63,0.62,403,4276,4.12,110
1014,036690,10.17,1.61,634,3995,0.78,50
1015,049430,6.02,0.69,1433,12438,1.86,160
1016,183300,20.0,5.56,1515,5446,1.52,462
1017,041960,7800.0,22.89,5,1704,0.0,0
1018,009730,0.0,2.41,0,635,0.0,0
1019,241710,22.49,3.1,2708,19633,0.0,0
1020,069110,35.26,4.22,397,3314,0.0,0
1021,166480,0.0,4.65,0,4245,0.0,0
1022,045970,0.0,0.89,0,5990,0.0,0
1023,029960,18.21,2.44,296,2212,0.46,25
1024,102940,74.85,3.87,1177,22772,0.23,200
1025,033290,23.19,3.56,216,1409,0.0,0
1026,056360,11.27,0.88,708,9025,0.88,70
1027,121850,24.97,1.31,157,2999,1.4,55
1028,015710,16.3,1.32,435,5365,2.12,150
1029,052330,5.65,0.9,2497,15602,2.13,300
1030,126600,6.53,0.92,632,4506,3.63,150
1031,200130,32.11,7.51,1006,4302,0.4,130
1032,225650,12.73,1.25,607,6201,0.0,0
1033,060280,11.5,3.85,878,2621,0.0,0
1034,040350,0.0,3.58,0,710,0.0,0
1035,051780,0.0,1.03,0,888,0.0,0
1036,115180,0.0,7.82,0,3369,0.0,0
1037,182360,0.0,3.26,0,648,0.0,0
1038,066310,36.4,0.98,172,6375,0.0,0
1039,016600,29.43,1.58,35,651,0.0,0
1040,058530,577.5,0.97,2,1196,0.0,0
1041,043590,0.0,1.81,0,2597,0.0,0
1042,114120,426.0,1.06,5,2013,0.0,0
1043,083790,0.0,7.87,0,3213,0.0,0
1044,045520,30.38,4.24,576,4125,0.0,0
1045,214150,415.33,3.23,15,1927,0.0,0
1046,237880,24.5,4.26,1363,7840,1.8,600
1047,226850,118.53,1.01,17,1988,0.0,0
1048,054780,0.0,3.83,0,654,0.0,0
1049,219130,47.83,1.21,143,5648,0.0,0
1050,065130,9.0,0.62,667,9703,1.67,100
1051,023160,41.01,0.76,306,16426,0.4,50
1052,053620,6.72,0.64,1614,16926,1.75,190
1053,072520,0.0,2.89,0,627,0.0,0
1054,044490,25.39,0.61,764,31701,0.0,0
1055,191420,587.02,17.4,208,7016,0.0,0
1056,123100,10.4,1.89,1899,10467,0.76,150
1057,182690,0.0,1.44,0,1178,0.0,0
1058,066700,211.73,6.62,81,2590,0.0,0
1059,095610,17.18,3.97,1764,7634,0.73,220
1060,131970,166.82,2.15,110,8537,0.0,0
1061,089030,24.88,3.52,856,6056,1.03,220
1062,038540,16.09,5.64,1457,4157,0.0,0
1063,054450,13.89,2.16,929,5967,1.01,130
1064,091440,0.0,1.34,0,3521,0.0,0
1065,196450,0.0,1.45,0,622,0.0,0
1066,200230,0.0,13.36,0,1149,0.0,0
1067,215480,0.0,1.85,0,883,0.0,0
1068,051360,8.03,0.86,993,9276,2.01,160
1069,045340,29.83,5.2,121,694,0.0,0
1070,057880,0.0,1.93,0,1833,0.0,0
1071,108230,42.39,5.9,716,5141,0.49,150
1072,079970,0.0,2.92,0,3017,0.34,30
1073,066410,0.0,2.72,0,337,0.0,0
1074,052290,0.0,1.71,0,852,0.0,0
1075,105550,0.0,1.59,0,3167,0.0,0
1076,026150,0.0,0.88,0,6404,0.0,0
1077,033830,24.64,0.68,28,1019,1.45,10
1078,064760,41.48,8.28,1948,9763,0.62,500
1079,131290,0.0,1.41,0,10746,0.0,0
1080,246690,59.04,4.33,68,927,0.0,0
1081,062860,0.0,0.44,0,10644,2.12,100
1082,104480,22.02,0.72,89,2720,0.0,0
1083,081150,26.01,0.55,74,3524,1.04,20
1084,130740,6.25,0.58,522,5598,1.53,50
1085,084730,46.35,0.89,260,13612,0.0,0
1086,046210,0.0,13.77,0,711,0.0,0
1087,034230,32.46,1.83,647,11481,1.43,300
1088,033540,29.73,1.5,220,4364,0.76,50
1089,043200,20.98,1.25,169,2842,0.0,0
1090,214450,36.96,3.0,1472,18132,0.55,300
1091,177830,13.56,0.9,327,4929,0.0,0
1092,037070,27.89,1.19,204,4799,3.51,200
1093,150900,0.0,3.17,0,1646,0.0,0
1094,047310,23.08,1.05,208,4568,0.0,0
1095,170790,0.0,1.27,0,5348,0.0,0
1096,049120,0.0,1.02,0,2932,0.83,25
1097,038950,0.0,0.51,0,9039,1.08,50
1098,106240,69.73,0.84,37,3089,0.97,25
1099,131760,0.0,0.68,0,6061,0.0,0
1100,140860,78.27,11.08,573,4049,0.11,50
1101,091700,20.91,1.39,416,6250,2.3,200
1102,194510,0.0,2.69,0,3935,0.0,0
1103,038160,26.45,2.64,380,3803,0.0,0
1104,032800,0.0,2.3,0,490,0.0,0
1105,043090,0.0,14.79,0,409,0.0,0
1106,027710,6.78,0.82,188,1559,0.0,0
1107,225590,122.5,0.98,16,1999,0.0,0
1108,054300,0.0,1.11,0,667,0.0,0
1109,068050,74.24,1.23,66,3972,0.0,0
1110,222110,0.0,4.91,0,3902,0.0,0
1111,060900,0.0,11.24,0,153,0.0,0
1112,263750,40.66,29.63,5576,7651,0.0,0
1113,087010,0.0,9.47,0,7200,0.0,0
1114,043370,3.92,0.43,2538,23017,1.51,150
1115,119500,31.95,1.52,159,3346,0.79,40
1116,016670,24.14,0.98,58,1433,0.0,0
1117,056730,0.0,2.52,0,864,0.0,0
1118,022100,32.1,3.17,243,2461,0.64,50
1119,009520,43.4,1.76,75,1845,0.77,25
1120,003670,64.12,4.98,740,9523,0.63,300
1121,189690,26.17,1.3,300,6041,1.27,100
1122,141020,0.0,9.85,0,266,0.0,0
1123,039230,0.0,6.73,0,395,0.0,0
1124,005670,32.97,1.17,192,5427,1.18,75
1125,094940,91.38,2.19,80,3340,0.0,0
1126,007330,3.58,0.54,2153,14326,6.49,500
1127,093380,17.59,0.56,193,6099,2.06,70
1128,023900,19.21,1.62,713,8466,1.9,260
1129,195440,42.79,3.37,165,2095,0.0,0
1130,214270,0.0,5.69,0,493,0.0,0
1131,220100,0.0,3.89,0,5609,0.0,0
1132,035200,14.39,1.64,376,3292,1.39,75
1133,203690,81.22,8.02,98,993,0.0,0
1134,053610,12.51,1.48,1515,12814,0.79,150
1135,053160,27.56,1.3,332,7025,0.55,50
1136,075130,18.65,0.76,318,7836,2.53,150
1137,023770,12.16,2.38,690,3532,0.0,0
1138,032580,0.0,1.79,0,1170,0.0,0
1139,051380,25.49,1.23,173,3591,0.45,20
1140,241820,0.0,15.76,0,1012,0.0,0
1141,237750,9.57,1.17,963,7878,0.0,0
1142,131390,46.76,4.9,339,3232,0.0,0
1143,054340,0.0,1.66,0,1560,0.0,0
1144,024850,0.0,1.48,0,503,0.0,0
1145,031980,25.31,2.5,966,9783,1.02,250
1146,002230,23.86,0.82,241,6980,1.3,75
1147,137400,39.02,2.07,387,7288,0.0,0
1148,128660,20.3,1.34,99,1505,4.48,90
1149,006140,10.13,0.81,772,9704,3.09,242
1150,087600,0.0,0.72,0,12474,1.12,100
1151,064800,524.29,3.53,7,1039,0.0,0
1152,161580,9.01,4.39,3290,6750,0.0,0
1153,270520,0.0,0.0,0,0,0.0,0
1154,230240,106.84,1.08,19,1875,0.0,0
1155,261200,0.0,0.0,0,0,0.0,0
1156,067310,0.0,0.98,0,5392,0.0,0
1157,166090,34.12,7.51,1231,5592,0.0,0
1158,136480,11.17,1.02,315,3441,1.42,50
1159,024660,10.12,0.94,379,4094,1.3,50
1160,149980,134.72,2.35,53,3036,0.14,10
1161,013030,10.34,1.02,2219,22443,1.74,400
1162,126700,58.07,3.51,322,5327,0.11,20
1163,200470,0.0,1.54,0,2289,0.0,0
1164,235010,222.78,1.04,9,1927,0.0,0
1165,217500,131.84,1.32,19,1901,0.0,0
1166,221840,0.0,1.64,0,4278,0.0,0
1167,106190,17.25,0.9,745,14273,1.17,150
1168,066130,26.58,1.43,325,6053,0.58,50
1169,240540,336.67,1.07,6,1894,0.0,0
1170,004590,11.14,0.78,3829,54607,2.23,950
1171,039340,6.61,1.01,555,3619,2.18,80
1172,034950,19.36,3.03,2996,19141,3.36,1947
1173,222980,22.37,2.22,552,5553,1.05,130
1174,025550,27.36,0.87,106,3342,3.45,100
1175,017890,6.05,0.8,1462,11054,0.56,50
1176,063570,26.81,3.3,511,4156,0.58,80
1177,041460,31.23,5.56,261,1466,0.56,46
1178,101680,0.0,0.19,0,12928,0.0,0
1179,039740,0.0,0.74,0,6240,0.0,0
1180,053300,29.12,2.83,217,2234,0.79,50
1181,025770,18.24,3.47,721,3789,0.0,0
1182,271740,0.0,0.0,0,0,0.0,0
1183,281410,0.0,0.0,0,0,0.0,0
1184,023760,9.87,0.53,63,1179,3.22,20
1185,054040,7.62,0.57,451,6041,3.78,130
1186,050540,0.0,3.51,0,653,0.0,0
1187,021650,14.77,0.73,174,3543,0.97,25
1188,053590,0.0,2.5,0,647,0.0,0
1189,037230,23.82,1.84,123,1594,1.02,30
1190,030520,23.76,2.36,684,6872,1.23,200
1191,052600,14.95,0.96,206,3202,3.9,120
1192,092460,20.37,1.05,355,6873,0.83,60
1193,047080,0.0,5.58,0,819,0.0,0
1194,070300,0.0,2.81,0,2292,0.0,0
1195,099660,30.68,0.87,37,1299,0.0,0
1196,221610,5.19,0.79,1475,9745,6.53,500
1197,070590,0.0,0.97,0,1908,0.0,0
1198,042520,59.37,6.14,491,4749,0.34,100
1199,078350,0.0,0.84,0,4359,0.0,0
1200,045100,5.33,1.3,2907,11969,1.61,250
1201,046110,16.8,1.97,413,3518,0.0,0
1202,024740,10.03,0.37,177,4823,2.82,50
1203,005860,34.38,1.18,56,1637,1.3,25
1204,123840,60.77,1.62,39,1460,0.0,0
1205,007770,13.81,0.5,905,25087,1.2,150
1206,079170,17.19,0.68,392,9876,1.78,120
1207,086960,16.3,1.72,1138,10762,1.51,280
1208,054920,0.0,1.11,0,4011,0.0,0
1209,077280,0.0,0.78,0,3584,0.0,0
1210,002680,56.22,1.01,41,2277,0.0,0
1211,066110,0.0,2.01,0,1673,0.0,0
1212,265920,0.0,0.0,0,0,0.0,0
1213,264290,0.0,0.0,0,0,0.0,0
1214,279410,0.0,0.0,0,0,0.0,0
1215,102210,53.41,0.81,173,11385,1.08,100
1216,220630,20.0,4.52,107,473,1.17,25
1217,034810,22.27,0.99,642,14430,0.87,125
1218,076610,30.93,0.83,118,4389,0.0,0
1219,220180,19.29,1.07,269,4843,0.0,0
1220,008800,0.0,0.86,0,286,0.0,0
1221,170030,3.88,0.63,1010,6213,2.35,92
1222,048410,0.0,9.5,0,601,0.0,0
1223,026180,204.09,2.65,11,847,0.0,0
1224,039010,10.46,2.4,1219,5305,1.02,130
1225,204990,14.17,2.31,336,2059,0.0,0
1226,092300,17.08,0.88,257,4991,1.82,80
1227,053660,12.8,2.06,216,1344,0.0,0
1228,011080,0.0,1.01,0,1348,0.0,0
1229,060560,7.15,1.06,295,1984,2.37,50
1230,064240,32.43,3.55,387,3539,0.0,0
1231,039610,27.51,1.1,297,7404,0.61,50
1232,126640,11.88,0.57,109,2261,1.54,20
1233,086250,0.0,0.65,0,2953,0.0,0
1234,204630,0.0,2.57,0,1559,0.0,0
1235,061250,17.54,1.19,472,6929,1.81,150
1236,134780,10.27,1.21,432,3668,3.95,175
1237,097870,14.26,1.3,940,10277,2.61,350
1238,050090,0.0,2.32,0,448,0.0,0
1239,205470,100.25,1.04,20,1922,0.0,0
1240,115160,33.37,0.46,270,19670,1.66,150
1241,028080,0.0,0.31,0,15344,2.1,100
1242,200670,40.05,3.82,1116,11692,1.12,500
1243,065510,13.06,1.91,953,6502,0.8,100
1244,243070,47.43,7.75,2256,13798,0.0,0
1245,084110,1.32,2.29,53395,30768,0.57,400
1246,145020,45.0,7.7,13177,76978,0.0,0
1247,024060,18.43,0.6,150,4612,3.62,100
1248,010240,14.74,1.07,587,8070,1.73,150
1249,189980,18.93,1.19,475,7555,1.11,100
1250,037440,27.01,1.28,167,3510,2.22,100
1251,238490,10.71,3.07,1541,5381,0.0,0
