,종목코드,종목명,PER,PBR,시가총액
0,060310,3S,0.0,3.21,108282.0
1,054620,APS홀딩스,0.0,0.92,197824.0
2,265520,AP시스템,42.7,3.84,414859.0
3,211270,AP위성,307.84,2.87,236478.0
4,035760,CJ ENM,26.8,1.06,3120519.0
5,051500,CJ프레시웨이,56.34,1.44,290260.0
6,058820,CMG제약,175.4,3.38,609042.0
7,023460,CNH,6.44,0.97,101556.0
8,056000,COWON,0.0,2.33,56400.0
9,065770,CS,0.0,2.37,51608.0
10,083660,CSA 코스믹,0.0,2.28,70808.0
11,367340,DB금융스팩8호,0.0,0.0,12584.0
12,367360,DB금융스팩9호,0.0,0.0,9898.0
13,068790,DMS,11.04,1.18,208380.0
14,241520,DSC인베스트먼트,25.15,4.36,162192.0
15,245620,EDGC,0.0,8.84,212526.0
16,037370,EG,0.0,2.63,87375.0
17,079190,EMW,23.17,2.86,88360.0
18,130500,GH신소재,29.31,1.53,65780.0
19,083450,GST,10.85,2.05,203127.0
20,028150,GS홈쇼핑,8.18,0.86,985031.0
21,045890,GV,0.0,0.3,20824.0
22,078150,HB테크놀러지,77.2,1.56,250005.0
23,036640,HRS,97.67,1.31,95839.0
24,335870,IBKS제12호스팩,0.0,0.0,6786.0
25,351340,IBKS제13호스팩,0.0,0.0,10831.0
26,351320,IBKS제14호스팩,0.0,0.0,9093.0
27,373200,IBKS제15호스팩,0.0,0.0,7392.0
28,095340,ISC,69.94,1.81,352877.0
29,099520,ITX-AI,0.0,2.15,37653.0
30,067290,JW신약,170.3,3.71,246925.0
31,035900,JYP Ent.,37.59,7.95,1263711.0
32,024840,KBI메탈,11.68,0.84,75457.0
33,024120,KB오토시스,10.54,1.1,112700.0
34,021320,KCC건설,6.93,0.52,195596.0
35,036670,KCI,8.99,1.65,107516.0
36,044180,KD,0.0,0.52,18508.0
37,151860,KG ETS,2.29,0.95,229680.0
38,046440,KG모빌리언스,15.98,1.31,383985.0
39,035600,KG이니시스,10.64,2.2,548322.0
40,060720,KH바텍,0.0,2.78,526744.0
41,122450,KMH,34.28,2.37,519097.0
42,052900,KMH하이텍,41.56,1.47,93537.0
43,058400,KNN,32.79,1.35,264859.0
44,114450,KPX생명과학,104.5,2.08,125400.0
45,036030,KTH,283.75,1.98,405365.0
46,060370,KT서브마린,255.83,1.31,134466.0
47,065150,MP그룹,81.36,3.55,111370.0
48,219550,MP한강,0.0,1.86,79429.0
49,160550,NEW,0.0,3.32,368361.0
50,053290,NE능률,203.39,3.09,198316.0
51,104200,NHN벅스,19.21,1.44,97120.0
52,060250,NHN한국사이버결제,48.17,9.65,1150867.0
53,030190,NICE평가정보,37.17,6.87,1539121.0
54,078590,OQP,0.0,8.8,306239.0
55,178920,PI첨단소재,75.79,5.34,1342041.0
56,024940,PN풍년,9.12,1.37,52600.0
57,218410,RFHIC,44.52,4.57,909787.0
58,091340,S&K폴리텍,3.74,0.67,59923.0
59,019550,SBI인베스트먼트,24.65,3.0,283617.0
60,046140,SBS콘텐츠허브,273.08,0.98,152391.0
61,036120,SCI평가정보,33.12,7.66,165785.0
62,099220,SDN,32.58,1.85,145982.0
63,036540,SFA반도체,51.71,3.65,1241675.0
64,255220,SG,6.62,0.99,70553.0
65,040610,SG&G,58.78,0.41,98171.0
66,049470,SGA,0.0,1.77,49788.0
67,184230,SGA솔루션즈,0.0,2.89,55884.0
68,016250,SGC이테크건설,8.46,0.59,85711.0
69,307070,SK4호스팩,0.0,0.0,10552.0
70,337450,SK5호스팩,0.0,0.0,9029.0
71,340350,SK6호스팩,0.0,0.0,11734.0
72,036490,SK머티리얼즈,23.03,6.95,3280326.0
73,048550,SM C&C,45.5,1.47,172190.0
74,063440,SM Life Design,0.0,3.1,151408.0
75,289080,SV인베스트먼트,0.0,4.46,238754.0
76,089230,THE E&M,0.0,1.9,182959.0
77,161570,THE MIDONG,0.0,0.87,28283.0
78,032540,TJ미디어,60.94,0.69,54333.0
79,048770,TPC,0.0,2.13,60665.0
80,246690,TS인베스트먼트,24.3,3.41,118825.0
81,317240,TS트릴리온,0.0,0.0,74420.0
82,038340,UCI,0.0,0.4,16642.0
83,073570,WI,75.25,2.81,117153.0
84,052300,W홀딩컴퍼니,0.0,0.71,97322.0
85,057030,YBM넷,65.55,2.79,117615.0
86,040300,YTN,0.0,0.9,165900.0
87,051390,YW,21.61,0.75,53484.0
88,052220,iMBC,49.68,2.04,106260.0
89,079940,가비아,18.83,2.87,210480.0
90,078890,가온미디어,9.76,1.14,179972.0
91,192410,감마누,6.34,0.26,129907.0
92,217730,강스템바이오텍,0.0,2.33,174892.0
93,114190,강원,0.0,2.06,45387.0
94,094480,갤럭시아머니트리,35.71,3.55,326392.0
95,063080,게임빌,23.29,1.29,324154.0
96,044480,경남바이오파마,0.0,0.8,55754.0
97,039240,경남스틸,15.03,0.8,69875.0
98,053950,경남제약,0.0,1.96,122447.0
99,223310,경남제약헬스케어,0.0,0.69,37836.0
100,011040,경동제약,11.64,1.16,304303.0
101,024910,경창산업,0.0,1.34,102263.0
102,198440,고려시멘트,36.89,1.41,125042.0
103,049720,고려신용정보,14.22,4.29,96811.0
104,014570,고려제약,31.65,1.91,124300.0
105,348150,고바이오랩,0.0,0.0,481148.0
106,098460,고영,52.46,6.47,1579059.0
107,038530,골드퍼시픽,0.0,2.02,88283.0
108,215000,골프존,34.85,2.83,565415.0
109,121440,골프존뉴딘홀딩스,0.0,0.68,305427.0
110,014200,광림,0.0,1.15,89968.0
111,026910,광진실업,0.0,1.04,29337.0
112,090150,광진윈텍,19.24,0.99,41435.0
113,355150,교보10호스팩,0.0,0.0,11172.0
114,331520,교보9호스팩,0.0,0.0,8148.0
115,053270,구영테크,35.81,1.79,128540.0
116,066620,국보디자인,9.49,1.32,163125.0
117,043650,국순당,0.0,0.72,143402.0
118,006050,국영지앤엠,89.06,1.88,99451.0
119,060480,국일신동,0.0,1.06,50293.0
120,078130,국일제지,0.0,16.25,732821.0
121,307750,국전약품,0.0,0.0,267454.0
122,204020,그리티,35.39,0.86,63464.0
123,186230,그린플러스,36.94,3.26,119616.0
124,204620,글로벌텍스프리,19.88,1.66,157907.0
125,019660,글로본,0.0,6.53,149171.0
126,053260,금강철강,26.42,1.19,131040.0
127,036190,금화피에스시,6.46,0.75,178800.0
128,049080,기가레인,0.0,3.85,145901.0
129,035460,기산텔레콤,12.62,1.33,42493.0
130,308100,까스텔바작,12.33,1.15,88066.0
131,187790,나노,84.17,0.78,39084.0
132,286750,나노브릭,0.0,6.2,87782.0
133,151910,나노스,0.0,21.34,1065644.0
134,121600,나노신소재,52.13,3.28,305923.0
135,247660,나노씨엠에스,0.0,23.47,74077.0
136,039860,나노엔텍,32.47,4.6,190522.0
137,091970,나노캠텍,0.0,0.95,61075.0
138,051490,나라엠앤디,127.18,1.77,140864.0
139,190510,나무가,0.0,3.28,72834.0
140,242040,나무기술,21.37,4.73,90722.0
141,089600,나스미디어,19.11,2.79,360693.0
142,293580,나우IB,34.13,1.43,100962.0
143,138610,나이벡,0.0,12.99,356012.0
144,130580,나이스디앤비,14.72,2.85,155540.0
145,036800,나이스정보통신,9.65,1.35,310000.0
146,267320,나인테크,0.0,0.0,177284.0
147,111710,남화산업,64.6,1.48,199498.0
148,091590,남화토건,25.24,0.95,125618.0
149,168330,내츄럴엔도텍,0.0,2.5,52181.0
150,094860,네오리진,0.0,10.28,112407.0
151,253590,네오셈,0.0,3.53,132454.0
152,212560,네오오토,26.94,0.85,67252.0
153,095660,네오위즈,20.65,1.59,515589.0
154,042420,네오위즈홀딩스,14.35,0.99,321504.0
155,311390,네오크레마,47.8,1.51,57357.0
156,085910,네오티스,29.85,1.04,50321.0
157,092730,네오팜,13.05,2.61,275357.0
158,290660,네오펙트,0.0,3.36,57664.0
159,306620,네온테크,1030.0,2.26,153295.0
160,153460,네이블,0.0,1.69,40486.0
161,007390,네이처셀,623.13,7.45,611225.0
162,033640,네패스,27.98,4.17,870485.0
163,330860,네패스아크,57.86,11.39,476045.0
164,089140,넥스턴,32.37,2.06,206722.0
165,065170,넥스트BT,0.0,1.87,119185.0
166,137940,넥스트아이,0.0,1.3,102950.0
167,348210,넥스틴,0.0,412.78,710561.0
168,041140,넥슨지티,161.18,4.51,484615.0
169,217270,넵튠,0.0,9.1,849234.0
170,225570,넷게임즈,0.0,10.02,382275.0
171,104620,노랑풍선,0.0,2.06,115805.0
172,194700,노바렉스,21.89,3.97,364651.0
173,285490,노바텍,70.8,13.67,391172.0
174,278650,노터스,39.92,4.65,197723.0
175,144510,녹십자랩셀,0.0,24.32,1071236.0
176,031390,녹십자셀,45.18,5.97,528807.0
177,142280,녹십자엠에스,0.0,4.23,209906.0
178,234690,녹십자웰빙,31.38,2.68,222791.0
179,065560,녹원씨엔아이,0.0,1.31,99594.0
180,054050,농우바이오,28.78,0.87,201184.0
181,040160,누리텔레콤,9.36,1.26,85835.0
182,069140,누리플랜,0.0,1.71,52276.0
183,126870,뉴로스,0.0,0.81,79476.0
184,060260,뉴보텍,22.58,1.8,49816.0
185,012340,뉴인텍,0.0,4.18,112817.0
186,214870,뉴지랩,0.0,3.95,319966.0
187,270870,뉴트리,27.79,4.63,267473.0
188,144960,뉴파워프라즈마,46.59,1.92,274827.0
189,085670,뉴프렉스,0.0,0.8,40341.0
190,119860,다나와,18.33,3.98,436699.0
191,064260,다날,19.59,2.68,586067.0
192,093640,다믈멀티미디어,57.36,1.55,39948.0
193,039560,다산네트웍스,202.94,2.07,363182.0
194,032190,다우데이타,7.18,0.81,490240.0
195,068240,다원시스,117.42,2.41,492572.0
196,020400,대동금속,0.0,0.71,27896.0
197,008830,대동기어,0.0,0.64,36759.0
198,048470,대동스틸,174.38,0.91,55800.0
199,004780,대륙제관,17.45,0.88,93511.0
200,017650,대림제지,48.57,0.8,122400.0
201,007720,대명소노시즌,2.3,0.89,146665.0
202,317850,대모,21.83,0.98,42704.0
203,290670,대보마그네틱,54.13,5.89,238081.0
204,078140,대봉엘에스,19.54,1.39,111974.0
205,036480,대성미생물,25.67,2.08,73150.0
206,025440,대성엘텍,0.0,3.41,133045.0
207,027830,대성창투,0.0,3.11,155600.0
208,104040,대성파인텍,70.64,1.63,86235.0
209,332290,대신밸런스제7호스팩,0.0,0.0,10931.0
210,336570,대신밸런스제8호스팩,0.0,0.0,11725.0
211,369370,대신밸런스제9호스팩,0.0,0.0,8862.0
212,020180,대신정보통신,50.26,2.89,75321.0
213,045390,대아티아이,172.67,3.9,368565.0
214,108380,대양전기공업,12.63,0.78,161210.0
215,006580,대양제지,3.05,0.65,87531.0
216,007680,대원,11.36,0.38,116480.0
217,048910,대원미디어,246.67,3.56,279253.0
218,005710,대원산업,3.88,0.49,151685.0
219,290380,대유,26.7,2.07,136944.0
220,290120,대유에이피,9.55,1.63,76193.0
221,120240,대정화금,29.94,1.5,184074.0
222,003310,대주산업,42.06,1.46,75917.0
223,078600,대주전자재료,0.0,7.87,637818.0
224,096350,대창솔루션,0.0,1.12,75821.0
225,140520,대창스틸,0.0,0.62,58400.0
226,131220,대한과학,76.67,3.34,94299.0
227,010170,대한광통신,0.0,1.36,244822.0
228,060900,대한그린파워,0.0,13.62,392415.0
229,054670,대한뉴팜,10.41,2.66,162211.0
230,023910,대한약품,7.75,1.31,218400.0
231,021040,대호피앤씨,81.4,0.87,59514.0
232,021045,대호피앤씨우,0.0,0.0,5473.0
233,067080,대화제약,19.67,2.71,219676.0
234,298540,더네이쳐홀딩스,16.55,4.3,381070.0
235,299170,더블유에스아이,0.0,0.0,81720.0
236,035290,더블유에프엠,0.0,26.1,47272.0
237,213420,덕산네오룩스,56.7,6.79,1086453.0
238,317330,덕산테코피아,28.52,2.51,364792.0
239,077360,덕산하이메탈,21.31,1.35,272622.0
240,090410,덕신하우징,37.18,0.8,66822.0
241,263600,덕우전자,14.89,1.48,131903.0
242,194480,데브시스터즈,0.0,12.51,1290803.0
243,263800,데이타솔루션,0.0,3.55,91576.0
244,206560,덱스터,0.0,3.58,203292.0
245,261200,덴티스,0.0,0.0,155696.0
246,067990,도이치모터스,3.47,0.81,205485.0
247,006620,동구바이오제약,20.52,3.64,105644.0
248,100130,동국S&C,39.65,1.48,387430.0
249,005160,동국산업,13.69,0.51,195280.0
250,075970,동국알앤에스,40.79,1.4,105064.0
251,086450,동국제약,21.82,3.49,1244880.0
252,099410,동방선기,0.0,0.85,24374.0
253,033500,동성화인텍,21.85,3.94,380785.0
254,025950,동신건설,421.5,4.06,354060.0
255,088130,동아엘텍,8.25,0.59,97779.0
256,041930,동아화성,17.69,1.77,191180.0
257,060380,동양에스텍,24.75,0.96,49250.0
258,079960,동양이엔피,5.53,0.63,137157.0
259,228340,동양파일,0.0,1.16,142000.0
260,088910,동우팜투테이블,33.58,0.47,88474.0
261,094170,동운아나텍,21.97,7.35,178592.0
262,013120,동원개발,5.79,0.64,490364.0
263,109860,동일금속,5.08,0.69,86100.0
264,032960,동일기연,15.73,0.9,45658.0
265,023790,동일철강,8.87,0.73,39810.0
266,005290,동진쎄미켐,28.65,4.7,1676113.0
267,025900,동화기업,31.09,1.87,992888.0
268,073190,듀오백,0.0,1.77,48530.0
269,030350,드래곤플라이,0.0,2.88,38064.0
270,203650,드림시큐리티,62.32,3.38,217605.0
271,223250,드림씨아이에스,17.25,6.66,99608.0
272,060570,드림어스컴퍼니,0.0,3.13,369589.0
273,217620,디딤,54.62,2.4,78915.0
274,187870,디바이스이엔지,54.23,4.18,266336.0
275,066670,디스플레이텍,15.49,0.61,91497.0
276,110990,디아이티,12.95,1.01,174447.0
277,263690,디알젬,26.7,4.51,146667.0
278,214680,디알텍,77.0,2.02,79745.0
279,263720,디앤씨미디어,91.46,10.92,453565.0
280,109740,디에스케이,21.14,1.18,132510.0
281,033430,디에스티,0.0,5.78,24762.0
282,131030,디에이치피코리아,8.88,1.22,131524.0
283,196490,디에이테크놀로지,0.0,1.06,142840.0
284,066900,디에이피,84.07,1.03,103260.0
285,127120,디엔에이링크,0.0,5.56,74263.0
286,092070,디엔에프,100.91,2.65,238913.0
287,134580,디엠티,0.0,1.34,32850.0
288,039840,디오,25.19,4.07,579807.0
289,104460,디와이피엔에프,12.91,4.46,305874.0
290,079810,디이엔티,0.0,5.58,106772.0
291,227100,디자인,0.0,2.0,31296.0
292,113810,디젠스,0.0,1.51,29365.0
293,043360,디지아이,0.0,0.63,28710.0
294,197140,디지캡,31.68,1.49,43419.0
295,106520,디지탈옵틱,0.0,0.85,68409.0
296,068930,디지털대성,10.75,2.22,242891.0
297,033130,디지틀조선,34.73,1.54,118583.0
298,105740,디케이락,12.68,1.19,110271.0
299,263020,디케이앤디,25.07,1.38,71033.0
300,290550,디케이티,19.57,2.67,155572.0
301,187220,디티앤씨,0.0,0.92,80267.0
302,131180,딜리,24.26,0.91,52683.0
303,317120,라닉스,0.0,6.54,117545.0
304,042510,라온시큐어,59.7,5.78,149420.0
305,300120,라온피플,25.83,4.2,268210.0
306,050120,라이브플렉스,0.0,0.77,69448.0
307,171120,라이온켐텍,14.54,1.47,160406.0
308,069540,라이트론,19.64,2.05,125605.0
309,347700,라이프시맨틱스,0.0,0.0,137366.0
310,214260,라파스,1480.56,4.65,224684.0
311,171010,램테크놀러지,22.79,2.34,73008.0
312,084650,랩지노믹스,184.95,5.89,196942.0
313,217500,러셀,39.52,4.59,184828.0
314,033600,럭슬,0.0,0.18,9456.0
315,141080,레고켐바이오,87.52,11.83,1352899.0
316,060300,레드로버,0.0,5.87,48766.0
317,038390,레드캡투어,7.95,1.12,184244.0
318,294140,레몬,0.0,14.3,329670.0
319,228670,레이,27.05,5.99,344639.0
320,228850,레이언스,13.24,1.05,204899.0
321,281740,레이크머티리얼즈,360.0,1.96,236630.0
322,277810,레인보우로보틱스,0.0,36.76,363428.0
323,215100,로보로보,83.17,3.79,93264.0
324,090360,로보스타,0.0,2.4,231075.0
325,108490,로보티즈,73.98,3.0,183954.0
326,067730,로지시스,0.0,6.38,103511.0
327,071280,로체시스템즈,76.25,1.43,93309.0
328,038060,루멘스,0.0,0.62,73838.0
329,085370,루트로닉,0.0,2.31,263749.0
330,08537M,루트로닉3우C,0.0,0.0,7762.0
331,060240,룽투코리아,84.48,1.95,143930.0
332,058470,리노공업,44.91,7.95,2385431.0
333,039980,리노스,0.0,0.69,49641.0
334,019570,리더스 기술투자,0.0,3.04,87275.0
335,016100,리더스코스메틱,0.0,2.21,64496.0
336,012700,리드코프,5.73,0.64,235371.0
337,302550,리메드,28.79,5.66,145830.0
338,029480,릭스솔루션,0.0,1.73,50349.0
339,277070,린드먼아시아,18.43,1.72,77895.0
340,042500,링네트,10.91,1.63,95673.0
341,219420,링크제니시스,134.92,2.63,79600.0
342,195500,마니커에프앤지,21.51,2.05,78068.0
343,222810,마이더스AI,0.0,5.91,64588.0
344,305090,마이크로디지탈,0.0,7.56,134703.0
345,098120,마이크로컨텍솔,54.43,1.46,47965.0
346,147760,마이크로프랜드,0.0,2.26,93051.0
347,038290,마크로젠,0.0,2.99,340351.0
348,267980,매일유업,8.81,1.4,567095.0
349,005990,매일홀딩스,5.41,0.44,128266.0
350,127160,매직마이크로,0.0,0.31,22816.0
351,093520,매커스,14.62,1.65,86957.0
352,141070,맥스로텍,0.0,0.77,26670.0
353,100590,머큐리,64.56,2.12,150589.0
354,067280,멀티캠퍼스,10.25,1.75,192028.0
355,072870,메가스터디,11.37,0.54,144840.0
356,215200,메가스터디교육,14.65,2.83,700062.0
357,133750,메가엠디,215.53,1.65,95852.0
358,235980,메드팩토,0.0,22.81,1811146.0
359,041920,메디아나,18.32,2.19,124567.0
360,014100,메디앙스,1.88,0.9,73160.0
361,054180,메디콕스,0.0,2.15,64765.0
362,086900,메디톡스,43.94,4.76,1127347.0
363,078160,메디포스트,0.0,4.84,561928.0
364,065650,메디프론,0.0,5.97,149539.0
365,021880,메이슨캐피탈,0.0,2.04,63379.0
366,140410,메지온,0.0,30.77,1346356.0
367,241770,메카로,14.69,0.88,123752.0
368,059210,메타바이오메드,17.48,1.12,59656.0
369,327260,메탈라이프,57.4,3.51,93511.0
370,058110,멕아이씨에스,0.0,35.75,209459.0
371,096640,멜파스,0.0,1.56,69907.0
372,257370,명성티엔에스,116.58,1.53,59320.0
373,080420,모다이노칩,47.14,0.84,289389.0
374,080160,모두투어,218.81,3.37,417690.0
375,100030,모바일리더,0.0,2.41,75197.0
376,087260,모바일어플라이언스,0.0,4.95,151275.0
377,101330,모베이스,2.89,0.5,134405.0
378,012860,모베이스전자,0.0,0.67,184245.0
379,348030,모비릭스,24.4,6.05,189336.0
380,250060,모비스,0.0,3.54,91688.0
381,033200,모아텍,0.0,1.9,140446.0
382,118990,모트렉스,0.0,1.91,231276.0
383,006920,모헨즈,107.2,2.59,58531.0
384,001810,무림SP,61.07,0.4,82462.0
385,279600,미디어젠,0.0,2.99,54036.0
386,028040,미래SCI,0.0,0.74,12549.0
387,095500,미래나노텍,98.41,0.65,116477.0
388,218150,미래생명자원,90.0,3.29,97465.0
389,353490,미래에셋대우스팩 5호,0.0,0.0,10854.0
390,328380,미래에셋대우스팩3호,0.0,0.0,13547.0
391,333430,미래에셋대우스팩4호,0.0,0.0,14202.0
392,100790,미래에셋벤처투자,28.23,2.62,403820.0
393,049950,미래컴퍼니,20.11,2.41,272193.0
394,213090,미래테크놀로지,15.29,0.91,51843.0
395,207760,미스터블루,20.81,5.89,255045.0
396,059090,미코,55.21,4.84,447827.0
397,214610,미코바이오메드,0.0,129.75,187189.0
398,201490,미투온,19.24,3.04,214116.0
399,214180,민앤지,12.5,1.84,213253.0
400,206640,바디텍메드,33.43,5.41,398097.0
401,018700,바른손,0.0,1.99,97256.0
402,035620,바른손이앤에이,0.0,1.42,112437.0
403,064520,바른전자,0.0,1.57,74055.0
404,053030,바이넥스,93.59,5.05,811495.0
405,301300,바이브컴퍼니,0.0,8.95,152385.0
406,064550,바이오니아,0.0,11.96,407139.0
407,314930,바이오다인,0.0,37.99,308930.0
408,208710,바이오로그디바이스,11.8,1.33,75893.0
409,142760,바이오리더스,0.0,4.07,134868.0
410,086820,바이오솔루션,0.0,4.44,214827.0
411,038460,바이오스마트,4.89,1.03,108876.0
412,086040,바이오톡스텍,0.0,4.93,149176.0
413,032980,바이온,0.0,2.29,90725.0
414,043150,바텍,13.35,1.82,452312.0
415,323990,박셀바이오,0.0,160.69,1685152.0
416,267790,배럴,11.11,1.68,77357.0
417,046310,백금T&A,27.14,1.22,53032.0
418,036620,버추얼텍,0.0,3.01,59781.0
419,066410,버킷스튜디오,0.0,1.4,77064.0
420,206400,베노홀딩스,50.77,3.26,148219.0
421,019010,베뉴지,21.63,0.36,92785.0
422,177350,베셀,0.0,3.54,69057.0
423,299910,베스파,0.0,2.76,233272.0
424,225530,보광산업,38.74,3.59,246377.0
425,250000,보라티알,31.31,1.93,106324.0
426,006910,보성파워텍,140.83,1.45,116795.0
427,226340,본느,20.06,3.05,103458.0
428,014470,부방,0.0,1.48,270836.0
429,008470,부스타,15.12,0.72,52866.0
430,338220,뷰노,0.0,39.34,260522.0
431,100120,뷰웍스,14.67,2.23,360567.0
432,337930,브랜드엑스코퍼레이션,21.23,13.38,217318.0
433,064480,브리지텍,0.0,1.55,51157.0
434,288330,브릿지바이오테라퓨틱스,93.66,3.31,259997.0
435,251630,브이원텍,23.64,1.93,157279.0
436,018290,브이티지엠피,79.13,5.17,278400.0
437,263920,블러썸엠앤씨,0.0,0.69,62509.0
438,033560,블루콤,74.75,0.82,136565.0
439,126340,비나텍,42.21,10.27,212471.0
440,121800,비덴트,0.0,1.87,625731.0
441,148140,비디아이,0.0,2.77,146122.0
442,082800,비보존 헬스케어,0.0,1.69,243624.0
443,318410,비비씨,9.91,2.99,104831.0
444,200780,비씨월드제약,23.2,1.52,148947.0
445,141000,비아트론,28.28,1.02,135685.0
446,090460,비에이치,9.32,2.1,600835.0
447,083650,비에이치아이,0.0,1.55,108420.0
448,086670,비엠티,19.59,1.5,105498.0
449,335890,비올,0.0,0.0,119333.0
450,138580,비즈니스온,49.13,5.81,258245.0
451,082920,비츠로셀,15.76,2.25,317702.0
452,054220,비츠로시스,0.0,0.0,127851.0
453,042370,비츠로테크,13.4,1.44,242769.0
454,032850,비트컴퓨터,20.97,3.06,150275.0
455,238200,비피도,64.21,2.2,101637.0
456,093190,빅솔론,8.81,0.65,95810.0
457,065450,빅텍,98.83,5.01,218048.0
458,072950,빛샘전자,20.6,0.74,42744.0
459,143240,사람인에이치알,15.21,3.69,410406.0
460,100090,삼강엠앤티,0.0,4.43,760309.0
461,122350,삼기,74.91,1.08,152208.0
462,014970,삼륭물산,200.25,1.68,121151.0
463,018310,삼목에스폼,12.46,0.59,203595.0
464,053700,삼보모터스,0.0,0.58,119763.0
465,009620,삼보산업,0.0,1.87,46663.0
466,023600,삼보판지,8.52,0.69,245784.0
467,111870,삼본전자,0.0,0.67,120170.0
468,291230,삼성스팩2호,0.0,0.0,16459.0
469,009300,삼아제약,8.83,0.56,93958.0
470,225190,삼양옵틱스,7.24,2.51,98707.0
471,054540,삼영엠텍,19.85,0.91,70460.0
472,065570,삼영이엔씨,0.0,0.97,79756.0
473,032280,삼일,10.7,0.57,36967.0
474,002290,삼일기업공사,18.79,1.05,61752.0
475,037460,삼지전자,15.13,1.09,220300.0
476,032750,삼진,5.65,0.89,68400.0
477,054090,삼진엘앤디,158.33,1.03,94845.0
478,000250,삼천당제약,104.51,7.14,1161170.0
479,024950,삼천리자전거,0.0,2.2,175211.0
480,038500,삼표시멘트,33.41,0.98,620524.0
481,017480,삼현철강,12.19,0.54,81184.0
482,046390,삼화네트웍스,280.56,6.23,218023.0
483,027580,상보,0.0,2.91,85912.0
484,038540,상상인,2.9,0.7,366273.0
485,307870,상상인이안1호스팩,0.0,0.0,10070.0
486,329560,상상인이안제2호스팩,0.0,0.0,7854.0
487,101000,상상인인더스트리,0.0,2.58,65479.0
488,091580,상신이디피,34.47,2.67,174665.0
489,263810,상신전자,27.56,2.0,69087.0
490,089980,상아프론테크,62.59,5.61,828695.0
491,042940,상지카일룸,0.0,1.31,81263.0
492,042600,새로닉스,0.0,1.67,134175.0
493,263540,샘코,0.0,1.83,40129.0
494,294630,서남,0.0,9.33,68702.0
495,038070,서린바이오,11.02,1.69,97608.0
496,006730,서부T&D,7850.0,0.69,456402.0
497,079650,서산,0.0,0.76,53600.0
498,100660,서암기계공업,35.43,1.25,77238.0
499,019770,서연탑메탈,0.0,2.29,149703.0
500,043710,서울리거,0.0,0.58,36167.0
501,092190,서울바이오시스,106.8,3.56,600111.0
502,046890,서울반도체,30.78,1.63,1078650.0
503,063170,서울옥션,0.0,4.24,290981.0
504,027040,서울전자통신,14.9,0.65,61169.0
505,018680,서울제약,314.64,1.48,75101.0
506,093920,서원인텍,11.62,0.9,145266.0
507,189860,서전기전,29.71,1.05,39765.0
508,178320,서진시스템,17.34,3.2,843491.0
509,122690,서진오토모티브,0.0,0.66,56181.0
510,140070,서플러스글로벌,117.95,1.56,191968.0
511,011370,서한,16.28,0.53,160927.0
512,065710,서호전기,7.17,1.47,109953.0
513,035890,서희건설,4.92,0.89,374588.0
514,357550,석경에이티,80.88,8.94,110737.0
515,003100,선광,35.44,0.64,194370.0
516,123420,선데이토즈,69.18,1.54,210537.0
517,171090,선익시스템,18.46,1.52,137689.0
518,086710,선진뷰티사이언스,16.34,3.5,126900.0
519,014620,성광벤드,37.06,0.53,234234.0
520,037350,성도이엔지,0.0,0.65,90964.0
521,081580,성우전자,0.0,0.48,48851.0
522,045300,성우테크론,10.83,1.01,50132.0
523,015750,성우하이텍,12.42,0.45,488800.0
524,080470,성창오토텍,0.0,1.81,68693.0
525,043260,성호전자,0.0,1.61,99334.0
526,148150,세경하이테크,10.75,1.8,249139.0
527,053060,세동,0.0,1.44,31481.0
528,017510,세명전기,19.64,0.94,67082.0
529,214310,세미콘라이트,0.0,0.87,54165.0
530,011560,세보엠이씨,0.0,0.46,68340.0
531,100700,세운메디칼,22.08,2.22,211773.0
532,234100,세원,93.77,4.0,202229.0
533,024830,세원물산,3.99,0.28,52438.0
534,258830,세종메디칼,20.67,1.58,72861.0
535,036630,세종텔레콤,223.25,1.6,536091.0
536,039310,세중,20.93,0.58,46663.0
537,067770,세진티에스,0.0,1.16,43410.0
538,053450,세코닉스,0.0,0.7,92709.0
539,234340,세틀뱅크,22.14,2.72,306166.0
540,252500,세화피앤씨,129.5,3.09,80587.0
541,347000,센코,0.0,11.97,190785.0
542,051980,센트럴바이오,0.0,5.36,169473.0
543,331920,셀레믹스,0.0,24.81,160897.0
544,049180,셀루메드,0.0,30.99,260653.0
545,299660,셀리드,0.0,7.51,390372.0
546,268600,셀리버리,0.0,73.07,2087202.0
547,108860,셀바스AI,0.0,2.41,73446.0
548,208370,셀바스헬스케어,0.0,2.26,54527.0
549,068760,셀트리온제약,635.59,19.55,5371703.0
550,091990,셀트리온헬스케어,318.5,12.57,20668075.0
551,290690,소룩스,21.71,6.2,167614.0
552,053110,소리바다,0.0,0.83,27666.0
553,032680,소프트센,0.0,1.84,64218.0
554,032685,소프트센우,0.0,0.0,3593.0
555,258790,소프트캠프,127.88,8.29,83096.0
556,066910,손오공,0.0,2.95,72216.0
557,043100,솔고바이오,0.0,0.69,22642.0
558,154040,솔루에타,0.0,0.84,53803.0
559,035610,솔본,124.49,1.89,265530.0
560,357780,솔브레인,0.0,0.0,2253451.0
561,036830,솔브레인홀딩스,6.36,0.93,888876.0
562,304100,솔트룩스,126.1,3.45,159541.0
563,086980,쇼박스,93.75,2.17,305175.0
564,050960,수산아이앤티,72.56,2.77,210631.0
565,084180,수성,0.0,1.77,44233.0
566,253840,수젠텍,0.0,7.97,224071.0
567,058530,슈펙스비앤피,0.0,0.3,21187.0
568,236200,슈프리마,7.25,1.39,190262.0
569,317770,슈프리마아이디,42.57,1.31,51241.0
570,094840,슈프리마에이치큐,11.0,0.65,94561.0
571,192440,슈피겐코리아,9.06,1.28,376712.0
572,099440,스맥,0.0,0.5,53171.0
573,033790,스카이문스테크놀로지,0.0,0.71,14190.0
574,131100,스카이이앤엠,0.0,3.21,68320.0
575,159910,스킨앤스킨,0.0,0.93,68488.0
576,158310,스타모빌리티,0.0,0.21,6096.0
577,115570,스타플렉스,0.0,0.59,45144.0
578,253450,스튜디오드래곤,106.16,6.55,2997434.0
579,204630,스튜디오산타클로스,0.0,2.19,88362.0
580,013810,스페코,15.68,3.79,145236.0
581,039670,스포츠서울,0.0,0.0,67794.0
582,049830,승일,0.0,0.83,116204.0
583,020710,시공테크,7.51,1.09,118283.0
584,033170,시그네틱스,0.0,0.77,108018.0
585,048870,시너지이노베이션,53.52,2.51,212133.0
586,025320,시노펙스,41.35,3.22,269534.0
587,269620,시스웍,50.95,2.58,140162.0
588,131090,시큐브,10.75,1.9,57200.0
589,139050,시티랩스,0.0,2.39,70186.0
590,290520,신도기연,7.66,2.45,139460.0
591,001000,신라섬유,293.33,4.44,64093.0
592,025870,신라에스지,96.96,4.43,70200.0
593,215600,신라젠,0.0,14.1,866567.0
594,065350,신성델타테크,32.91,1.62,236087.0
595,002800,신신제약,55.32,2.1,118330.0
596,323280,신영스팩5호,0.0,0.0,7431.0
597,344050,신영스팩6호,0.0,0.0,8933.0
598,017000,신원종합개발,6.26,0.98,88560.0
599,012790,신일제약,20.31,1.51,148812.0
600,138070,신진에스엠,21.42,0.74,52846.0
601,226330,신테카바이오,0.0,4.56,214464.0
602,333050,신한제6호스팩,0.0,0.0,10421.0
603,366330,신한제7호스팩,0.0,0.0,9282.0
604,056700,신화인터텍,10.5,1.04,100079.0
605,187270,신화콘텍,0.0,0.71,34793.0
606,243840,신흥에스이씨,18.89,2.99,329189.0
607,108320,실리콘웍스,31.9,2.6,1229581.0
608,222800,심텍,0.0,3.28,697606.0
609,036710,심텍홀딩스,0.0,0.89,105522.0
610,160980,싸이맥스,68.43,2.2,233233.0
611,356890,싸이버원,27.72,6.03,75646.0
612,217330,싸이토젠,0.0,18.55,332398.0
613,010280,쌍용정보통신,43.59,1.27,56447.0
614,208640,썸에이지,0.0,16.2,448538.0
615,222420,쎄노텍,0.0,2.59,90356.0
616,037760,쎄니트,29.92,0.87,62760.0
617,136510,쎄미시스코,0.0,1.35,35179.0
618,099320,쎄트렉아이,62.3,7.04,449192.0
619,049960,쎌바이오텍,18.9,1.67,173430.0
620,050890,쏠리드,74.71,3.85,471754.0
621,066790,씨씨에스,0.0,1.43,47356.0
622,222080,씨아이에스,67.92,15.55,827880.0
623,264660,씨앤지하이테크,9.22,1.65,110952.0
624,352700,씨앤투스성진,0.0,13.43,246390.0
625,297090,씨에스베어링,43.27,6.79,310884.0
626,115530,씨엔플러스,0.0,3.78,57021.0
627,225330,씨엠에스에듀,20.18,3.2,124107.0
628,115480,씨유메디칼,0.0,0.67,49894.0
629,189330,씨이랩,1687.04,53.4,135791.0
630,096530,씨젠,126.8,22.37,3413046.0
631,101240,씨큐브,12.28,1.52,82018.0
632,060590,씨티씨바이오,0.0,1.68,137219.0
633,260930,씨티케이코스메틱스,23.88,1.12,101019.0
634,013990,아가방컴퍼니,0.0,0.86,116093.0
635,123860,아나패스,0.0,4.65,276986.0
636,025980,아난티,0.0,1.66,631175.0
637,050320,아래스,0.0,16.5,45205.0
638,058220,아리온,0.0,0.53,10718.0
639,125210,아모그린텍,133.49,6.28,240028.0
640,052710,아모텍,927.03,1.68,334199.0
641,074430,아미노로직스,0.0,4.2,217811.0
642,092040,아미코젠,7590.0,5.97,729191.0
643,083930,아바코,9.31,1.56,195743.0
644,149950,아바텍,34.07,1.95,265328.0
645,036010,아비코전자,0.0,0.87,89196.0
646,050860,아세아텍,58.58,0.62,61513.0
647,246720,아스타,0.0,4.18,61945.0
648,067390,아스트,0.0,0.87,164093.0
649,127710,아시아경제,15.45,0.56,57522.0
650,154030,아시아종묘,0.0,3.96,65738.0
651,227610,아우딘퓨쳐스,0.0,1.18,40400.0
652,143160,아이디스,152.97,1.99,303274.0
653,054800,아이디스홀딩스,0.0,0.65,135556.0
654,332370,아이디피,11.93,1.85,53825.0
655,339950,아이비김영,0.0,0.0,71378.0
656,099190,아이센스,14.28,1.7,337936.0
657,289010,아이스크림에듀,19.02,1.37,102012.0
658,214430,아이쓰리시스템,798.08,2.14,147465.0
659,040910,아이씨디,22.82,1.91,288727.0
660,068940,아이씨케이,0.0,8.42,138719.0
661,052860,아이앤씨,12.98,1.41,77854.0
662,069920,아이에스이커머스,0.0,2.05,103305.0
663,038880,아이에이,207.86,6.17,404138.0
664,123010,아이에이네트웍스,0.0,10.05,110578.0
665,307180,아이엘사이언스,0.0,5.23,68865.0
666,101390,아이엠,0.0,1.66,54459.0
667,090740,아이엠이연이,9.5,1.11,92475.0
668,226350,아이엠텍,0.0,0.47,9318.0
669,078860,아이오케이,0.0,0.81,96893.0
670,114810,아이원스,0.0,1.62,197905.0
671,031310,아이즈비전,0.0,0.82,72238.0
672,185490,아이진,0.0,10.47,199542.0
673,059100,아이컴포넌트,0.0,1.47,42284.0
674,262840,아이퀘스트,35.18,9.43,147407.0
675,175250,아이큐어,0.0,3.42,391130.0
676,052460,아이크래프트,0.0,3.35,107953.0
677,119830,아이텍,0.0,1.62,124609.0
678,052770,아이톡시,0.0,6.35,34543.0
679,124500,아이티센,251.43,2.81,105111.0
680,084850,아이티엠반도체,20.16,3.84,1034616.0
681,027360,아주IB투자,46.5,4.51,759137.0
682,032080,아즈텍WB,11.15,0.58,55339.0
683,013310,아진산업,8.82,0.68,144166.0
684,059120,아진엑스텍,28.34,1.71,69897.0
685,158430,아톤,0.0,2.29,104921.0
686,067160,아프리카TV,24.81,7.59,902339.0
687,001540,안국약품,59.95,1.17,172812.0
688,053800,안랩,29.72,3.19,655908.0
689,065660,안트로젠,0.0,6.45,446038.0
690,297570,알로이스,0.0,5.21,86041.0
691,260660,알리코제약,11.52,1.66,119484.0
692,131370,알서포트,48.86,6.97,431996.0
693,140670,알에스오토메이션,531.25,1.97,77377.0
694,096610,알에프세미,0.0,0.93,53930.0
695,061040,알에프텍,0.0,1.27,224841.0
696,148250,알엔투테크놀로지,125.19,3.76,123330.0
697,347860,알체라,0.0,35.31,470582.0
698,196170,알테오젠,0.0,53.37,2516228.0
699,123750,알톤스포츠,0.0,4.24,67300.0
700,085810,알티캐스트,0.0,0.67,56122.0
701,117670,알파홀딩스,0.0,1.15,94837.0
702,291650,압타머사이언스,0.0,23.7,185408.0
703,293780,압타바이오,0.0,7.96,610238.0
704,196300,애니젠,0.0,4.7,70547.0
705,310200,애니플러스,0.0,0.86,45736.0
706,205500,액션스퀘어,0.0,4.5,90932.0
707,052790,액토즈소프트,4.81,0.88,103449.0
708,131400,액트,0.0,2.1,106672.0
709,290740,액트로,6.77,1.33,101153.0
710,238090,앤디포스,0.0,1.87,225611.0
711,092600,앤씨앤,0.0,2.29,97301.0
712,129890,앱코,44.09,18.96,245609.0
713,174900,앱클론,167.88,12.86,459106.0
714,255440,야스,10.43,1.14,171060.0
715,030960,양지사,1.35,1.0,189363.0
716,102120,어보브반도체,16.07,2.53,228721.0
717,238120,얼라인드,514.38,2.82,59169.0
718,019990,에너토크,158.24,1.97,78732.0
719,041440,에버다임,95.38,0.58,111079.0
720,038680,에스넷,18.46,1.68,121046.0
721,217480,에스디생명공학,0.0,1.17,106023.0
722,121890,에스디시스템,0.0,0.72,7101.0
723,097780,에스맥,0.0,1.54,382578.0
724,042110,에스씨디,0.0,0.75,75152.0
725,298060,에스씨엠생명과학,0.0,19.48,395428.0
726,065420,에스아이리소스,0.0,3.59,42391.0
727,103230,에스앤더블류,0.0,0.46,18036.0
728,101490,에스앤에스텍,60.98,7.17,690737.0
729,095910,에스에너지,0.0,0.83,91107.0
730,275630,에스에스알,32.84,1.49,37774.0
731,031330,에스에이엠티,7.2,1.15,273487.0
732,060540,에스에이티,6.94,0.76,64419.0
733,056190,에스에프에이,10.29,1.66,1456100.0
734,080000,에스엔유,18.5,1.24,143470.0
735,041510,에스엠,0.0,1.56,694194.0
736,007820,에스엠코어,32.93,1.92,151056.0
737,109610,에스와이,0.0,1.09,178571.0
738,306040,에스제이그룹,12.58,3.26,226421.0
739,080440,에스제이케이,0.0,0.5,6636.0
740,096630,에스코넥,0.0,1.67,150437.0
741,069510,에스텍,5.31,0.77,118374.0
742,041910,에스텍파마,8.4,1.27,130286.0
743,234300,에스트래픽,0.0,4.52,185145.0
744,039440,에스티아이,13.02,1.89,315017.0
745,098660,에스티오,10.24,0.98,34565.0
746,052020,에스티큐브,0.0,9.77,307288.0
747,237690,에스티팜,0.0,5.29,1591357.0
748,050760,에스폴리텍,8.29,1.65,92618.0
749,288620,에스퓨얼셀,128.33,6.22,232008.0
750,317830,에스피시스템스,34.2,1.94,59056.0
751,058610,에스피지,24.32,1.42,191813.0
752,043340,에쎈테크,0.0,3.27,90720.0
753,054630,에이디칩스,0.0,2.12,76864.0
754,200710,에이디테크놀로지,31.63,4.6,337647.0
755,096690,에이루트,18.94,0.49,85214.0
756,298380,에이비엘바이오,0.0,7.5,1020491.0
757,195990,에이비프로바이오,0.0,1.14,209977.0
758,003800,에이스침대,10.35,1.01,474098.0
759,088800,에이스테크,0.0,8.99,837590.0
760,241840,에이스토리,0.0,11.9,462155.0
761,138360,에이씨티,0.0,2.82,155062.0
762,039230,에이아이비트,0.0,0.37,19976.0
763,312610,에이에프더블류,29.02,2.53,180489.0
764,102210,에이치디,0.0,0.73,81066.0
765,072990,에이치시티,15.16,1.86,91791.0
766,176440,에이치엔티,0.0,2.76,164620.0
767,028300,에이치엘비,0.0,20.42,2081629.0
768,067630,에이치엘비생명과학,0.0,3.34,558022.0
769,047920,에이치엘비제약,502.94,13.23,382319.0
770,043220,에이치엘비파워,69.67,2.46,95216.0
771,239610,에이치엘사이언스,11.28,2.79,215970.0
772,353070,에이치엠씨제4호스팩,0.0,0.0,9180.0
773,353060,에이치엠씨제5호스팩,0.0,0.0,10435.0
774,044780,에이치케이,41.44,0.71,34513.0
775,071670,에이테크솔루션,108.28,2.24,157000.0
776,045660,에이텍,49.3,4.26,321314.0
777,224110,에이텍티앤,78.23,4.1,200517.0
778,230980,에이트원,0.0,8.31,133797.0
779,021080,에이티넘인베스트,26.28,2.23,177840.0
780,089530,에이티세미콘,0.0,0.81,51056.0
781,200470,에이팩트,27.11,1.87,113748.0
782,073070,에이팸,0.0,0.9,58428.0
783,262260,에이프로,24.47,9.76,259744.0
784,109960,에이프로젠 H&G,0.0,0.6,126516.0
785,089970,에이피티씨,36.2,9.27,559659.0
786,230240,에치에프알,281.98,3.59,312389.0
787,064510,에코마이스터,0.0,1.67,38169.0
788,230360,에코마케팅,26.97,7.99,857324.0
789,038870,에코바이오,13.56,1.57,97648.0
790,128540,에코캡,55.2,0.92,61074.0
791,086520,에코프로,60.47,4.68,1263559.0
792,247540,에코프로비엠,93.14,9.05,3428732.0
793,038110,에코플라스틱,0.0,0.78,85736.0
794,073540,에프알텍,0.0,1.78,55518.0
795,064850,에프앤가이드,43.71,4.08,151000.0
796,064090,에프앤리퍼블릭,0.0,0.74,34617.0
797,036810,에프에스티,28.24,5.06,572617.0
798,173940,에프엔씨엔터,0.0,1.3,86333.0
799,083500,에프엔에스테크,60.4,1.97,102306.0
800,054940,엑사이엔씨,0.0,1.01,52580.0
801,205100,엑셈,32.94,2.41,159586.0
802,070300,엑스큐어,27.49,1.52,35431.0
803,092870,엑시콘,0.0,1.94,146276.0
804,317870,엔바이오니아,60.38,3.31,73661.0
805,067570,엔브이에이치코리아,14.29,1.06,169227.0
806,236810,엔비티,152.52,0.0,205827.0
807,101400,엔시트론,0.0,1.53,28743.0
808,217820,엔에스,14.86,3.13,116323.0
809,031860,엔에스엔,0.0,1.7,87454.0
810,310840,엔에이치스팩13호,0.0,0.0,7182.0
811,353190,엔에이치스팩16호,0.0,0.0,9396.0
812,359090,엔에이치스팩17호,0.0,0.0,14686.0
813,365590,엔에이치스팩18호,0.0,0.0,9614.0
814,265740,엔에프씨,17.96,6.29,158986.0
815,354200,엔젠바이오,0.0,41.46,204021.0
816,208860,엔지스테크널러지,0.0,3.95,43201.0
817,183490,엔지켐생명과학,0.0,13.45,1007728.0
818,182400,엔케이맥스,0.0,5.28,617882.0
819,069410,엔텔스,40.39,1.99,84008.0
820,227950,엔투텍,0.0,1.66,110785.0
821,198080,엔피디,3.33,1.11,83772.0
822,048830,엔피케이,0.0,0.89,35950.0
823,096870,엘디티,0.0,2.9,28617.0
824,061970,엘비세미콘,18.48,4.02,602038.0
825,138690,엘아이에스,0.0,2.11,88953.0
826,290650,엘앤씨바이오,100.91,12.68,730692.0
827,066970,엘앤에프,0.0,15.56,2201372.0
828,156100,엘앤케이바이오,0.0,15.73,493412.0
829,073110,엘엠에스,6.55,0.75,93405.0
830,083310,엘오티베큠,116.08,1.79,283180.0
831,297890,엘이티,11.5,3.9,127259.0
832,037950,엘컴텍,105.0,1.56,115271.0
833,170920,엘티씨,126.44,1.13,105455.0
834,058630,엠게임,22.76,4.51,180585.0
835,019590,엠벤처투자,8.83,1.87,75705.0
836,169330,엠브레인,17.32,3.51,79371.0
837,097520,엠씨넥스,10.77,4.41,991423.0
838,179290,엠아이텍,36.75,2.78,137518.0
839,009780,엠에스씨,7.4,0.96,86944.0
840,123040,엠에스오토텍,13.03,1.48,249689.0
841,323230,엠에프엠코리아,0.0,0.0,38081.0
842,032790,엠젠플러스,0.0,3.09,89497.0
843,033160,엠케이전자,33.48,0.8,245337.0
844,347890,엠투아이,24.79,4.0,166974.0
845,033310,엠투엔,74.0,5.82,328409.0
846,259630,엠플러스,68.18,3.31,153933.0
847,115960,연우,19.93,1.6,334746.0
848,060850,영림원소프트랩,18.42,8.33,106923.0
849,007530,영신금속,8.03,1.11,46391.0
850,143540,영우디에스피,0.0,3.77,96408.0
851,036560,영풍정밀,10.3,0.46,129623.0
852,265560,영화테크,0.0,2.5,113049.0
853,036000,예림당,0.0,0.32,68181.0
854,250930,예선테크,0.0,2.37,85306.0
855,053280,예스24,0.0,4.16,265740.0
856,122640,예스티,0.0,3.7,241921.0
857,045060,오공,10.98,1.04,82592.0
858,080520,오디텍,38.7,0.74,87277.0
859,039830,오로라,27.31,1.02,108167.0
860,322310,오로스테크놀로지,43.77,17.55,418929.0
861,046120,오르비텍,181.4,2.71,185566.0
862,014940,오리엔탈정공,49.22,5.5,172724.0
863,065500,오리엔트정공,0.0,2.74,135969.0
864,010470,오리콤,11.05,0.83,69649.0
865,053980,오상자이엘,0.0,3.07,116249.0
866,052420,오성첨단소재,18.45,1.55,295526.0
867,241790,오션브릿지,15.19,2.57,166044.0
868,039200,오스코텍,0.0,23.39,1195099.0
869,226400,오스테오닉,98.5,1.72,60005.0
870,031510,오스템,0.0,0.82,96740.0
871,048260,오스템임플란트,0.0,15.17,1214286.0
872,138080,오이솔루션,9.75,3.53,492427.0
873,080580,오킨스전자,1647.22,16.07,524191.0
874,067170,오텍,18.36,1.42,203169.0
875,173130,오파스넷,0.0,3.14,55507.0
876,049480,오픈베이스,57.25,1.42,91753.0
877,309930,오하임아이엔티,0.0,0.0,62798.0
878,244460,올리패스,0.0,11.46,157851.0
879,226950,올릭스,0.0,12.22,534130.0
880,057540,옴니시스템,4.62,0.92,99402.0
881,082210,옵트론텍,19.63,1.91,214267.0
882,109080,옵티시스,16.17,1.39,52753.0
883,153710,옵티팜,0.0,4.26,152706.0
884,321820,와이더플래닛,0.0,59.24,171557.0
885,122990,와이솔,10.55,1.07,365021.0
886,232140,와이아이케이,0.0,4.17,535901.0
887,067900,와이엔텍,17.29,2.36,318494.0
888,155650,와이엠씨,0.0,2.32,187759.0
889,251370,와이엠티,22.72,3.92,305829.0
890,066430,와이오엠,0.0,2.55,37974.0
891,193250,와이제이엠게임즈,0.0,1.66,119124.0
892,273060,와이즈버즈,0.0,0.0,82980.0
893,019210,와이지-원,195.37,0.77,244896.0
894,122870,와이지엔터테인먼트,0.0,2.4,819813.0
895,332570,와이팜,30.53,7.45,384413.0
896,079000,와토스코리아,18.12,0.76,57024.0
897,114630,우노앤컴퍼니,0.0,1.15,76557.0
898,032820,우리기술,0.0,3.92,169665.0
899,041190,우리기술투자,68.93,10.73,810600.0
900,115440,우리넷,30.42,1.09,78669.0
901,046970,우리로,0.0,1.73,53792.0
902,082850,우리바이오,39.53,2.04,190003.0
903,215360,우리산업,31.67,2.04,231957.0
904,072470,우리산업홀딩스,532.0,0.78,100481.0
905,073560,우리손에프앤지,39.1,0.9,165132.0
906,153490,우리이앤엘,13.43,1.09,66367.0
907,037400,우리조명,52.92,1.0,69910.0
908,101170,우림기계,0.0,0.71,61223.0
909,066590,우수AMS,568.18,2.56,222613.0
910,103840,우양,19.91,2.77,83448.0
911,046940,우원개발,8.75,1.53,129412.0
912,215380,우정바이오,221.79,2.43,75097.0
913,065680,우주일렉트로,19.79,1.46,276668.0
914,018620,우진비앤지,0.0,2.61,79157.0
915,307280,원바이오젠,0.0,0.0,90144.0
916,053080,원방테크,12.69,1.78,194525.0
917,032940,원익,2.1,0.86,98243.0
918,240810,원익IPS,57.51,4.48,2537638.0
919,074600,원익QnC,241.92,2.96,629598.0
920,104830,원익머트리얼즈,17.0,1.55,477843.0
921,014190,원익큐브,42.92,2.04,164079.0
922,030530,원익홀딩스,14.89,0.66,510543.0
923,012620,원일특강,4.71,0.4,46860.0
924,008370,원풍,35.32,1.0,73320.0
925,008290,원풍물산,0.0,1.79,81387.0
926,101160,월덱스,21.06,4.57,410298.0
927,095270,웨이브일렉트로,0.0,3.31,60301.0
928,065950,웰크론,0.0,2.28,140592.0
929,076080,웰크론한텍,0.0,1.04,67932.0
930,196700,웹스,0.0,0.73,28561.0
931,069080,웹젠,30.28,4.12,1463636.0
932,053580,웹케시,50.85,8.92,483601.0
933,071460,위니아딤채,30.38,1.66,143150.0
934,044340,위닉스,9.22,2.68,408408.0
935,330350,위더스제약,17.13,2.03,156065.0
936,348350,위드텍,15.48,3.61,233968.0
937,112040,위메이드,0.0,4.25,1008000.0
938,065370,위세아이텍,24.81,5.97,86802.0
939,038620,위즈코프,752.5,1.53,61085.0
940,299900,위지윅스튜디오,62.99,6.5,402147.0
941,036090,위지트,62.9,2.12,175951.0
942,136540,윈스,12.55,1.79,202488.0
943,320000,윈텍,0.0,0.0,51150.0
944,097800,윈팩,11.38,2.29,111311.0
945,192390,윈하이텍,0.0,0.73,37939.0
946,313760,윌링스,20.5,1.97,71471.0
947,036200,유니셈,17.22,3.07,395568.0
948,018000,유니슨,0.0,5.86,521161.0
949,203450,유니온커뮤니티,16.05,2.03,70459.0
950,011320,유니크,36.82,1.56,156498.0
951,086390,유니테스트,17.55,2.93,467064.0
952,241690,유니테크노,27.57,2.37,155561.0
953,142210,유니트론텍,24.25,1.81,88167.0
954,048430,유라테크,55.69,1.2,129600.0
955,206650,유바이오로직스,0.0,16.75,715331.0
956,089850,유비벨록스,14.16,1.16,85744.0
957,032620,유비케어,58.65,3.97,407138.0
958,264450,유비쿼스,20.11,2.54,224381.0
959,078070,유비쿼스홀딩스,51.3,2.03,406652.0
960,024800,유성티엔에스,3.88,0.5,97425.0
961,054930,유신,0.0,0.71,57900.0
962,069330,유아이디,0.0,0.82,12542.0
963,049520,유아이엘,10.76,0.55,92586.0
964,313750,유안타제4호스팩,0.0,0.0,9858.0
965,336060,유안타제5호스팩,0.0,0.0,12364.0
966,340360,유안타제6호스팩,0.0,0.0,24266.0
967,367460,유안타제7호스팩,0.0,0.0,11578.0
968,056090,유앤아이,0.0,0.94,40980.0
969,263770,유에스티,57.22,3.16,146467.0
970,340930,유일에너테크,18.77,15.58,210742.0
971,023410,유진기업,21.03,0.58,442218.0
972,056080,유진로봇,0.0,2.94,152674.0
973,321260,유진스팩4호,0.0,0.0,7434.0
974,331380,유진스팩5호,0.0,0.0,8461.0
975,084370,유진테크,173.35,4.3,1020910.0
976,178780,유테크,0.0,1.92,60240.0
977,179900,유티아이,64.67,5.26,332241.0
978,263050,유틸렉스,0.0,9.2,599463.0
979,191410,육일씨엔에쓰,0.0,1.01,29774.0
980,072770,율호,0.0,3.9,90959.0
981,039020,이건홀딩스,19.19,0.54,80627.0
982,060230,이그잭스,0.0,2.11,126035.0
983,067920,이글루시큐리티,30.14,1.45,69935.0
984,044960,이글벳,80.1,2.85,101261.0
985,302430,이노메트리,39.06,3.45,183273.0
986,073490,이노와이어리스,23.01,3.74,339572.0
987,086250,이노와이즈,0.0,0.0,43288.0
988,215790,이노인스트루먼트,0.0,1.52,90436.0
989,246960,이노테라피,0.0,5.6,84490.0
990,088390,이녹스,0.0,0.96,115015.0
991,272290,이녹스첨단소재,15.29,3.02,531189.0
992,053350,이니텍,0.0,0.87,100340.0
993,258610,이더블유케이,0.0,2.21,109572.0
994,215090,이디티,0.0,0.94,44171.0
995,041520,이라이콤,0.0,0.71,145655.0
996,264850,이랜시스,50.21,2.69,69292.0
997,054210,이랜텍,13.73,1.05,198283.0
998,164060,이루다,21.49,4.42,84571.0
999,065440,이루온,81.75,1.29,44595.0
1000,115610,이미지스,0.0,1.47,17256.0
1001,349720,이베스트스팩5호,0.0,0.0,7475.0
1002,323210,이베스트이안스팩1호,0.0,0.0,6640.0
1003,078020,이베스트투자증권,6.44,0.79,404458.0
1004,080010,이상네트웍스,7.18,0.72,68694.0
1005,086890,이수앱지스,0.0,6.97,460539.0
1006,047560,이스트소프트,0.0,2.73,103449.0
1007,067010,이씨에스,23.21,1.96,87902.0
1008,052190,이에스에이,0.0,0.39,13511.0
1009,226360,이엑스티,0.0,1.61,120351.0
1010,101360,이엔드디,28.94,19.27,312708.0
1011,102710,이엔에프테크놀로지,12.07,2.12,566513.0
1012,066980,이엔코퍼레이션,232.0,1.87,208334.0
1013,063760,이엘피,15.3,0.92,34030.0
1014,087730,이엠네트웍스,0.0,9.54,26571.0
1015,123570,이엠넷,15.68,1.93,112494.0
1016,083470,이엠앤아이,1.64,7.24,35543.0
1017,095190,이엠코리아,0.0,2.58,214553.0
1018,091120,이엠텍,722.92,1.55,278657.0
1019,039030,이오테크닉스,120.53,3.75,1461099.0
1020,294090,이오플로우,0.0,177.47,736208.0
1021,088290,이원컴포텍,47.85,6.75,176563.0
1022,181340,이즈미디어,0.0,4.17,150628.0
1023,353810,이지바이오,0.0,0.0,241735.0
1024,090850,이지웰,37.7,5.55,217517.0
1025,099750,이지케어텍,0.0,2.78,115267.0
1026,035810,이지홀딩스,118.33,0.65,256781.0
1027,160600,이큐셀,0.0,0.55,18642.0
1028,092130,이크레더블,19.44,4.94,265561.0
1029,096040,이트론,0.0,3.7,363022.0
1030,134060,이퓨쳐,25.14,2.48,45689.0
1031,001840,이화공영,528.57,3.43,146563.0
1032,024810,이화전기,0.0,0.8,168085.0
1033,041830,인바디,13.25,1.99,277781.0
1034,352940,인바이오,24.06,3.22,109920.0
1035,079950,인베니아,47.64,1.3,58580.0
1036,277410,인산가,16.65,1.75,55579.0
1037,060150,인선이엔티,30.39,2.5,623952.0
1038,033230,인성정보,0.0,1.39,79591.0
1039,037330,인지디스플레,30.27,0.89,148771.0
1040,083640,인콘,0.0,1.29,97126.0
1041,216050,인크로스,48.63,7.39,485824.0
1042,049070,인탑스,14.83,1.21,528900.0
1043,119610,인터로조,15.03,2.05,262147.0
1044,017250,인터엠,0.0,0.52,33568.0
1045,035080,인터파크,0.0,0.97,394985.0
1046,051370,인터플렉스,0.0,1.29,279930.0
1047,064290,인텍플러스,52.9,13.68,298915.0
1048,189300,인텔리안테크,59.7,5.93,505097.0
1049,150840,인트로메딕,0.0,3.71,69640.0
1050,048530,인트론바이오,0.0,12.7,863618.0
1051,175140,인포마크,0.0,1.99,30472.0
1052,115310,인포바인,5.09,0.79,67210.0
1053,039290,인포뱅크,117.68,1.93,101285.0
1054,041020,인프라웨어,0.0,3.38,94407.0
1055,071200,인피니트헬스케어,24.44,2.09,177118.0
1056,101930,인화정공,0.0,0.65,86132.0
1057,068330,일신바이오,45.64,5.48,219975.0
1058,058450,일야,0.0,1.13,21742.0
1059,019540,일지테크,0.0,0.43,50608.0
1060,094820,일진파워,7.26,0.91,87607.0
1061,049550,잉크테크,0.0,3.65,131203.0
1062,254120,자비스,0.0,2.63,43108.0
1063,221610,자안,59.67,1.72,100698.0
1064,043910,자연과환경,0.0,1.81,82258.0
1065,234920,자이글,0.0,1.03,53041.0
1066,289220,자이언트스텝,0.0,33.09,297924.0
1067,174880,장원테크,0.0,0.47,70633.0
1068,049630,재영솔루텍,11.73,1.29,70738.0
1069,110020,전진바이오팜,0.0,21.54,72504.0
1070,065530,전파기지국,103.44,3.52,246063.0
1071,208140,정다운,99.86,1.75,120198.0
1072,022220,정산애강,9.62,1.33,110581.0
1073,040420,정상제이엘에스,12.63,1.59,101747.0
1074,045510,정원엔시스,76.8,1.6,61842.0
1075,065620,제낙스,0.0,48.33,78983.0
1076,217190,제너셈,14.27,2.2,46038.0
1077,095700,제넥신,0.0,7.64,2365684.0
1078,072520,제넨바이오,0.0,7.91,290916.0
1079,122310,제노레이,9.93,2.41,143938.0
1080,361390,제노코,35.15,61.39,135539.0
1081,187420,제노포커스,0.0,3.24,170906.0
1082,225220,제놀루션,0.0,42.87,139442.0
1083,123330,제닉,0.0,1.4,37870.0
1084,159580,제로투세븐,22.2,2.89,210343.0
1085,147830,제룡산업,27.14,1.22,69200.0
1086,033100,제룡전기,18.25,1.82,101996.0
1087,079370,제우스,19.46,1.23,274657.0
1088,054950,제이브이엠,36.63,1.86,120604.0
1089,090470,제이스텍,66.57,0.81,104958.0
1090,287410,제이시스메디칼,0.0,0.0,282891.0
1091,137950,제이씨케미칼,11.28,1.46,137615.0
1092,033320,제이씨현시스템,218.11,1.81,154253.0
1093,204270,제이앤티씨,5.9,1.77,576749.0
1094,026040,제이에스티나,0.0,0.79,35731.0
1095,126880,제이엔케이히터,21.15,1.88,175197.0
1096,322510,제이엘케이,0.0,3.76,138288.0
1097,033050,제이엠아이,0.0,1.17,41539.0
1098,094970,제이엠티,62.02,1.07,59205.0
1099,058420,제이웨이,0.0,0.53,6689.0
1100,089790,제이티,20.39,2.99,79945.0
1101,052670,제일바이오,46.71,3.37,106500.0
1102,199820,제일전기공업,14.61,3.25,238865.0
1103,023440,제일제강,0.0,1.85,123961.0
1104,038010,제일테크노스,17.72,1.03,78480.0
1105,080220,제주반도체,0.0,2.46,204193.0
1106,216080,제테마,0.0,9.68,343422.0
1107,229000,젠큐릭스,0.0,672.41,126107.0
1108,082270,젬백스,0.0,9.81,962670.0
1109,064800,젬백스링크,28.33,0.83,120205.0
1110,041590,젬백스지오,0.0,0.74,66944.0
1111,044060,조광ILI,25.82,1.62,121885.0
1112,034940,조아제약,0.0,2.25,130890.0
1113,101730,조이맥스,0.0,7.78,98091.0
1114,067000,조이시티,0.0,12.52,424834.0
1115,033340,좋은사람들,0.0,0.49,52653.0
1116,036930,주성엔지니어링,20.97,2.23,540391.0
1117,239340,줌인터넷,0.0,5.57,146775.0
1118,072020,중앙백신,95.43,2.05,176790.0
1119,000440,중앙에너비스,75.53,1.38,62084.0
1120,228760,지노믹트리,0.0,2.28,248828.0
1121,314130,지놈앤컴퍼니,0.0,0.0,678550.0
1122,043610,지니뮤직,53.41,2.56,391117.0
1123,263860,지니언스,21.37,2.04,69229.0
1124,303030,지니틱스,246.67,4.38,131685.0
1125,036180,지더블유바이텍,0.0,0.9,33647.0
1126,208350,지란지교시큐리티,19.62,1.21,51833.0
1127,114570,지스마트글로벌,0.0,0.15,7030.0
1128,051160,지어소프트,0.0,37.5,312624.0
1129,053050,지에스이,11.13,0.75,51729.0
1130,119850,지엔씨에너지,13.65,1.17,93864.0
1131,270520,지엔원에너지,270.71,2.03,118282.0
1132,065060,지엔코,0.0,1.05,96342.0
1133,204840,지엘팜텍,0.0,20.4,59721.0
1134,111820,지와이커머스,0.0,137.22,68476.0
1135,115450,지트리비앤티,0.0,4.6,318284.0
1136,219750,지티지웰니스,0.0,5.15,97899.0
1137,018120,진로발효,16.01,2.65,207903.0
1138,109820,진매트릭스,0.0,11.82,199042.0
1139,086060,진바이오텍,64.49,1.16,54419.0
1140,036890,진성티이씨,13.88,2.46,343979.0
1141,007370,진양제약,41.09,1.66,72480.0
1142,085660,차바이오텍,21.27,2.62,987922.0
1143,094850,참좋은여행,6.24,1.55,149800.0
1144,004650,창해에탄올,4.8,0.97,120401.0
1145,311690,천랩,0.0,4.07,129025.0
1146,278280,천보,69.29,7.74,1627000.0
1147,096240,청담러닝,21.98,3.02,193198.0
1148,013720,청보산업,361.84,5.12,112458.0
1149,066360,체리부로,0.0,0.68,60762.0
1150,047820,초록뱀,22.63,2.56,290343.0
1151,094360,칩스앤미디어,33.9,4.77,153281.0
1152,016920,카스,17.29,1.28,57946.0
1153,284620,카이노스메드,0.0,0.0,409265.0
1154,293490,카카오게임즈,265.99,7.04,3904929.0
1155,042000,카페24,91.57,5.26,614012.0
1156,317530,캐리소프트,0.0,2.98,52940.0
1157,071850,캐스텍코리아,0.0,0.46,56170.0
1158,180400,캔서롭,0.0,7.26,178624.0
1159,050110,캠시스,85.81,1.7,184991.0
1160,078340,컴투스,18.45,2.36,2174425.0
1161,307930,컴퍼니케이,18.79,3.46,177174.0
1162,263700,케어랩스,219.15,2.1,177531.0
1163,214370,케어젠,23.21,3.23,701518.0
1164,221980,케이디켐,8.01,0.8,61934.0
1165,043290,케이맥,0.0,2.97,141308.0
1166,317030,케이비17호스팩,0.0,0.0,11441.0
1167,323940,케이비제18호스팩,0.0,0.0,16152.0
1168,330990,케이비제19호스팩,0.0,0.0,8989.0
1169,342550,케이비제20호스팩,0.0,0.0,13392.0
1170,192250,케이사인,37.68,2.51,149116.0
1171,115500,케이씨에스,36.95,5.06,104640.0
1172,089150,케이씨티,182.2,4.24,156237.0
1173,025880,케이씨피드,0.0,1.46,76475.0
1174,093320,케이아이엔엑스,22.73,4.47,365024.0
1175,073010,케이에스피,40.43,2.96,67318.0
1176,105330,케이엔더블유,0.0,1.51,74908.0
1177,272110,케이엔제이,14.25,2.88,78049.0
1178,039420,케이엘넷,21.54,2.38,86353.0
1179,083550,케이엠,16.44,1.4,112588.0
1180,032500,케이엠더블유,24.38,11.88,2576411.0
1181,225430,케이엠제약,0.0,2.41,72367.0
1182,064820,케이프,20.0,0.9,160689.0
1183,347140,케이프이에스제4호,0.0,0.0,6183.0
1184,256940,케이피에스,0.0,6.28,227026.0
1185,024880,케이피에프,9.17,0.47,77960.0
1186,042040,케이피엠테크,0.0,2.57,407312.0
1187,054410,케이피티유,0.0,1.44,47463.0
1188,274090,켄코아에어로스페이스,0.0,3.85,164886.0
1189,217600,켐온,100.16,5.52,204676.0
1190,089010,켐트로닉스,21.66,4.04,397456.0
1191,220260,켐트로스,562.73,3.66,162940.0
1192,052400,코나아이,0.0,7.59,656595.0
1193,033110,코너스톤네트웍스,0.0,0.71,26474.0
1194,046070,코다코,0.0,1.64,48049.0
1195,047770,코데즈컴바인,13.81,2.27,94607.0
1196,078940,코드네이처,0.0,3.26,72502.0
1197,080530,코디,0.0,1.08,49379.0
1198,224060,코디엠,8.17,0.75,88183.0
1199,078650,코렌,0.0,1.12,79322.0
1200,104540,코렌텍,73.78,6.8,211008.0
1201,027050,코리아나,251.32,2.44,191000.0
1202,290510,코리아센터,85.45,3.41,657611.0
1203,190650,코리아에셋투자증권,7.94,0.88,61197.0
1204,101670,코리아에스이,0.0,0.79,23814.0
1205,123410,코리아에프티,16.02,0.77,91876.0
1206,036690,코맥스,23.02,1.29,88002.0
1207,049430,코메론,6.02,0.64,90480.0
1208,183300,코미코,25.53,4.87,643313.0
1209,041960,코미팜,0.0,8.94,657905.0
1210,089890,코세스,21.38,5.09,135831.0
1211,009730,코센,0.0,3.93,26399.0
1212,082660,코스나인,0.0,2.4,52710.0
1213,222040,코스맥스엔비티,0.0,2.46,173069.0
1214,241710,코스메카코리아,36.18,1.38,176220.0
1215,069110,코스온,0.0,0.55,62964.0
1216,166480,코아스템,0.0,4.47,257766.0
1217,045970,코아시아,36.8,2.43,293411.0
1218,196450,코아시아옵틱스,8.93,0.74,84733.0
1219,029960,코엔텍,18.45,2.93,447500.0
1220,102940,코오롱생명과학,0.0,2.23,225394.0
1221,033290,코웰패션,10.63,2.3,549586.0
1222,056360,코위버,4.19,0.76,90620.0
1223,282880,코윈테크,11.05,2.14,216485.0
1224,121850,코이즈,0.0,5.61,107572.0
1225,015710,코콤,14.99,1.1,130076.0
1226,052330,코텍,5.07,0.51,163533.0
1227,322780,코퍼스코리아,0.0,0.0,85421.0
1228,126600,코프라,13.73,1.13,122893.0
1229,200130,콜마비앤에이치,29.83,6.44,1624896.0
1230,317690,퀀타매트릭스,0.0,7.0,245559.0
1231,060280,큐렉소,0.0,6.55,288565.0
1232,040350,큐로컴,0.0,3.1,159488.0
1233,051780,큐로홀딩스,0.0,1.94,64642.0
1234,115180,큐리언트,0.0,17.64,278573.0
1235,043090,큐브앤컴퍼니,0.0,2.88,68603.0
1236,182360,큐브엔터,105.54,5.89,134796.0
1237,066310,큐에스아이,121.17,2.52,137419.0
1238,016600,큐캐피탈,17.35,0.8,107793.0
1239,043590,크로바하이텍,0.0,2.17,46188.0
1240,114120,크루셜텍,0.0,0.35,26202.0
1241,110790,크리스에프앤씨,14.07,1.63,352636.0
1242,083790,크리스탈지노믹스,0.0,4.01,655577.0
1243,045520,크린앤사이언스,20.59,4.16,175825.0
1244,036170,클라우드에어,0.0,0.62,65576.0
1245,214150,클래시스,27.06,10.58,935159.0
1246,352770,클리노믹스,0.0,29.54,177757.0
1247,237880,클리오,111.02,2.29,338193.0
1248,139670,키네마스터,10400.0,56.09,704408.0
1249,311270,키움제5호스팩,0.0,0.0,7758.0
1250,054780,키이스트,0.0,7.01,315625.0
1251,219130,타이거일렉,43.92,1.62,70720.0
1252,065130,탑엔지니어링,3.73,0.69,147301.0
1253,023160,태광,21.05,0.54,233200.0
1254,053620,태양,12.38,0.62,98470.0
1255,044490,태웅,0.0,0.44,250092.0
1256,124560,태웅로직스,10.14,2.88,131483.0
1257,191420,테고사이언스,249.06,4.46,214073.0
1258,073640,테라사이언스,0.0,4.18,137783.0
1259,182690,테라셈,0.0,2.63,30475.0
1260,066700,테라젠이텍스,6.2,2.03,288107.0
1261,095610,테스,67.32,3.15,676073.0
1262,131970,테스나,34.67,4.61,697390.0
1263,089030,테크윙,35.7,2.3,404247.0
1264,054450,텔레칩스,24.06,2.09,215419.0
1265,091440,텔레필드,7.12,1.37,37392.0
1266,200230,텔콘RF제약,0.0,3.75,439295.0
1267,215480,토박스코리아,341.25,2.46,62895.0
1268,051360,토비스,5.87,0.72,139420.0
1269,045340,토탈소프트,62.62,14.36,161319.0
1270,108230,톱텍,117.62,1.36,469587.0
1271,079970,투비소프트,0.0,1.34,88701.0
1272,105550,트루윈,0.0,2.55,84524.0
1273,026150,특수건설,177.88,1.63,144538.0
1274,322180,티라유텍,26.08,3.22,91559.0
1275,117730,티로보틱스,0.0,3.71,134418.0
1276,033830,티비씨,24.49,1.31,144500.0
1277,057680,티사이언티픽,65.83,3.99,166929.0
1278,064760,티씨케이,46.75,9.93,2189063.0
1279,246710,티앤알바이오팹,0.0,12.69,317951.0
1280,340570,티앤엘,20.73,4.55,191821.0
1281,277880,티에스아이,0.0,6.23,180894.0
1282,131290,티에스이,34.43,3.67,602848.0
1283,356860,티엘비,18.49,6.29,206485.0
1284,062860,티엘아이,62.78,1.57,111562.0
1285,321550,티움바이오,0.0,4.27,400759.0
1286,104480,티케이케미칼,34.68,1.28,346766.0
1287,081150,티플랙스,40.66,0.92,89793.0
1288,130740,티피씨글로벌,0.0,0.89,56834.0
1289,084730,팅크웨어,36.98,1.12,165768.0
1290,046210,파나진,43.21,7.49,151364.0
1291,034230,파라다이스,94.07,1.2,1514195.0
1292,033540,파라텍,0.0,2.91,155401.0
1293,043200,파루,102.31,1.05,51585.0
1294,214450,파마리서치프로덕트,37.54,3.15,649015.0
1295,208340,파멥신,0.0,4.0,279163.0
1296,177830,파버나인,0.0,1.4,79304.0
1297,037070,파세코,38.43,4.39,332500.0
1298,150900,파수,0.0,4.44,85879.0
1299,037030,파워넷,13.7,1.4,101974.0
1300,047310,파워로직스,5.57,1.28,308756.0
1301,170790,파이오링크,14.57,2.24,86733.0
1302,049120,파인디앤씨,0.0,1.04,47184.0
1303,038950,파인디지털,0.0,0.74,63919.0
1304,106240,파인테크닉스,800.0,4.82,285709.0
1305,131760,파인텍,455.0,0.94,58593.0
1306,065690,파커스,0.0,0.52,42589.0
1307,140860,파크시스템스,104.93,20.13,894484.0
1308,091700,파트론,9.02,1.64,579474.0
1309,038160,팍스넷,0.0,0.76,10551.0
1310,032800,판타지오,0.0,1.9,48807.0
1311,318010,팜스빌,9.24,1.45,80086.0
1312,027710,팜스토리,0.0,1.42,229518.0
1313,225590,패션플랫폼,9.76,1.09,42619.0
1314,054300,팬스타엔터프라이즈,58.44,1.14,49294.0
1315,068050,팬엔터테인먼트,203.17,4.74,226976.0
1316,222110,팬젠,0.0,4.96,91350.0
1317,263750,펄어비스,23.7,6.81,4077888.0
1318,251970,펌텍코리아,10.94,1.61,232500.0
1319,087010,펩트론,0.0,10.18,366127.0
1320,043370,평화정공,6.91,0.38,218400.0
1321,119500,포메탈,23.92,1.18,52720.0
1322,016670,포비스티앤씨,0.0,0.86,84222.0
1323,056730,포스링크,0.0,8.03,109591.0
1324,022100,포스코 ICT,28.49,3.06,1117455.0
1325,009520,포스코엠텍,33.15,3.9,350632.0
1326,189690,포시에스,11.13,1.08,61707.0
1327,318020,포인트모바일,29.71,7.15,327317.0
1328,256630,포인트엔지니어링,143.91,2.71,188359.0
1329,141020,포티스,0.0,0.29,18840.0
1330,290720,푸드나무,39.48,3.47,176276.0
1331,005670,푸드웰,2.43,1.0,76500.0
1332,094940,푸른기술,128.13,2.99,85704.0
1333,007330,푸른저축은행,11.58,1.32,350675.0
1334,093380,풍강,35.57,0.66,40061.0
1335,023900,풍국주정,32.28,1.88,251370.0
1336,195440,퓨전,0.0,0.26,8582.0
1337,214270,퓨쳐스트림네트웍스,36.11,2.21,141906.0
1338,220100,퓨쳐켐,0.0,12.32,238804.0
1339,035200,프럼파스트,38.79,1.33,46804.0
1340,334970,프레스티지바이오로직스,0.0,17.01,620119.0
1341,203690,프로스테믹스,0.0,5.26,149396.0
1342,053610,프로텍,7.49,1.48,306350.0
1343,335810,프리시젼바이오,0.0,12.76,169782.0
1344,053160,프리엠스,173.04,2.33,105900.0
1345,075130,플랜티넷,21.39,0.87,58061.0
1346,237820,플레이디,14.79,2.41,138533.0
1347,023770,플레이위드,8.34,4.51,83380.0
1348,300080,플리토,0.0,2.9,70072.0
1349,032580,피델릭스,0.0,1.1,49646.0
1350,051380,피씨디렉트,21.26,2.23,80520.0
1351,241820,피씨엘,0.0,79.05,486811.0
1352,237750,피앤씨테크,17.01,0.79,47295.0
1353,131390,피앤이솔루션,19.02,3.79,308974.0
1354,024850,피에스엠씨,807.5,3.17,64627.0
1355,319660,피에스케이,35.54,2.96,555165.0
1356,031980,피에스케이홀딩스,8.6,0.51,176165.0
1357,002230,피에스텍,41.37,0.74,106607.0
1358,239890,피엔에이치테크,0.0,0.0,67740.0
1359,347740,피엔케이피부임상연구센타,22.51,5.81,164308.0
1360,137400,피엔티,0.0,5.47,529870.0
1361,128660,피제이메탈,30.65,1.59,64613.0
1362,006140,피제이전자,25.34,1.16,123900.0
1363,304840,피플바이오,0.0,76.94,235499.0
1364,062970,피피아이,16.52,2.32,52126.0
1365,087600,픽셀플러스,0.0,0.78,60678.0
1366,057880,필로시스헬스케어,0.0,3.92,167229.0
1367,161580,필옵틱스,0.0,3.92,254500.0
1368,347770,핌스,15.2,6.11,116788.0
1369,163730,핑거,34.41,11.12,187552.0
1370,332710,하나금융14호스팩,0.0,0.0,9305.0
1371,341160,하나금융15호스팩,0.0,0.0,9915.0
1372,343510,하나금융16호스팩,0.0,0.0,8381.0
1373,363260,하나금융17호스팩,0.0,0.0,14097.0
1374,299030,하나기술,50.99,19.01,213347.0
1375,067310,하나마이크론,0.0,2.24,374347.0
1376,372290,하나머스트7호스팩,0.0,0.0,8909.0
1377,307160,하나머스트제6호스팩,0.0,0.0,10052.0
1378,166090,하나머티리얼즈,27.34,5.24,762535.0
1379,136480,하림,0.0,1.02,318098.0
1380,003380,하림지주,12.58,0.5,855085.0
1381,149980,하이로닉,25.54,2.04,83190.0
1382,013030,하이록코리아,17.53,0.66,225980.0
1383,126700,하이비젼시스템,23.23,1.7,210684.0
1384,106080,하이소닉,0.0,3.77,54172.0
1385,340120,하이제5호스팩,0.0,0.0,10492.0
1386,221840,하이즈항공,24.25,1.24,94851.0
1387,106190,하이텍팜,0.0,1.29,126889.0
1388,066130,하츠,61.6,1.85,152960.0
1389,368770,한국9호스팩,0.0,0.0,9909.0
1390,004590,한국가구,16.35,0.96,99300.0
1391,039340,한국경제TV,10.31,1.31,159160.0
1392,034950,한국기업평가,19.42,3.76,402290.0
1393,222980,한국맥널티,0.0,3.97,115883.0
1394,318000,한국바이오젠,0.0,2.66,68685.0
1395,256840,한국비엔씨,0.0,13.08,376181.0
1396,025550,한국선재,31.4,0.96,85460.0
1397,023890,한국아트라스비엑스,4.45,1.55,569130.0
1398,017890,한국알콜,8.35,0.85,278714.0
1399,080720,한국유니온제약,196.92,1.41,101168.0
1400,063570,한국전자금융,43.53,1.43,222985.0
1401,041460,한국전자인증,81.15,3.74,151502.0
1402,101680,한국정밀기계,0.0,0.21,12102.0
1403,039740,한국정보공학,15.16,0.67,27102.0
1404,053300,한국정보인증,29.74,2.49,212234.0
1405,025770,한국정보통신,14.22,1.74,345611.0
1406,310870,한국제8호스팩,0.0,0.0,7182.0
1407,023760,한국캐피탈,5.75,0.76,214299.0
1408,054040,한국컴퓨터,9.34,0.79,74490.0
1409,050540,한국코퍼레이션,0.0,0.29,14322.0
1410,021650,한국큐빅,26.5,1.56,89274.0
1411,053590,한국테크놀로지,0.0,3.4,130683.0
1412,032300,한국파마,59.7,12.4,409547.0
1413,037230,한국팩키지,67.78,3.07,122000.0
1414,030520,한글과컴퓨터,20.49,1.84,438573.0
1415,052600,한네트,114.29,3.69,129513.0
1416,256150,한독크린텍,20.58,4.25,134798.0
1417,092460,한라IMS,19.57,1.11,90084.0
1418,047080,한빛소프트,67.84,10.93,163051.0
1419,070590,한솔인티큐브,0.0,2.06,48717.0
1420,226440,한송네오텍,186.67,3.5,90393.0
1421,042520,한스바이오메드,12.3,1.65,125782.0
1422,078350,한양디지텍,0.0,1.88,74591.0
1423,045100,한양이엔지,10.62,0.99,324000.0
1424,046110,한일네트웍스,9.63,1.01,67780.0
1425,024740,한일단조,19.11,0.55,61128.0
1426,005860,한일사료,0.0,1.24,76443.0
1427,123840,한일진공,0.0,0.6,84570.0
1428,007770,한일화학,32.32,0.58,53879.0
1429,079170,한창산업,32.78,0.74,38688.0
1430,086960,한컴MDS,15.75,1.22,137285.0
1431,054920,한컴위드,4.54,1.96,244078.0
1432,002680,한탑,0.0,1.09,48624.0
1433,066110,한프,0.0,0.0,25344.0
1434,317320,한화에스비아이스팩,0.0,0.0,12055.0
1435,340440,한화플러스제1호스팩,0.0,0.0,9750.0
1436,220630,해마로푸드서비스,23.75,4.08,357889.0
1437,034810,해성산업,67.86,1.13,425654.0
1438,076610,해성옵틱스,0.0,0.62,50360.0
1439,220180,핸디소프트,0.0,1.26,70131.0
1440,008800,행남사,0.0,2.64,80762.0
1441,084990,헬릭스미스,0.0,3.76,884055.0
1442,170030,현대공업,35.66,1.46,148798.0
1443,319400,현대무벡스,0.0,0.0,463345.0
1444,048410,현대바이오,1956.82,31.75,1551431.0
1445,052260,현대바이오랜드,31.4,2.19,340500.0
1446,016790,현대사료,30.21,1.65,98100.0
1447,039010,현대통신,9.13,1.2,97463.0
1448,092300,현우산업,28.17,0.89,68012.0
1449,053660,현진소재,0.0,0.0,21280.0
1450,011080,형지I&C,0.0,3.06,69341.0
1451,060560,홈센타홀딩스,0.0,1.27,134053.0
1452,064240,홈캐스트,0.0,1.54,107723.0
1453,039610,화성밸브,27.46,1.12,81201.0
1454,126640,화신정공,22.32,1.0,80386.0
1455,061250,화일약품,65.64,2.22,111967.0
1456,097870,효성오앤비,40.79,1.17,70297.0
1457,050090,휘닉스소재,0.0,3.44,107629.0
1458,290270,휴네시온,32.99,2.49,59279.0
1459,090710,휴림로봇,0.0,3.14,111739.0
1460,205470,휴마시스,0.0,12.5,231353.0
1461,115160,휴맥스,5.48,0.28,135090.0
1462,028080,휴맥스홀딩스,7.12,0.31,47795.0
1463,032860,휴먼엔,0.0,3.7,125796.0
1464,200670,휴메딕스,22.3,2.17,243297.0
1465,065510,휴비츠,12.22,1.14,99935.0
1466,243070,휴온스,15.91,3.13,554310.0
1467,084110,휴온스글로벌,13.81,0.98,353095.0
1468,145020,휴젤,49.02,3.23,2228654.0
1469,024060,흥구석유,12.72,1.41,108750.0
1470,010240,흥국,16.69,1.73,116819.0
1471,189980,흥국에프엔비,35.89,3.11,208058.0
1472,037440,희림,16.51,1.24,66201.0
1473,238490,힘스,17.26,2.43,148190.0
