,종목코드,1주당매출액,종가
0,058820,464.1000040290226,4385
1,000990,21079.944389222463,56300
2,050120,364.5892912301504,5120
3,097230,20350.02860006681,7460
4,023150,6949.539108488606,8710
5,002360,822.0215230785469,940
6,009160,4158.477192464637,3240
7,100840,30638.08330972113,17700
8,036530,1552.3727288083344,18550
9,011810,39968.87093574045,6050
10,002710,14476.227235090077,4510
11,079940,4735.41085917786,15550
12,217730,14.079453133084554,6850
13,035250,2231.811452249574,25300
14,114190,2112.1098307780194,2500
15,011420,709.2503264289005,1790
16,002100,7636.788733043669,13600
17,009450,58583.488689910366,50900
18,267290,184215.2011244009,19650
19,012320,3256.0448672169364,40600
20,000050,8245.838395901263,13200
21,214390,9005.159816052797,12150
22,012610,5252.316050192123,6680
23,198440,2194.584077028239,3910
24,098460,11439.67719351704,115000
25,035290,1610.3266090484672,1305
26,038530,423.38528482225337,1270
27,215000,44782.925910079255,90100
28,121440,1341.859799203573,7130
29,014200,1969.932467325548,1700
30,017040,2596.730023098872,2405
31,029480,410.9239649440472,632
32,037710,92192.78375,169500
33,053270,3214.3907591122197,4870
34,005320,5739.4224573697575,4075
35,001140,2183.056427353879,2230
36,066620,33841.425866666665,21750
37,043650,2819.1735340601213,8030
38,006050,1845.12416205269,2850
39,307750,16092.430339321358,6940
40,035080,2891.9924273504275,4865
41,204020,5949.044667235474,3150
42,186230,11514.6696501627,12450
43,083450,16543.741538322844,21800
44,001570,2745.36926478272,4300
45,214330,7037.415815124861,2240
46,036190,34298.35766666666,29800
47,049080,724.439572026386,2025
48,035460,1837.5795584105197,2915
49,013700,3581.8549583764097,2195
50,308100,10176.338623857384,13350
51,187790,1408.6361831245272,1515
52,286750,1897.3104335581893,19250
53,121600,4472.9902741739215,28200
54,039860,1034.2093846308835,7110
55,190510,56565.84488022632,10600
56,089600,9372.987807336662,41200
57,138610,641.9392588836147,35950
58,130580,3915.648896103896,10100
59,034310,1028.994042072419,17100
60,267320,16384.52985074627,4500
61,008350,2436.712682960079,3930
62,004270,1848.7619352173413,3970
63,168330,642.2726857900934,2525
64,094860,187.06012201783892,2200
65,253590,1260.3075447749527,3525
66,212560,14920.63340488076,8540
67,095660,10234.922524326708,23400
68,042420,111.73636363020508,36300
69,311390,3029.11612069833,7840
70,085910,3462.038112971888,4030
71,092730,9925.994725953931,33550
72,290660,224.9703378589702,3050
73,306620,956.8697569166616,4120
74,153460,1812.7218410251492,6200
75,007390,273.2421633661843,9970
76,033640,11672.265284809077,37750
77,005720,6599.46051448513,4705
78,089140,817.570391980092,17450
79,137940,238.5135476056365,1335
80,160550,2302.0492719407,13200
81,225570,2822.728812318058,13250
82,217270,320.6184077754585,26800
83,104620,4177.714897233326,24300
84,090350,27750.7009,11000
85,000320,1434.6843249316782,12850
86,194700,24745.60016171058,40500
87,285490,3770.989913359108,38800
88,106520,312.35723333829384,539
89,278650,5906.981274281485,25950
90,006280,105057.68449133524,360500
91,142280,5255.917771239794,9940
92,234690,4258.779155979774,12550
93,005250,1675.2612740310549,34850
94,065560,1041.773700790895,5770
95,004370,346181.8333217704,283500
96,072710,4159.55228675727,75900
97,069140,6655.027327852978,7360
98,040160,5587.927288170952,7120
99,332290,,2100
100,060260,1269.332246607096,1490
101,012340,1592.6922003899415,3755
102,270870,18858.549868815586,29350
103,144960,1993.496023253353,6290
104,085670,7441.708298987348,1830
105,119860,12318.022455678556,33400
106,064260,3158.2613659533467,8500
107,340360,,3545
108,039560,987.569317913724,10350
109,023590,5486.533161169696,27050
110,032190,5213.889686684073,12800
111,068240,9190.124840604269,18200
112,145210,715.5644264028725,660
113,019680,6925.9355027605325,4295
114,006370,7868.735902630394,10200
115,008060,74.25752918598097,6890
116,000490,26866.107472919364,10050
117,048470,10635.7816,5580
118,004780,13344.589286721495,5880
119,017650,2860.818888888889,13600
120,007720,1283.5132382841546,1455
121,036480,6526.5763157894735,19250
122,025440,2935.6604094729087,1320
123,104040,1025.120952717558,2755
124,009190,6317.262300981855,4055
125,047040,18375.457019740104,6610
126,003090,1506.801161570349,32700
127,069620,81538.46939237868,133500
128,007680,12604.613799370536,9600
129,290380,3715.678825504839,14500
130,002880,3466.0526680635703,1085
131,290120,12528.560639470785,7000
132,000300,976.5541008851352,798
133,012800,4622.75537903298,1820
134,096350,157.19636461220475,463
135,140520,8464.4901,2920
136,131220,5591.093958137982,12650
137,003490,78075.1139595309,27200
138,016090,5717.835090355494,2250
139,069460,4474.927675082207,2405
140,021040,1937.628276056516,814
141,161570,1905.538049966843,1815
142,192080,13077.835692662597,68500
143,073570,1781.773703054334,1505
144,299170,6027.163279445727,2795
145,012510,10217.646321366105,98200
146,224060,191.35392972043763,335
147,317330,4264.968525519458,19850
148,004830,6840.872704081633,25500
149,090410,2727.0279088500483,1450
150,263800,5880.971083001767,5760
151,206560,950.5460677660874,8020
152,261200,9736.854460093897,2110
153,145720,16157.390979895796,64100
154,002150,18072.16462040332,8640
155,006620,14495.60745522699,11000
156,075970,3471.657989130435,5710
157,100130,2821.507953730116,6780
158,023450,34493.55069926788,52700
159,004140,16586.841713344467,6720
160,099410,1591.831608916386,1800
161,007590,9470.17931310394,6940
162,026960,4424.204764292878,31950
163,102260,4679.454535892532,5780
164,033500,14346.812911497494,13850
165,088130,8361.160029252726,9170
166,028100,27360.67365217391,18450
167,001520,1861.713423237646,1385
168,084670,28802.27893032423,23850
169,060380,13664.1986,2500
170,088910,10690.194521752366,3425
171,094170,4487.574110634315,11050
172,013120,6944.486868462174,5400
173,049770,461573.21350648487,192500
174,032960,7528.64675788598,13400
175,005290,13225.430867801597,32600
176,000150,93763.70170726106,49950
177,131970,19345.82510948905,47250
178,016740,8755.42434461855,5120
179,073190,3610.581598991982,4055
180,030350,260.43928812528304,2225
181,203650,491.5401517384762,4300
182,060570,3901.0887595248014,6500
183,192650,6399.52055738552,9460
184,217620,2114.187553316512,2130
185,016670,113.05186105935742,973
186,187870,18604.05883220289,37850
187,012030,1117.905041902223,871
188,066670,1938.014226255433,4895
189,003160,3234.116878913197,6970
190,092200,9036.1672089297,3160
191,078590,512.0525092282693,3890
192,004840,5460.2307576517815,6760
193,263690,9353.446127846535,12950
194,214680,942.3438455507966,1540
195,263720,4485.797399306613,36950
196,141020,0.0,108
197,109740,1576.5713901950123,6510
198,196490,579.9867267330541,6060
199,066900,13248.902778838474,4540
200,127120,1163.6862771726426,4530
201,092070,7726.86805624472,22200
202,007340,16782.840312767505,31100
203,068790,9690.835251202529,8480
204,039840,4960.54820266585,37350
205,219550,534.7084096484207,995
206,079810,1809.7226141058425,8190
207,043360,1718.4543333333334,3190
208,197140,2115.6039492407067,5860
209,068930,4461.678017724079,8190
210,033130,764.89771715774,3195
211,263020,4832.069035431514,9150
212,290550,16339.644259319844,18900
213,187220,3970.465434574438,7140
214,131180,939.4948211243612,1795
215,317120,967.3049652906576,12250
216,232680,4246.683769146526,18100
217,171120,7221.208954656411,8490
218,069540,929.2164995227656,5420
219,214260,1775.1639136775632,26650
220,115390,3934.8720901477486,14750
221,200350,8143.756959992705,22150
222,084650,10711.54466878495,17200
223,217500,915.6827926568592,5810
224,141080,4590.355808158512,56100
225,038390,26032.66344412001,21450
226,294140,2323.095449275362,8910
227,228670,7078.978041915348,51800
228,228850,5250.093815845132,12350
229,281740,715.7239307878394,3600
230,215100,246.43511172374855,5240
231,090360,13354.662666666669,23700
232,108490,1512.2742867300683,16350
233,067730,3517.141776796766,10700
234,038060,2848.462166339227,1535
235,085370,3589.097917299502,10200
236,060240,2020.537031243192,5660
237,039980,2162.4072328404663,1195
238,016100,1783.641918526735,3510
239,012700,12139.640820860968,8900
240,302550,2856.456239751769,23950
241,042500,9640.094899886824,6230
242,219420,1285.5273,7960
243,027740,1359.2635771457117,713
244,195500,8893.592599730198,7250
245,305090,630.7664977415445,18550
246,098120,4635.052761018415,5770
247,147760,4715.898237556731,8600
248,038290,8536.55958528508,31950
249,127160,278.4500253804164,282
250,093520,4960.733008263518,5380
251,100590,7979.761643501585,10200
252,067280,42323.25416554253,32400
253,235980,0.0,88900
254,041920,7761.098785549407,14400
255,054180,564.2028025760401,1480
256,086900,21208.49341970632,188600
257,065650,1067.1121782779258,3585
258,140410,3289.03501880093,151400
259,241770,7072.814949599748,12250
260,090370,454.9044403192981,1175
261,059210,1753.4144477214336,2500
262,058110,11946.58696260375,13050
263,096640,2215.513322352434,2065
264,012690,3202.812591473823,5230
265,005360,4926.275685736598,5230
266,080420,1711.0219985238132,3630
267,080160,2258.8344444444447,22100
268,101330,658.8567132038534,5610
269,012860,11686.240057692308,3235
270,250060,23.992492193511275,2850
271,033200,1835.6746493747728,9800
272,009680,5410.838393939394,12800
273,006920,2905.544963369963,5360
274,033920,4772.115578947369,6880
275,218150,1718.943082446613,5220
276,007120,44.58125638668913,519
277,049950,6658.156349180623,32550
278,059090,1489.630053425654,14300
279,214610,3451.4416385732725,10250
280,201490,546.4307594559689,6850
281,035620,155.99687686049214,1530
282,064520,447.15870673440094,1005
283,053030,4189.178441745213,25550
284,064550,6992.141623183383,16200
285,208710,2541.376298187099,2585
286,086820,957.086303452568,26550
287,038460,3002.0990183463127,5420
288,086040,1741.4654875575,10200
289,043150,10314.748985072025,30450
290,267790,3312.2690935137693,9810
291,046310,3242.116179941685,3230
292,035150,8459.583140495868,9900
293,066410,735.2166534733094,1870
294,206400,113.19898675640522,6600
295,177350,6140.636548047741,6170
296,299910,8245.603672715384,28900
297,007210,3918.3961493582265,2870
298,225530,1575.6535995721838,6780
299,250000,6542.074319929407,15750
300,002760,639.2770784641068,2210
301,003850,12249.896425339366,20800
302,226340,795.9534060317927,3370
303,008470,11968.93334761089,6290
304,014470,81.36453149306953,4510
305,100120,14750.388552534952,36050
306,064480,3708.508680192429,4280
307,251630,2022.8275588050428,10450
308,018290,3184.6533778202543,8150
309,044480,912.0877625743108,2770
310,033560,2998.930840902835,7550
311,121800,314.99844828959266,13700
312,082800,227.3044516561673,1525
313,002070,2412.2778938969373,3495
314,100220,10986.697280495164,6910
315,200780,7170.709005311727,16750
316,141000,7536.463522445028,11200
317,090460,9841.44788771324,17950
318,032790,770.8885052663197,4075
319,142760,878.0774852209624,4920
320,065170,457.40568870315934,1370
321,086670,10821.432907192744,12950
322,335890,2537.4379958246345,2180
323,001460,257617.0697149444,345500
324,138580,1699.6699822104697,22700
325,027410,539.4362938891255,7010
326,282330,356852.7220640982,158000
327,082920,5212.934752491648,14750
328,054220,69.92176599663448,5930
329,042370,1691.5731336578676,10000
330,050090,127.74411363750605,1360
331,307870,,2120
332,032850,2150.6406702931845,9040
333,238200,3007.389242053789,24850
334,093190,3430.528192742778,4980
335,065450,2426.42306052786,7610
336,005180,92123.36344223029,59900
337,143240,5849.112675475285,35200
338,003960,118520.4386681735,18150
339,006090,34769.20935621797,10900
340,122350,9441.86359825045,3970
341,023600,10824.688868274585,15200
342,068290,5676.3601,46000
343,145990,148182.6323594339,57500
344,225190,3823.310703666997,9780
345,272550,25867.30056234414,25000
346,000070,13327.51707646804,93700
347,060310,491.0356475332376,2395
348,023000,6149.731975,3600
349,002450,1191.7389545880542,1610
350,032280,5146.870248970154,2280
351,002290,5217.0750806451615,4980
352,004440,14614.486299699489,16950
353,032750,19522.1785,11400
354,054090,2607.9744761377274,3800
355,004690,590623.3337648966,78400
356,038500,4991.212510783979,5780
357,046390,647.5880326088554,5050
358,027580,1225.5512887104833,1835
359,038540,1763.087336496235,6620
360,101000,440.4641092884097,1030
361,089980,7102.710380087484,52700
362,042940,403.2214972763579,1390
363,042600,5049.367758424428,10800
364,294630,68.96474174521585,3330
365,038070,8116.632954149732,12200
366,006730,1517.069292323224,7850
367,079650,1096.55635,2680
368,007860,554.8488311932566,23300
369,200880,37889.851936314335,9760
370,019770,11744.404120171674,12850
371,043710,396.9008132045213,992
372,063170,1599.9263484557412,17200
373,018680,6155.432579745752,8810
374,021050,4100.798848394478,2500
375,093920,6348.059462365592,7810
376,189860,6328.349235677065,4100
377,178320,3237.3840277479294,46600
378,122690,6691.289849173384,2875
379,140070,3033.600681302044,5190
380,011370,4809.326331919865,1595
381,008490,33383.955278161775,51100
382,035890,6076.772333371006,1630
383,003100,11789.811515151516,29450
384,002820,15306.367177192176,4675
385,171090,7231.568139504261,15300
386,136490,39093.873430356536,16900
387,014620,5880.320559440559,8190
388,037350,21938.58190045249,5880
389,011300,520.8189158016147,787
390,015750,14400.139775,6110
391,080470,9831.030684931507,9410
392,148150,8730.695155471569,21400
393,053060,5130.153332399234,2540
394,340440,,2070
395,011560,60611.14207027541,6490
396,001430,38881.27561564335,18550
397,306200,405622.1714910271,94900
398,003030,3211.3523645246337,55100
399,019440,55051.69743290549,13850
400,058650,17872.546,84400
401,013000,956.3601586077368,2470
402,100700,1401.4694292237443,4835
403,024830,18657.47209580838,6280
404,067830,3282.654094166319,3635
405,258830,2064.623153938753,10750
406,039310,161.48713029546343,2575
407,075580,6965.780637911516,6480
408,067770,2223.625225135957,5170
409,053450,26332.18348355851,6440
410,222810,266.21350041258665,538
411,252500,1764.3853803620898,3885
412,308170,26929.220673635307,29000
413,012600,3274.985713621096,2490
414,049180,679.4890460228492,6600
415,299660,0.0,40250
416,268600,97.38651913586348,127500
417,108860,619.9271896987411,3330
418,208370,900.246128480553,2515
419,068270,13165.808419152823,324500
420,068760,6851.037579492734,150000
421,091990,14706.67064748946,136000
422,068940,887.3503105640262,4000
423,032680,1418.1285205973195,1795
424,066910,3036.192786026229,2685
425,043100,103.06417124517282,392
426,154040,3577.254523947573,4145
427,035610,129.48421664786989,9710
428,086980,745.78696485623,4875
429,050960,2675.7455191823437,31200
430,017550,1040.198137403049,4500
431,253840,3106.3741752325395,14650
432,236200,7707.190176154861,26450
433,317770,2753.052945343724,16900
434,094840,1688.4325963727483,9030
435,192440,38914.2377946719,60600
436,136510,2525.020555555556,6240
437,099440,3814.220627016985,1730
438,033790,1464.4830023777392,829
439,159910,195.30218998688017,263
440,115570,8864.941908048891,5870
441,204630,523.4248548979109,3000
442,013810,1998.4171780229497,9910
443,049830,21656.27698907,18950
444,020710,4800.859987320412,5900
445,048870,315.9345922422792,2890
446,025320,1159.7403502327031,3680
447,134790,113745.156,62200
448,269620,1042.9135,1885
449,131090,387.2110526315789,1430
450,139050,414.7671826285523,997
451,029530,31951.94359063848,30000
452,011930,2112.356076752005,3290
453,004170,148275.79665625244,281000
454,035510,279248.7453488372,154000
455,031430,169664.4694677871,202500
456,031440,316639.5227347849,74500
457,005800,197377.55222222224,97700
458,009270,8116.384726652965,1490
459,138070,3943.950095534164,5890
460,226330,46.280085467671945,16000
461,001770,63649.975553100805,23550
462,187270,3749.3541157223913,3430
463,004080,12147.285729166666,12000
464,222800,45302.62885807512,21900
465,036710,111.32864769523394,2595
466,160980,14619.80322114768,21350
467,217330,114.0725086725558,59000
468,102280,642.7377492909047,613
469,208640,57.77771363094544,3320
470,222420,582.9067182460358,2250
471,037760,1613.0233626591094,1855
472,099320,11245.28502286652,61800
473,015540,954.5266894035532,6410
474,049960,4547.149787234042,18450
475,050890,2460.809779788992,9040
476,066790,209.60777124365572,846
477,004920,915.4541377645626,990
478,065770,2280.740264877105,2740
479,083660,2308.636915163689,1910
480,115530,300.8016593802534,839
481,115480,1240.3172960800318,1850
482,189330,4989.767190279926,45550
483,035760,123957.461605678,142300
484,096530,40732.19239750523,130100
485,060590,5107.28135676498,6520
486,260930,8927.376997241001,9980
487,013990,3635.462170227651,3530
488,123860,9968.259032159323,25350
489,025980,698.6072326253301,7410
490,058220,14.199428730420015,275
491,125210,6775.491231930576,14550
492,090430,51608.431606769176,258500
493,002790,635.4483327184762,64900
494,052710,21214.44657032664,34300
495,074430,200.9723473611325,2480
496,083930,12489.10583905672,12700
497,149950,4851.940989908698,17000
498,012170,76.02852021178536,1105
499,246720,76.03581547365505,5390
500,067390,2056.390834268315,6390
501,127710,1532.7487048161622,2255
502,227610,3871.4862,2020
503,143160,13829.65989479666,28300
504,054800,690.935406671746,13100
505,122900,57864.91018920334,9070
506,339950,6920.05122324159,1680
507,099190,12470.13744684339,24600
508,289010,8980.108499376984,7930
509,040910,16725.762686568778,16000
510,052860,1225.3950649774515,4400
511,095340,8239.289664888292,21750
512,069920,804.0909904383745,4000
513,038880,188.3351838429495,1455
514,003560,543.518750285327,1995
515,307180,785.7626000821435,3245
516,101390,506.07486363529785,1280
517,052220,1521.5675652173911,4620
518,078860,413.16094712840703,1655
519,090150,8449.023559095183,4290
520,123010,1167.2415919800058,2230
521,031310,1106.7125758928123,4580
522,059100,4117.932047869707,5980
523,052770,1164.6945534398956,3180
524,124500,6422.90140213763,5280
525,099520,1912.94567011522,1285
526,084850,15724.905953263224,44750
527,032080,1677.2743175768828,2575
528,059120,3260.8960806459622,7170
529,158430,5941.104768707474,24100
530,067160,16266.042017206611,78500
531,053800,17238.863953991746,65500
532,065660,479.8959617131336,49050
533,297570,1478.6729083857076,4965
534,001780,3134.729862293409,4595
535,096610,3977.914935616069,5680
536,061040,4400.187412366397,7780
537,148250,3388.9543415480643,16900
538,196170,1886.1833882022772,89600
539,123750,3420.1086009528885,5280
540,085810,1129.291962177169,1975
541,117670,3646.7192970053698,4375
542,310200,401.8648343782537,1610
543,179530,5988.1400061368895,22500
544,205500,153.26814918329083,2200
545,052790,3903.0141109441497,9130
546,290740,3282.09061784678,10050
547,238090,1227.4823284295562,4090
548,092600,3861.363408521304,4645
549,255440,4206.967146576812,13100
550,263540,2057.717718857873,2015
551,238120,1930.369897661128,8230
552,019990,2332.655158502055,8070
553,011090,3855.122766186709,2255
554,217480,4489.630991940867,4730
555,121890,2497.0578866520964,739
556,034120,41464.91444333739,22700
557,046140,6494.477359412269,7100
558,042110,3658.359860229652,1555
559,065420,207.81902794695384,639
560,103230,4652.204444444445,2505
561,260970,186197.32118745105,30200
562,101490,4427.306691739804,32200
563,095910,12374.383554540482,6180
564,275630,1784.3251628553053,6370
565,031330,12405.195368287516,2735
566,060540,639.696408866142,2465
567,056190,23264.756872696245,40550
568,036540,3655.9901678803103,7550
569,214310,1607.362396085936,1360
570,063440,556.802732736218,3355
571,010580,1094.9007083066151,306
572,041510,12904.681269790555,29600
573,048550,1385.700034783801,1820
574,007820,5192.9767605443285,7540
575,012750,57608.521373804455,81700
576,306040,27936.32489528319,22950
577,123700,3785.9881557700655,4095
578,025530,284.08221021443137,3615
579,001380,1780.487153952873,3200
580,004060,824.1790291078729,743
581,040610,1184.8850225169592,2880
582,096630,609.5706070770011,2305
583,041910,5135.402621374229,10950
584,039440,16435.80960202148,19900
585,098660,5461.529003815382,2765
586,052020,335.5773773810346,10050
587,050760,8275.008237076972,5670
588,317830,3494.084363529224,7250
589,005610,146651.9390581236,72500
590,058610,10821.29106348022,9000
591,043340,694.712,1260
592,054630,452.8877630117133,1450
593,200710,30200.814271244297,25400
594,096690,539.6261511961928,6630
595,078520,8344.405094442409,7440
596,195990,141.42210473407823,835
597,003800,26065.567177637517,42750
598,088800,3442.1561910691184,20450
599,241840,2371.2512234069955,49300
600,015260,991.4645512269224,1465
601,078150,3079.6510706246854,3165
602,072990,7446.7611236728035,13250
603,036640,3974.1514417785606,5860
604,227100,14816.33125509694,9190
605,239610,27816.388209752036,42000
606,044780,2616.967708533552,1865
607,045660,11883.56852300242,38900
608,224110,4995.433520599251,37550
609,230980,531.3960271311817,6990
610,089530,1527.4054979076634,358
611,200470,2827.329198208011,6480
612,007460,469.67751526053866,2080
613,109960,58.72192426952312,708
614,230240,6029.018729730045,24250
615,230360,3468.2790605334167,26300
616,086520,4607.351380529032,57200
617,247540,41603.9973504529,163000
618,073540,2127.778947368421,4870
619,064850,1915.634272727273,12500
620,064090,445.7586416585722,315
621,007700,52174.71584415584,127500
622,214270,327.2472278880018,1300
623,036810,8042.550109435621,28300
624,173940,3629.5552068656334,6010
625,054940,4289.891813802973,1585
626,043090,150.5020837588834,2105
627,950130,3240.8129762709186,13050
628,205100,855.6966057147347,4710
629,092870,7187.17190207276,14100
630,317870,1098.558457418663,9600
631,036570,102142.146755615,873000
632,008260,6733.253608717754,3610
633,217820,6157.494387755102,10300
634,031860,421.51116775013406,1620
635,104200,4568.972149815715,6550
636,053290,5020.21619397826,12000
637,208860,299.6740975322508,3775
638,183490,3283.0077380433154,121500
639,085310,866.8617689341152,1390
640,182400,296.30995953551275,18000
641,069410,8049.013172055362,8200
642,291230,,2180
643,198080,6320.910314910228,3890
644,048830,3102.4156102329625,1920
645,096870,1809.795459990417,4285
646,138690,12847.894277714737,5530
647,290650,3788.0947618615382,33400
648,066970,14377.471113319269,78400
649,156100,1765.3866835591857,36850
650,006260,5147.422360248447,68500
651,000680,2276.939717637203,2820
652,093050,38162.43248974008,16350
653,108320,71438.44407690463,75600
654,108320,71438.44407690463,75600
655,001120,84061.9205624355,31900
656,108670,289541.20747083693,85000
657,073110,10353.540761857765,10500
658,083310,12442.116519699122,16600
659,003550,5889.075659237751,90400
660,051900,282891.61623457563,1570000
661,032640,28292.61925687729,12250
662,037560,13635.248747641366,4920
663,051910,295074.6230366656,805000
664,058630,2160.0536577261514,9240
665,086960,11832.679625145887,15550
666,058970,8370.160955347872,21300
667,097520,65219.01877808593,55500
668,179290,1321.4487930701596,4410
669,009780,8252.998636363636,4940
670,123040,6704.030074801339,7190
671,033310,974.0880051806786,14800
672,259630,30608.02886183076,13500
673,065150,578.4982371945533,895
674,050540,2853.9157310293026,282
675,115960,19813.92224552347,27000
676,090740,288.77161005624185,4835
677,143540,3365.349907846081,2230
678,111770,25741.30337997378,40000
679,009970,1777.4315922623675,43300
680,000670,669567.6874552127,582000
681,012160,2171.701309673448,1150
682,036000,725.0805397538634,2960
683,250930,579.3055486532907,2585
684,015360,3000.6666666666665,33700
685,122640,4532.844049643057,14500
686,045060,3377.50358960532,4875
687,080520,3157.14271242024,7430
688,007310,639406.8672877817,570000
689,046120,1997.5312490371712,7800
690,014940,1515.1088476302134,3790
691,002630,247.46142879444508,1580
692,065500,430.85976808922425,1160
693,271560,19456.208842078937,131000
694,001800,415.8610664319573,14250
695,010470,7088.904780823732,5880
696,039200,801.7018380386428,39950
697,226400,1491.3520962311609,3940
698,031510,4104.1363846153845,3455
699,138080,9711.09313310922,46350
700,080580,6170.173412917888,29650
701,067170,8778.994783195125,13200
702,173130,27813.23613937945,4680
703,049480,1922.3718646672976,2920
704,309930,6057.859912854031,3180
705,131030,3672.06160147933,7940
706,082210,5922.674742822369,9050
707,153710,907.3635819993632,10550
708,057030,3224.749837503878,7210
709,122990,6584.776391516652,12950
710,065530,1682.9439462731743,4655
711,067900,5493.259956134343,17500
712,066430,2143.977926341948,2395
713,193250,85.73689866158448,2200
714,273060,1633.8487350199734,1745
715,019210,8937.369289718108,8010
716,122870,8440.161396991147,44500
717,037270,1211.4511455800844,5540
718,011690,1835.94549825546,2440
719,040300,3017.3765952380954,3950
720,070960,2641.63123713041,4805
721,032820,328.7734479262855,1330
722,115440,5729.639034670673,8610
723,046970,3622.1096795103695,1910
724,006980,11324.160194174758,4085
725,017370,6190.743567754032,5800
726,103840,10348.36949758905,6490
727,215380,3348.5487544163607,6210
728,065680,19593.60936238577,27850
729,105840,1960.9452598163157,4770
730,010400,18424.45565468381,7870
731,049800,19985.4057,7230
732,016880,2017.0727325707155,2910
733,095720,4714.439975396585,3310
734,005820,17470.160454545454,22400
735,307280,0.0,2595
736,032940,2534.36629999181,5400
737,104830,21303.095970812185,37900
738,240810,22223.56839567417,51700
739,014190,5432.678154569111,4635
740,074600,9008.836351186854,23950
741,131390,8186.245081061354,20850
742,030530,4489.267553485118,6610
743,012620,54282.61454545455,10650
744,008370,6133.786083333333,6110
745,101160,7147.543033904744,24850
746,336060,,2085
747,095270,2562.7592864357343,4100
748,065950,4380.9421542088285,4980
749,076080,10054.907927897466,3400
750,196700,1959.533235667968,2085
751,069080,8155.951717323192,41450
752,071460,16589.02135954344,3980
753,044340,20299.27364229296,22850
754,112040,2121.674345238095,60000
755,101730,1328.267041212505,6210
756,123420,9475.8964672562,22000
757,065370,5792.067326732673,13200
758,024070,6166.914517254433,3695
759,299900,668.9729326412179,12850
760,036090,350.5886789165943,1950
761,136540,7352.414003700133,16600
762,097800,2955.496010363244,2890
763,192390,6833.335147495106,3560
764,313760,13006.773549979433,14700
765,008600,2665.2672866421917,1680
766,014830,63717.95519898383,67600
767,000910,6129.030371545706,8780
768,203450,2983.168820615727,4800
769,011330,1737.0580468972512,1565
770,011320,10958.479754480884,8100
771,086390,5356.702141361322,22100
772,241690,5754.3266328624895,6590
773,142210,19686.74006795247,7300
774,048430,15133.3,11250
775,206650,1063.3454677024642,20450
776,032620,1919.883099339985,7800
777,264450,21557.73518697959,21900
778,078070,320.74607250034603,21750
779,024800,8949.49525200286,3580
780,000700,532.8714069512521,6400
781,054930,70752.975,19300
782,038340,270.2726020001376,445
783,069330,2412.0088911380685,1055
784,263770,2140.6542534796795,6180
785,000220,12752.745781756612,9080
786,056080,656.7731171488109,4070
787,084370,7022.620878422199,44550
788,178780,989.8200036135304,1730
789,179900,3238.1767417937526,20500
790,263050,274.2601223972931,39550
791,000100,117261.13428086085,63000
792,191410,2931.4552502386514,3180
793,072770,1675.4830797832042,2480
794,039020,308.95877383233056,3570
795,067920,7404.594748383498,6360
796,044960,3192.291607191745,8010
797,302430,2123.70282696263,18750
798,214320,16219.85105,61500
799,073490,9382.189711859395,50400
800,215790,316.57579402488244,2245
801,246960,112.6427981215594,16750
802,088390,929.9357362822008,12300
803,272290,35500.0258870372,55900
804,041520,17066.150698226968,11950
805,264850,1613.51675813805,2410
806,054210,6259.83596774446,7840
807,065440,788.3293577786561,1635
808,139480,509895.5352666051,171000
809,115610,2328.354018866291,2250
810,084180,1569.9520940135055,2190
811,131400,2103.801756286768,4660
812,080010,2643.5391014975044,7620
813,086890,961.7646634635968,14450
814,007660,8119.225078715195,3410
815,005950,61753.32052624689,11650
816,015020,137.5094045496551,1520
817,047560,2327.36701214215,10450
818,067010,6081.893037253945,7150
819,093230,142.23671523921266,403
820,101360,13894.764155203036,30300
821,102710,28495.288531579925,39650
822,066980,85.48902257057063,11600
823,074610,678.4482647683084,4670
824,063760,5267.062620914368,6930
825,123570,1142.1787982606274,5050
826,083470,247.62868592734512,1585
827,091120,14910.220114195088,17350
828,039030,24840.037907228754,118600
829,017940,519454.2055393586,42900
830,084680,1382.0049121978764,3385
831,181340,3079.7440774438974,21200
832,037370,5627.208666666666,11650
833,035810,983.9974039206454,4615
834,092130,3456.2291175396062,22050
835,134060,2251.5663888452063,9580
836,014990,2586.446930111053,1290
837,041830,5225.318702095663,20300
838,101140,257.6223429866946,3425
839,277410,1153.9536343402565,2015
840,033230,5486.231690629416,2140
841,006490,296.14206893100504,3110
842,037330,6189.302189730192,3390
843,100030,1420.5530688726242,22900
844,083640,636.7199725939204,2285
845,119610,7745.289884455226,22450
846,051370,10665.701967191302,12000
847,064290,4491.795823412478,23700
848,189300,12423.529361838244,66800
849,150840,220.25271038417677,2220
850,048530,1513.896339461083,25800
851,023810,17782.7741,6890
852,175140,11908.792594879746,6270
853,115310,5851.907821238674,21050
854,071200,1514.8128060229071,7260
855,333430,,3235
856,068330,475.7407136850933,4975
857,007110,758.3865599075405,1870
858,058450,196.92044025157236,685
859,019540,9186.253968253968,3745
860,094820,6962.967386664203,5810
861,226320,2579.442768732174,27300
862,049550,2791.8085420087928,8190
863,254120,645.9598233502123,2120
864,043910,545.6384166604311,1510
865,174880,335.5451295446286,981
866,208140,6034.512375751492,3695
867,040420,5360.420491668598,6490
868,045510,4294.738300984697,1920
869,095700,779.6479354764901,95500
870,072520,130.00963200972743,1700
871,122310,4082.438151735033,9890
872,187420,765.4785547733352,7630
873,225220,26315.150247533304,29150
874,123330,6020.305571428571,5410
875,159580,6967.640304551033,10500
876,079370,20428.07434514638,26450
877,054950,15850.589362536935,19050
878,090470,7840.127504074584,7190
879,287410,,4005
880,204270,2070.445549930399,9970
881,194370,12082.139980042894,19250
882,026040,3622.290516299589,2165
883,322510,299.9979888735935,9140
884,035900,3662.742394758111,35600
885,058420,257.99402451027714,2160
886,089790,4324.452598721944,7750
887,950170,420.14902965152606,5150
888,030000,7568.456125184689,21250
889,052670,1266.6082,7100
890,038010,14604.211,8720
891,080220,3548.740243392302,5970
892,089590,14191.081391725036,23300
893,216080,2421.4547899712807,19550
894,229000,269.2332226781038,19500
895,082270,1672.4622652939836,24200
896,064800,1266.693824233177,1530
897,001550,14185.513995022186,21200
898,067000,11800.37288561174,9490
899,002600,371007.16,178500
900,185750,119472.90023549277,138000
901,063160,22661.27545178038,56700
902,001630,4702.977587601732,103500
903,033340,3734.200499501408,1055
904,044380,586.9761849502537,1055
905,051980,133.44409197387145,2830
906,072020,3646.338554216868,17750
907,000440,8599.973021279466,9970
908,228760,88.77058512579795,12450
909,314130,18.141646548905378,51000
910,013890,14338.573729992697,79400
911,043610,4249.602868002131,6730
912,303030,1142.2521170107575,3700
913,208350,3163.3712275708394,6240
914,144510,7520.517802921986,101500
915,051160,3761.5046222680553,21450
916,078930,3296.3972874328724,39100
917,001250,28154.95526170356,2500
918,007070,111288.87454545454,38150
919,053050,4028.379599739185,1725
920,119850,7198.545050917327,5760
921,065060,841.5153352106486,983
922,035000,1925.6597697322493,5770
923,219750,1458.9070258794345,6080
924,088790,4376.0752149144455,5980
925,018120,15090.404946595138,31400
926,109820,861.3609457679571,9760
927,086060,2867.143552466284,6320
928,036890,8965.78014282189,15300
929,100250,231.14342080903705,2930
930,272450,9058.969266666669,20500
931,085660,509.8953776487616,18800
932,004650,11001.483208635513,13100
933,278280,8965.0588,162700
934,000650,21801.70162746113,67100
935,066360,9975.401983232929,2180
936,047820,294.2968484076058,2240
937,052300,91.1448084718576,304
938,118000,184.49060243844417,2520
939,094360,2076.779616882025,15900
940,016790,17474.546239110212,15950
941,016920,5287.874358924872,2420
942,284620,0.0,3895
943,035720,20480.058470548985,498000
944,006380,6368.06815,3965
945,317530,518.4130145021679,7830
946,071850,5171.55843726319,3390
947,050110,8650.999831954028,2660
948,078340,39094.25045972384,169000
949,063080,9568.60634231725,49150
950,079190,414.69812812952296,2780
951,263700,9136.649830667957,10300
952,214370,5612.08759192032,65300
953,318000,2433.965183752418,8400
954,192250,480.6451496682676,2110
955,029460,11495.189701317186,27250
956,002380,233146.62997268545,237500
957,021320,51477.23130841122,9140
958,344820,84867.01484154291,49900
959,036670,6499.667879325643,9540
960,115500,2542.503166666667,8720
961,281820,16124.26144216491,26300
962,089150,1194.0138192419824,9110
963,009070,11775.700066666666,6430
964,025880,3859.27339176966,4575
965,093320,12556.38975409836,74800
966,044450,9738.957805353948,10950
967,073010,1089.6692626823467,1860
968,060720,1143.092112080191,22250
969,033180,793.218305458055,3455
970,122450,1509.7277717663535,11450
971,052900,1594.1200284548534,1995
972,105330,3175.073529320849,7300
973,058400,376.17719798848776,2000
974,272110,6742.205133605437,12300
975,039420,1617.205367230352,3575
976,083550,14103.158199872414,10950
977,032500,8198.86786538611,64700
978,092220,1631.979092245928,2325
979,046440,5263.290520308679,9890
980,035600,18485.264707393813,19650
981,030200,68473.65937583336,28250
982,060370,2384.7361643835616,6140
983,053210,13809.63490710524,8640
984,058850,11996.553121705518,2925
985,058860,13034.858485144532,3015
986,036030,9780.588711383129,11350
987,033780,25022.37416513737,81400
988,064820,1566.5551716943492,5200
989,256940,3553.4042836175777,14800
990,024880,14041.96481280084,4400
991,042040,233.4892188559012,2905
992,054410,5120.746442687747,9380
993,258610,1145.2837936413157,7570
994,217600,387.82743988773177,3205
995,089010,20430.058751898723,26750
996,220260,1654.0447790695434,6190
997,046070,4762.401874491095,1230
998,047770,806.5470762290606,2500
999,080530,2240.802457918625,1995
1000,104540,3824.954915497669,18150
1001,027050,1835.701875,4775
1002,290510,3243.427960361945,8630
1003,007810,23833.986988813354,12350
1004,101670,575.317619047619,1260
1005,036690,8889.078012294616,5870
1006,049430,6537.138704686118,10000
1007,183300,10770.27737891738,64200
1008,041960,594.3923304245686,10250
1009,089890,3787.456795831845,8190
1010,009730,430.8930666049864,905
1011,082660,956.2098443296624,1510
1012,241710,18459.38426966292,16500
1013,069110,3954.6492111823823,2630
1014,071950,3157.409161163366,1165
1015,045970,11143.738530852592,11150
1016,196450,593.0719283086909,2055
1017,029960,1416.59632,8950
1018,002020,4276.770718808315,23200
1019,056000,873.9160052629345,2860
1020,282880,4412.000925238715,23400
1021,121850,2271.491443704082,6980
1022,015710,6784.195088559938,7420
1023,052330,11983.42475597372,10500
1024,322780,1806.908351648352,2490
1025,126600,5255.550460857581,5820
1026,036420,1749.7799063549985,51000
1027,031820,2845.8872944617,1520
1028,015590,787.7068861844067,643
1029,040350,87.86943685150133,1335
1030,051780,389.4436818574624,536
1031,115180,14.859082870619735,31500
1032,182360,1177.8453916601286,3905
1033,066310,2778.786044842919,16600
1034,264900,30464.96404859528,10500
1035,005740,1131.755457725882,9740
1036,096240,12011.04845028132,25850
1037,110790,24850.236183237903,30100
1038,045520,23071.638923076924,27050
1039,036170,343.61734518966495,1400
1040,214150,1172.277535696333,14450
1041,237880,12438.826029981916,19650
1042,020120,2384.568353370953,14050
1043,054780,552.8856149779037,17900
1044,219130,6897.314979197978,11200
1045,065130,9748.769001400016,9220
1046,134580,1774.779911111111,2920
1047,014580,4288.340723123942,4645
1048,023160,7109.594641509434,8800
1049,323280,,2120
1050,053620,16398.656046511627,11450
1051,009410,28116.994960732984,12000
1052,044490,17213.83148549028,12500
1053,124560,17357.09671388102,6730
1054,066700,1910.9318778624156,8880
1055,095610,12382.696909677175,34200
1056,055490,24952.86954309879,51300
1057,089030,9929.842796540112,20850
1058,054450,7458.777938045053,15950
1059,091440,3692.277124061455,4075
1060,200230,360.34841645747787,5020
1061,214420,5538.025907029479,7970
1062,215480,618.7219676893704,1365
1063,051360,16218.34218676516,8340
1064,045340,1418.9468616645868,18850
1065,108230,7368.796324458894,12350
1066,079970,1210.4635867488223,2390
1067,199800,109.43304959647796,106000
1068,105550,3146.475487845229,5300
1069,026150,12666.723928087898,9250
1070,322180,6371.852403956752,16850
1071,117730,11764.147370635956,9890
1072,033830,351.04478,1445
1073,084870,8301.347775037028,1925
1074,057680,235.0661956097771,3555
1075,064760,19546.873233404716,187500
1076,246710,814.4961274639467,37650
1077,043220,249.8886658834765,1045
1078,277880,5870.758103742539,9760
1079,131290,16423.936455226536,54500
1080,317240,13784.717727272728,1475
1081,019180,17410.711055555556,3170
1082,062860,3515.563897284639,11300
1083,321550,44.71260784287147,16850
1084,091810,5732.286911547405,2790
1085,004870,100.30270267591564,1380
1086,104480,4521.978144688764,3815
1087,081150,5464.57842588894,3700
1088,130740,3230.242901360931,5040
1089,048770,5657.68467945315,4315
1090,046210,506.17895574711247,4710
1091,034230,2352.559269426348,16650
1092,033540,6759.186372337224,9150
1093,043200,1061.5762568118932,1330
1094,214450,10786.827471687517,66300
1095,208340,8.655715995044863,19600
1096,177830,7958.38433096818,5740
1097,037070,14150.709071428571,23750
1098,150900,3031.341200708622,7700
1099,037030,12255.549012649366,6180
1100,047310,24318.16268344697,8970
1101,170790,5810.427152718728,12650
1102,049120,2069.2661941922183,1790
1103,038950,8613.507117243418,6260
1104,106240,2653.2049992320867,6400
1105,131760,1485.4249934355005,1365
1106,065690,2479.221734307616,3050
1107,140860,9412.215803170417,134000
1108,091700,20623.63121927765,10700
1109,032800,125.7620099091462,615
1110,318010,4956.735354199808,10100
1111,036580,31646.29448482862,7050
1112,027710,8623.314272738533,2060
1113,054300,612.4049007407933,935
1114,068050,1771.9409383557313,8330
1115,222110,642.1173640015263,9470
1116,016800,24943.706869565216,29500
1117,263750,30908.867723167667,308100
1118,087010,203.61452386389587,17750
1119,119500,4407.15113876389,4450
1120,022100,6155.192765200377,7350
1121,009520,6133.122530494718,8420
1122,047050,155824.29214330675,20150
1123,003670,24990.82270313841,155000
1124,256630,940.922592018985,3310
1125,331380,,2110
1126,234100,2535.4733964214333,6470
1127,041020,502.1934348303774,2520
1128,114630,3611.6752179632113,5640
1129,290720,16861.743564607525,25900
1130,005670,6689.0187,7650
1131,094940,3531.6468827699546,10250
1132,017810,2850.3251822283246,17050
1133,103140,69384.01381830426,33500
1134,005810,11550.708491599476,22950
1135,220100,1006.8314373079846,17500
1136,035200,2498.3737882286687,4810
1137,203690,358.1448782526737,3265
1138,321260,,2130
1139,053610,6605.147727272727,27850
1140,053160,3029.101166666667,17650
1141,041590,670.9145453690311,863
1142,075130,1007.7856026785714,6480
1143,009810,339.3631907027493,627
1144,237820,2284.704852367714,10800
1145,023770,10077.26717357788,9580
1146,300080,1093.4725436556232,13450
1147,032580,2231.6199253638783,1510
1148,051380,40876.494157424575,10500
1149,024850,672.5755508543308,1615
1150,057880,495.0004540539479,2125
1151,239890,4145.5359223300975,15000
1152,137400,17860.19724534172,23300
1153,024940,5769.0337,5260
1154,128660,5166.400056379438,2605
1155,006140,6948.379066666666,8260
1156,062970,2347.790788429753,5600
1157,087600,4785.442900178999,7430
1158,161580,9116.6209341255,12450
1159,039130,5304.989495440372,67800
1160,136480,8188.120318801008,2995
1161,003380,162.05545726854442,9260
1162,149980,756.1248071364564,5900
1163,126700,11415.861693447352,14100
1164,106080,711.366930174178,3110
1165,071090,78318.28691203354,28650
1166,106190,10504.240361743385,17900
1167,019490,4931.221076403046,9680
1168,066130,9771.748671875,11950
1169,004590,886.3622666666666,6620
1170,039340,4056.655130434783,6920
1171,256840,399.7374030554009,7300
1172,006200,104.34426872592468,1530
1173,023350,26322.388767123288,7040
1174,017960,9315.68025546057,12300
1175,021650,2007.216387594727,5460
1176,053590,265.12149778743884,1165
1177,007280,12836.745494844605,2045
1178,037230,2259.83192,4880
1179,003350,13678.349955869371,35100
1180,030520,4474.376909728551,17700
1181,052600,2114.129214697718,11200
1182,011500,13318.040713838333,15900
1183,002390,36126.45205268153,27350
1184,256150,15177.218104949015,32950
1185,053690,10620.463333500646,10700
1186,047080,1354.3926198704462,6580
1187,009240,73252.81895143047,116500
1188,020000,48509.12042224929,40600
1189,014680,40501.370627067525,241000
1190,025750,3079.693454051702,2080
1191,226440,483.43108479484937,1680
1192,014130,48763.52308333333,6170
1193,123840,212.10354550015205,1080
1194,002320,161019.20422599197,43000
1195,003480,368.813726277702,3885
1196,180640,704.5036392991922,57400
1197,005110,168.13833776335562,1225
1198,009460,2873.8985584209127,2300
1199,054920,891.3529007483091,8650
1200,002680,2893.625048076923,1720
1201,000880,53373.0306547996,31850
1202,220180,911.0377835051546,3615
1203,214180,4904.234236280045,17250
1204,234340,8325.066688248624,32450
1205,084990,200.82593169824935,25800
1206,170030,12762.574250325944,9700
1207,005440,15480.389261978791,10550
1208,079430,66354.52072194577,18100
1209,010620,69620.2187568826,66900
1210,052260,5550.707666666666,22700
1211,069960,53202.261422216594,90700
1212,041440,11546.280341130783,6200
1213,090850,7813.355537001772,9160
1214,126560,2011.7361529931325,4790
1215,057050,90415.87041666669,80900
1216,138360,114.05725798010975,4480
1217,011080,1723.723900717092,1780
1218,003010,17112.03330011995,7530
1219,008770,71708.47353431264,86900
1220,060560,213.19449879211777,1050
1221,064240,625.762764348527,3255
1222,241590,65.26021335497971,18300
1223,006060,16746.17924801157,7780
1224,013520,9724.527622701,1805
1225,010690,20296.97709734794,4900
1226,126640,6793.629066918254,2210
1227,133820,3338.316988155668,2635
1228,032560,8429.384928571428,8560
1229,004800,14023.587224636674,88900
1230,093370,2561.7973121396167,10500
1231,081660,6.193699384361612,43150
1232,290270,2287.4392464688635,6170
1233,005870,14031.899583558108,8610
1234,115160,26032.981375971813,4655
1235,028080,350.8100890589915,3800
1236,032860,86.55408377837388,10500
1237,200670,8058.288305292225,24400
1238,079980,21259.65104347826,8830
1239,065510,4781.176703845393,8410
1240,215090,704.0703465750474,729
1241,005010,45034.66852662698,10950
1242,263920,1008.7644518376264,4555
1243,243070,40767.849019068526,56100
1244,084110,3833.467657239088,30800
1245,010240,6039.011349464436,9480
1246,189980,1319.1687946983711,5420
1247,037440,14626.378858644028,4755
1248,238490,18777.216104755946,13100
1249,095570,9686.729195995198,4505
1250,000590,2899.50557912553,64300
1251,267250,23082.288912424232,291500
1252,024120,10159.518173913044,9800
1253,044180,207.2558548392548,1120
1254,016380,20985.043020722445,15300
1255,001940,772.6986022153691,17300
1256,011070,392538.76842657616,205500
1257,010120,61819.53506666666,60900
1258,010060,51237.34097641401,121500
1259,096770,41185.57852521183,219000
1260,064960,59998.77221958409,62100
1261,003570,6851.26186907486,7500
1262,077970,24241.47543055506,7980
1263,071970,7984.367609984582,4355
1264,078890,25412.82328858064,11750
1265,000500,185412.2521510826,30050
1266,036620,191.96318090080592,865
1267,000860,39984.60692307692,30350
1268,094480,2070.6285098602752,8320
1269,039240,11900.99056,2795
1270,053950,4132.55801080156,7020
1271,011040,6478.255329566855,9890
1272,009140,6693.502725049768,29600
1273,024910,11695.95380999556,2855
1274,013580,175938.7887478842,31700
1275,012200,11141.359754601226,4325
1276,002140,7374.1192108478845,4250
1277,049720,9169.076853146851,6770
1278,010130,299530.9733969264,408500
1279,002240,21853.13885,21500
1280,014570,6071.755,11300
1281,009290,14580.357289506805,8570
1282,017900,2495.904347807028,2375
1283,026910,6709.601812843996,4580
1284,007690,144156.17259856785,68900
1285,060480,2271.356176735798,4535
1286,078130,809.7309499455533,5800
1287,002720,6875.599983043958,7570
1288,114090,2982.141038970235,16650
1289,083420,10099.916708333334,13950
1290,014530,17705.351623284816,6090
1291,900070,,1210
1292,204620,213.20868955026785,3240
1293,019660,145.02954564459623,4660
1294,014280,10297.231124475718,6140
1295,053260,9306.823076923078,7000
1296,002990,50759.49954029861,9820
1297,011780,114538.3848418313,265000
1298,001210,4187.540446454836,2630
1299,073240,5946.917695588044,3810
1300,092440,3829.843047945205,5990
1301,000270,84769.20090162962,82900
1302,004540,15848.683777178903,7770
1303,091970,819.72068687148,2175
1304,051490,6282.085633802817,9920
1305,242040,2201.408375781029,2800
1306,036800,20878.123,31000
1307,030190,6290.086440180503,25350
1308,001260,24211.10165007039,13900
1309,003920,1300006.8305555556,303000
1310,025860,20327.47115306208,9000
1311,111710,860.4008160093258,9690
1312,091590,6320.645400340715,10700
1313,035420,25122.02620066388,377000
1314,002350,12374.384783647954,7600
1315,251270,16067.618363617536,129000
1316,054050,6134.848306306934,12550
1317,214870,2191.8152997675484,10700
1318,093640,821.6213753419908,3040
1319,058730,12719.371753246753,5120
1320,020400,42612.06207282939,9660
1321,008830,17402.009008046713,4090
1322,008110,1700.0382347863729,5890
1323,005750,13812.910262808116,6500
1324,006570,8700.332085385879,4070
1325,317850,4611.247870722525,5130
1326,290670,2447.914516595912,32100
1327,078140,5521.6138359723045,10100
1328,001680,75182.41925766332,25150
1329,084690,717.7685529801861,10800
1330,128820,15822.91647277387,4410
1331,117580,26973.916109090907,5390
1332,016710,2245.719324683322,29050
1333,020180,5041.777031696055,1960
1334,045390,1593.510831714886,5180
1335,108380,17570.25359104779,16850
1336,006580,4024.04417132216,3260
1337,014160,2405.1614071478816,2950
1338,009320,1594.0110239236458,2590
1339,042660,65682.58799210699,28300
1340,000430,9718.46258064516,4475
1341,048910,16829.2170107098,22200
1342,005710,26091.66606779255,7570
1343,006340,5267.943018804877,1485
1344,003220,15133.598846015702,16050
1345,024890,2477.57355108779,2670
1346,120240,11293.979162555976,25600
1347,003310,2406.4118658410644,2145
1348,078600,7891.1399006834845,41450
1349,015230,67686.5484423162,8300
1350,010170,1508.97267316797,3320
1351,060900,31.17318726526599,2560
1352,054670,10415.443485578464,11300
1353,001070,31867.612641509437,40950
1354,023910,27679.979666666663,36400
1355,006650,287151.1252307692,325500
1356,001440,1691.0232730988491,1160
1357,084010,31268.977463707768,16700
1358,001790,126109.593300997,30650
1359,001130,184943.84674556213,147500
1360,005880,20470.953152908925,3425
1361,003830,65431.67093373494,133500
1362,067080,4517.15047714197,11800
1363,089230,288.60812605175926,1090
1364,213420,6004.27217612386,45250
1365,077360,2431.2378268266907,12000
1366,024900,37343.858371784656,2785
1367,263600,8288.38264917632,8280
1368,194480,6359.2511671785205,115000
1369,067990,41528.99452498088,7070
1370,005160,5141.892902581317,3600
1371,001230,48344.58046613501,13650
1372,086450,56284.67127755286,28000
1373,005960,49944.26346680051,13450
1374,002210,3367.756345157416,11850
1375,025950,4226.076547619047,42150
1376,000640,8877.883719213978,108000
1377,170900,69467.77258952887,83700
1378,282690,10444.728342610852,11450
1379,041930,7954.287278481012,12100
1380,079960,54513.69796437659,17450
1381,008970,1242.860912397152,1270
1382,228340,2347.56885,7100
1383,092780,20202.001828611697,5620
1384,018500,4413.225872872067,1190
1385,006040,190902.47661476475,257000
1386,030720,21226.35821655613,8810
1387,014820,22711.826577274533,48450
1388,163560,17872.264269662923,9190
1389,109860,8383.517285714286,12300
1390,004890,116291.66156402628,78900
1391,002690,8194.174666666666,3335
1392,023790,2984.361106780929,5420
1393,025900,18858.802749645987,49150
1394,000020,9574.823988855582,14250
1395,241560,2034.0143278598448,42100
1396,034020,13634.488012042058,13000
1397,336260,8322.36390110118,51300
1398,024090,14134.734615384616,17600
1399,001530,112512.21349456105,171500
1400,110990,1511.9151322751322,9230
1401,155660,10248.108625,5680
1402,069730,12236.567152777778,5510
1403,180400,347.79040915242865,7740
1404,000210,24708.94672413793,87500
1405,001880,114272.9989381918,34900
1406,013570,1641.8347474677932,5710
1407,310870,,2100
1408,210540,15576.43219690287,18850
1409,104460,19407.870632022303,28550
1410,113810,1519.98101265687,900
1411,105740,8425.052828952537,13050
1412,042510,895.3203201598309,3940
1413,300120,1456.3580461590775,25550
1414,171010,3495.997417800412,6290
1415,900260,,313
1416,071280,11753.691849098785,6100
1417,032350,203.04537833214783,18700
1418,023530,307828.45547638985,126000
1419,004000,48852.91507751938,58700
1420,286940,54290.65002564572,38100
1421,280360,238624.33780389567,133000
1422,004990,2769.0366483172497,34000
1423,005300,270466.48297483195,136500
1424,011170,267576.7614102689,301000
1425,071840,171627.35151970678,41900
1426,058470,13208.933978114952,156500
1427,182690,554.622308552584,1440
1428,267980,186194.44064093728,72300
1429,005990,1019.8342302372072,9350
1430,072870,3360.130925708242,12150
1431,215200,34849.433254270894,59100
1432,133750,3301.1793223878503,4095
1433,014100,5648.816355932204,6200
1434,078160,3113.541998952224,34550
1435,017180,4891.081342760256,5200
1436,257370,2741.766562009419,9210
1437,087260,1307.7059,4660
1438,118990,6652.970924223931,5930
1439,001810,5628.181411631847,3725
1440,009200,9732.80251462954,2910
1441,009580,7773.368721596559,4955
1442,008420,7446.4374261864,4010
1443,279600,2561.3454639768484,11650
1444,095500,11028.201069358927,4330
1445,025560,46.75552146395288,3235
1446,207760,1177.908231220358,10300
1447,002840,55489.42197327044,188500
1448,268280,70614.5136640071,169000
1449,107590,10169.215369928646,112000
1450,134380,72858.03776529281,88000
1451,003650,159557.79882644545,74400
1452,206640,5423.056447221988,16950
1453,032980,282.3042834774477,1445
1454,222160,2858.620913532409,3500
1455,001340,3807.329943824589,4555
1456,002410,6005.608893946201,4170
1457,019010,703.4119087136929,1925
1458,006910,1781.5081260395582,2535
1459,000890,616.4206786643039,1130
1460,003000,2562.454523180844,23600
1461,026940,6946.49915,4170
1462,011390,21848.960227272728,129500
1463,005030,3602.2002328244776,680
1464,288330,997.3081887879582,13300
1465,126340,10977.409305715562,43350
1466,148140,24808.07991667456,7170
1467,083650,9046.78773076923,4170
1468,030790,1310.8748090910822,12650
1469,148780,3147.9941926620195,6800
1470,072950,3607.237833333333,6860
1471,008040,2776.6792849319067,1345
1472,007160,76405.7508,49850
1473,014710,12455.000635071156,5820
1474,100090,13231.903011188146,21400
1475,014970,2567.4693553719007,8010
1476,018310,7922.074557823129,13850
1477,053700,15106.820290540589,7010
1478,009620,6357.269875869226,1225
1479,001470,2736.0367814292267,3180
1480,006400,132355.99729977068,660000
1481,006660,6735.830783796934,9800
1482,028260,100631.65492560936,124500
1483,207940,17604.124144184992,748000
1484,018260,58794.99122487329,193500
1485,028050,25616.25575510204,14000
1486,009150,74943.39567826447,187500
1487,005930,27858.83566228053,81400
1488,001360,784.2306592071355,5830
1489,010140,10834.178273015874,7770
1490,006110,14146.08109090909,9290
1491,009300,8422.732967032967,14750
1492,003230,84531.50591097986,89000
1493,002170,66078.436,70000
1494,002810,12354.763582425448,15000
1495,054540,4819.480538461538,5420
1496,065570,4010.2572727272727,8310
1497,005680,8705.1512,11000
1498,003720,2854.793382352941,2745
1499,004380,12564.592571428571,12950
1500,000520,18873.85107692308,20050
1501,009770,58533.08578379509,29650
1502,037460,4666.932029751224,13500
1503,005500,16918.337338129495,24300
1504,000250,5358.104856853715,51000
1505,024950,7875.73545548423,13200
1506,017480,14323.473768204452,5170
1507,010960,14229.3138,5180
1508,004450,49456.20246019851,38300
1509,009470,22912.72063648542,23800
1510,011230,3072.272263944907,3875
1511,001820,18173.84531024531,68300
1512,000390,18180.133736272182,12750
1513,041650,12871.260022029252,4185
1514,091580,7763.134610601616,13100
1515,263810,5677.335697344096,4850
1516,075180,5560.791666666667,5920
1517,007540,6356.164545517769,53700
1518,248170,67646.30585738283,47700
1519,100660,2524.1052380952383,6130
1520,017390,254393.653,88800
1521,092190,6599.544580419878,15700
1522,046890,17032.56912738786,18500
1523,004410,182.46742242375743,401
1524,027040,482.4150053815376,879
1525,065710,11388.358252427184,21350
1526,007610,4425.940611111111,3450
1527,067370,711.6225194054134,27950
1528,014910,973.245351982621,2135
1529,003080,2585.196303696304,5550
1530,004980,20231.44061448993,10700
1531,081580,1415.4648947975268,3150
1532,045300,3968.3534866463215,5330
1533,000180,92.76317675866932,2380
1534,043260,2047.9012849105216,1860
1535,002420,5481.45204027557,61600
1536,017510,938.7060212514758,4400
1537,004360,29896.465891782405,13200
1538,004490,76929.72828571429,77900
1539,091090,1802.4338329628515,1865
1540,033530,14723.025277715064,9040
1541,036630,422.2396910975019,893
1542,027970,6410.610094774897,1940
1543,060230,297.2897845066183,1625
1544,258790,758.495499660266,3325
1545,336370,4120.617103280124,47150
1546,036830,1286.0303762368112,42400
1547,328380,,2090
1548,004430,25769.83333333333,20350
1549,253450,17746.433934348104,99900
1550,033170,2348.1939264433727,1260
1551,016590,46910.13111875531,81400
1552,004970,19810.883125,10350
1553,001000,172.137415899634,2640
1554,025870,14690.88075,17550
1555,215600,23.314479602469383,12100
1556,065350,5388.371252616267,8590
1557,034300,239189.01875,46800
1558,006880,138.98214011868262,5090
1559,002800,4413.729343133055,7800
1560,017000,12297.057804870805,8460
1561,002700,2427.129230870701,2205
1562,012790,5635.483214089158,13650
1563,019170,3535.475707365425,85100
1564,002870,686.2020040790991,4010
1565,056700,8269.664062487396,3435
1566,243840,21528.24801312065,46200
1567,003410,1970.0801351217692,7680
1568,003620,19552.784963257007,2770
1569,010280,2333.2152943525107,1395
1570,004770,471.8317687536443,3450
1571,013720,2043.109533204928,13750
1572,222080,2095.75757373492,14400
1573,264660,14179.214988317146,13200
1574,056730,19.429112829106955,1550
1575,297090,10922.702348489653,32450
1576,112610,39596.681595178445,75800
1577,001040,5660.7298667258365,94000
1578,000120,304051.1703225236,183000
1579,311690,1389.7486308029308,33000
1580,079160,15394.118266668993,28050
1581,011150,4148.245683442436,4775
1582,097950,397286.70988919627,411000
1583,051500,162259.28810185936,24450
1584,101240,3646.774313821884,8090
1585,008700,3432.4499169009405,3115
1586,092040,1769.280694912951,37950
1587,036010,5580.035378194159,6710
1588,002030,9284.864519968743,121000
1589,183190,90573.98681506205,116500
1590,002310,47789.97727014408,48850
1591,267850,17644.60135135135,21600
1592,020560,15946.734072435696,15150
1593,214430,9361.858146328284,20750
1594,010780,30166.57296571225,56700
1595,185490,292.76301501798963,17100
1596,175250,7581.496229719521,43300
1597,052460,5513.769227904613,7390
1598,119830,3687.3085686263553,8550
1599,013310,7199.111426092774,3715
1600,001540,10111.940345426692,13250
1601,260660,12716.69369279872,11600
1602,131370,684.4504137761777,8110
1603,140670,10244.404787798496,8500
1604,327260,2911.6928721351337,26000
1605,218410,2284.67591315192,38150
1606,293780,31.34096379685111,55000
1607,018250,22101.950610631942,24800
1608,161000,22412.60945692884,11600
1609,196300,1697.7162832562326,14050
1610,900100,282.49463032824946,717
1611,174900,386.1732162764772,30050
1612,102120,7896.872406341638,13100
1613,270660,43765.51122505296,40300
1614,038680,12628.845586202113,7530
1615,099220,1700.231140446922,3030
1616,097780,406.30683579548935,1465
1617,151910,268.50233022500527,7170
1618,950110,1196.8761634844143,9230
1619,036120,1332.425352112676,4670
1620,080000,2962.959187270761,4180
1621,091340,1504.4470045039525,5120
1622,005850,36084.58113750233,22300
1623,109610,8986.706804064863,3810
1624,005090,14417.95247133642,39600
1625,016250,405533.89964285714,54200
1626,049470,783.2186629699542,1020
1627,184230,514.8217638477968,1435
1628,255220,3091.670384665022,1900
1629,034730,49374.20886668514,282000
1630,018670,397272.7367894724,106500
1631,001740,32487.326011032288,5630
1632,006120,1103.5793160521498,60800
1633,210980,28850.862530729068,38650
1634,068400,24144.61934162707,10700
1635,011790,14833.399943065797,128500
1636,285130,78451.79687321678,250500
1637,017670,145476.82910365358,275000
1638,000660,41929.79098357737,132500
1639,069510,18144.36342804766,10850
1640,234300,7106.736497561483,8890
1641,237690,5845.278087478559,85300
1642,288620,8173.6459136301,33750
1643,010950,148650.63925577543,81200
1644,023960,2896.863788813398,4575
1645,298690,3647.356788937968,3740
1646,298380,177.48428244566952,21850
1647,203400,160.67546588856325,9700
1648,312610,1117.2816870982354,8910
1649,012630,884.4525084906744,11250
1650,039570,15808.783596597812,10150
1651,294870,55525.11189574817,29350
1652,089470,17846.83830721003,6290
1653,082740,25184.257772646863,9360
1654,014790,37095.07836693364,5250
1655,204320,64096.04277264023,65800
1656,028300,1127.0786669609292,39200
1657,003580,461.43611307701866,7700
1658,067630,314.93467887381496,11850
1659,047920,2929.671738333449,17100
1660,115450,1710.7203669622104,11750
1661,060980,54201.19632508186,40800
1662,011200,19661.667485831207,29000
1663,006840,3435.729188187924,26700
1664,071670,19007.4247,15700
1665,003060,131.72001256253003,1170
1666,265520,40284.734348432525,28650
1667,054620,222.3860867252542,9700
1668,211270,3022.3026554325984,15700
1669,089970,4003.962023009224,23750
1670,038870,1401.387426433947,8410
1671,128540,4525.622990905844,4195
1672,038110,33140.34956837663,3340
1673,083500,12368.654026053924,12200
1674,070300,1373.632684113681,4810
1675,067570,12284.895656007233,5200
1676,101400,76.41926141654496,890
1677,181710,14844.087140190211,72500
1678,060250,27083.6847377954,50100
1679,004250,8839.179956427015,4175
1680,900140,,4000
1681,061970,5347.179779590044,13750
1682,079550,72701.56254545455,40150
1683,229640,1098.8174026744723,7820
1684,034220,63717.92238294742,22750
1685,066570,173759.25962567393,150000
1686,037950,428.2433329983324,1365
1687,170920,7931.547486463661,13150
1688,323230,14172.907424593968,2100
1689,033160,21851.49201274835,11250
1690,014440,4322.84875,4180
1691,007530,8439.964005209084,3615
1692,003520,1139.8136976805272,6140
1693,036560,5767.683301587302,8230
1694,006740,4421.404729729729,7030
1695,012280,3947.053889192244,1905
1696,265560,6115.377290185947,21150
1697,053280,35638.71802325582,15450
1698,900300,,609
1699,039830,9560.41184105756,10050
1700,053980,3590.756294187667,6550
1701,052420,1283.715298132168,4355
1702,241790,6818.026731758855,16600
1703,048260,30049.022600685705,85000
1704,244460,16.89623540007293,9270
1705,226950,378.85498844649936,39150
1706,057540,2109.920065665307,2140
1707,109080,3621.5227111426543,9360
1708,051390,1466.4593873135595,4710
1709,232140,2140.954530197932,6590
1710,155650,7289.933073193141,9400
1711,251370,9480.078188300113,20450
1712,079000,2543.1359722222223,7920
1713,082850,691.3054752942693,4230
1714,215360,30029.06923584259,25400
1715,072470,141.94650268664074,5320
1716,073560,1112.5813164957103,2385
1717,037400,1037.3951394808707,2805
1718,153490,2292.126533066132,1330
1719,101170,4452.563555555556,4535
1720,066590,7433.924496674394,6250
1721,046940,9239.769894906318,7160
1722,018620,978.5367304279472,2740
1723,336570,,2090
1724,008290,714.6861801313172,2000
1725,010600,377.4257845353834,2825
1726,053580,10767.971754916536,71500
1727,038620,705.668226220174,1505
1728,320000,3304.75683622464,2765
1729,900340,,1325
1730,064510,768.0188499003535,1430
1731,036200,6875.483523583819,12900
1732,018000,838.8011184457503,4285
1733,047400,2228.093666666666,4080
1734,077500,14646.80899026975,11450
1735,089850,11554.63519596183,12050
1736,002920,9292.780383466616,3135
1737,049520,2295.290837668745,4250
1738,072130,2022.7842103803323,4100
1739,023410,9690.154086108185,5720
1740,008730,20102.77741935484,20350
1741,008250,14100.977253418929,9570
1742,025820,6068.3106572573415,2805
1743,056090,2283.723126162444,4620
1744,053350,2115.3153295178454,5070
1745,900110,,197
1746,095190,1785.7940878829168,5360
1747,102460,7753.974537865235,17000
1748,245620,1332.6688679438275,4950
1749,088290,1917.0397632172849,7800
1750,099750,12018.834325086123,18050
1751,096040,118.27578684578128,692
1752,001840,7736.787833438353,7400
1753,000760,14915.509285714286,23450
1754,024810,74.1960173653335,234
1755,079950,6088.373103448276,2525
1756,060150,3417.061066103497,13400
1757,023800,20556.883490693483,14500
1758,034590,115307.03875006456,25800
1759,211050,66978.5086304153,9820
1760,216050,4490.789803416428,60300
1761,049070,14698.849127906977,30750
1762,129260,14064.47327967034,4290
1763,039290,9094.683929496949,11650
1764,101930,6270.435145560216,9230
1765,249420,23566.662752641078,15900
1766,000230,1466.3232643582544,14350
1767,013360,6306.485178680638,1440
1768,003120,15263.433082706766,82100
1769,003200,122403.17416666666,94500
1770,007570,11239.391723547056,33050
1771,008500,25654.483333333334,15950
1772,081000,3523.920446244537,40400
1773,020760,2390.491035669432,4490
1774,020150,6327.984669980494,67900
1775,103590,18975.949767518625,3830
1776,015860,137.06707189098177,5030
1777,950140,5596.854840877224,6580
1778,234920,1333.2915524528653,3920
1779,317400,13300.182544435698,10950
1780,033240,13914.56245810056,16700
1781,049630,1217.15885517776,962
1782,000950,62361.87797619047,39050
1783,110020,806.2247806889511,12000
1784,217190,4782.85126968629,5250
1785,147830,2656.6079,6920
1786,033100,2751.503526027758,6350
1787,234080,11274.74919723031,19000
1788,067290,2159.817684744866,5620
1789,001060,25938.50254879839,29650
1790,096760,1337.6262816457947,4555
1791,023440,1272.211074903281,3835
1792,137950,10567.092785109386,6180
1793,033320,9964.325908297982,8070
1794,126880,7426.101724670206,7550
1795,033050,392.2922998260677,1275
1796,094970,1711.5406156109536,3535
1797,025620,851.3046568475535,1730
1798,271980,47074.52312403672,39900
1799,001560,6362.7427,7820
1800,002620,1066.19467231524,17900
1801,044060,3484.8776854060065,9270
1802,004910,15351.768515625,7050
1803,004700,14635.945742139807,54500
1804,000480,110331.19,82100
1805,120030,47324.21156584776,135500
1806,034940,2228.288663449021,4225
1807,018470,4745.360192788725,601
1808,036930,2456.5274143751817,11200
1809,239340,889.0176199252797,5460
1810,078650,938.7177584393085,1150
1811,263860,2802.2780213031783,7330
1812,036180,2982.521361375896,1205
1813,006360,111001.6956644654,43000
1814,130500,4430.686454545455,5980
1815,270520,1033.5171754526957,3790
1816,204840,64.47881061105032,1265
1817,013870,21005.386508587333,7300
1818,003780,3577.803615384616,7900
1819,007370,4067.464916666667,6040
1820,010640,3546.135,3980
1821,051630,3607.3558333333335,6440
1822,011000,1086.1248359691317,11700
1823,002780,2593.268211637937,3455
1824,900250,,1810
1825,009310,2004.5469429788752,1560
1826,094850,903.1015714285714,10700
1827,042000,18282.94963722869,32600
1828,223310,62.66989920357157,3320
1829,109070,4687.5778267526,4100
1830,900310,,1995
1831,221980,11655.116486566869,15350
1832,900280,,442
1833,001620,4806.685032535018,937
1834,024840,14371.949395657435,2290
1835,009440,639.2655576247449,4710
1836,119650,23321.96269230769,9650
1837,000040,426.89126741321314,1315
1838,226360,1695.777378221775,2215
1839,111870,261.88149605758025,1245
1840,225430,1072.056548238303,2595
1841,151860,4274.081388888889,6380
1842,001390,11022.439314076626,27000
1843,114450,1637.3816,8360
1844,025000,118550.3165289256,63600
1845,092230,18434.572269487195,60200
1846,274090,1147.9477086809163,14150
1847,052400,8629.199997069243,42200
1848,078940,886.6093310844317,2265
1849,123410,7272.566953619302,3300
1850,192820,76162.94408015357,122000
1851,044820,7489.638138422838,16400
1852,222040,9519.452685669963,8390
1853,005070,6983.484765521293,18500
1854,005420,4319.83907057705,11000
1855,166480,117.93587250850013,16400
1856,003070,150845.6388183339,21300
1857,102940,11341.355895312065,19750
1858,120110,108108.52831330035,59800
1859,950160,58.180375358632666,8010
1860,138490,7727.509263157895,6330
1861,021240,35129.54381241453,65500
1862,033290,2453.7173682887938,6210
1863,056360,8234.561795688389,9250
1864,200130,18153.70044461131,55000
1865,192400,3729.04519224564,127500
1866,284740,25084.89789114837,42800
1867,060280,1177.602724061241,8630
1868,043590,1021.0167811158798,1865
1869,114120,699.6524839202692,1250
1870,083790,264.2710853042516,14200
1871,139670,2004.12141847959,52000
1872,015890,3568.841705512552,7950
1873,006890,3926.749224137931,13800
1874,003240,1343296.0705945753,920000
1875,011280,7309.462666550292,5110
1876,004100,7398.007738419618,1615
1877,001420,2149.854342105263,4310
1878,007980,10944.031306300629,1905
1879,191420,1061.7848891008423,26400
1880,073640,290.252993087224,2000
1881,078000,3751.731011946564,11500
1882,002900,3073.571681226584,1690
1883,032540,3520.581219297785,3900
1884,022220,1139.4956796540423,2135
1885,069260,14518.881180533926,21800
1886,084730,17259.50724374674,15900
1887,058530,83.35770727366031,1620
1888,005690,629.6315729344826,15050
1889,004720,7402.334684608412,8940
1890,225590,2180.9186441285005,1600
1891,028670,3933.8124464771126,6170
1892,010820,2824.246805933689,2655
1893,251970,11592.584838709678,18750
1894,001020,7348.283782077604,2285
1895,090080,6166.650993358943,1100
1896,010770,1130.3968707732115,3630
1897,058430,145035.27,28950
1898,005490,304058.7543520762,320000
1899,023900,4152.6987301587305,19950
1900,241820,5633.907425273892,48300
1901,178920,8914.591994189806,45700
1902,237750,3023.34344118462,7280
1903,319660,16848.742771767327,37600
1904,031980,1531.2421927156051,8170
1905,002230,2681.110299974432,5420
1906,043370,26708.937523809524,10400
1907,067310,10621.679793929405,11750
1908,166090,10224.617191013056,38850
1909,293480,10944.784197530864,24550
1910,013030,9557.656036421036,16600
1911,221840,1642.1942672670302,5360
1912,000080,29219.777005350545,36850
1913,000140,1543.166443060892,16950
1914,036460,216699.56821899407,33700
1915,005430,88805.40400555212,40900
1916,034950,11678.29126834539,88600
1917,010040,8909.116626789655,4040
1918,025540,73230.87758041287,72100
1919,222980,3794.177788944724,11000
1920,004090,364824.9191086691,268500
1921,025550,6233.885922558342,3485
1922,002200,65121.88125,24450
1923,002960,154103.80538461538,252000
1924,017890,13715.074082096626,12900
1925,000240,689.5793130808303,18500
1926,033270,13304.08582597813,49400
1927,080720,8533.467158378571,12800
1928,015760,90331.23826958312,23150
1929,052690,11295.725431711146,22450
1930,063570,6492.425938264472,6530
1931,041460,1514.4093812416268,7060
1932,101680,2042.816396953832,1440
1933,039740,21189.26052177262,3380
1934,053300,1467.1962457885447,6810
1935,025770,13094.23858191818,9230
1936,009540,2435.717977996052,133500
1937,025890,2996.292241604865,1855
1938,071320,181272.36425643403,38350
1939,104700,13754.22723127036,10700
1940,054040,2256.249249437973,4635
1941,161890,26624.528236743037,57400
1942,024720,1964.1445331910436,28750
1943,161390,23106.99057612634,49050
1944,010100,18457.94596593413,3050
1945,047810,28848.061956987643,36750
1946,123690,1090.7958053273587,11900
1947,092460,4540.295435206434,7670
1948,042700,4965.690980540548,24400
1949,008930,538.5939729665969,58000
1950,128940,73663.98672164022,316500
1951,003680,42861.3154167435,7990
1952,105630,41433.2001,20050
1953,069640,12736.861316186862,3810
1954,016450,494.529525,8240
1955,009180,12473.326667255027,3415
1956,114810,10906.837094052222,7760
1957,070590,3788.952298858152,3510
1958,213500,62303.26081183917,14350
1959,004710,20993.20336875774,10550
1960,010420,11946.70275896974,1995
1961,004150,557.8854501786518,3880
1962,004960,129666.21472059345,20150
1963,011700,1541.6258772881874,2340
1964,078350,15963.7091,5440
1965,045100,34805.32,18000
1966,018880,5020.765620082428,17650
1967,009420,1696.0411164963184,22900
1968,024740,4233.7508055848175,2045
1969,005860,2713.2030925533995,1940
1970,300720,202969.5042424915,168000
1971,002220,6662.61478976433,2335
1972,006390,19871.70448877583,44000
1973,003300,2989.662609294476,12750
1974,007770,23891.56467236467,15350
1975,130660,9876.14782208589,4710
1976,051600,28870.807,31500
1977,079170,10824.168461538462,7440
1978,009830,35405.884383068566,50100
1979,272210,14804.156773863877,22100
1980,012450,20557.12666795966,40900
1981,195870,26985.068705882357,33300
1982,034810,16695.993967280163,16150
1983,076610,1929.584688809029,1210
1984,101530,18840.281298556554,8270
1985,143210,22623.87352156137,6710
1986,900270,,596
1987,000720,83696.72643351693,44050
1988,267270,86583.54813433145,53800
1989,086280,344265.5378666667,187500
1990,042670,13029.984558271282,11350
1991,064350,31499.48923529412,20350
1992,012330,241487.10636004992,292000
1993,319400,,4555
1994,048410,344.2090248833406,43050
1995,004560,45095.12427737174,17500
1996,004310,4155.17225,7760
1997,322000,37418.75232142857,35900
1998,039010,12021.232811594204,11300
1999,017800,54863.28624811181,45800
2000,307950,56940.37566666667,118000
2001,011210,205385.73094261196,77100
2002,267260,43449.21423020165,20950
2003,005380,237101.286397867,218000
2004,004020,116661.81104933364,48050
2005,011760,157310.09778088477,19550
2006,227840,14177.367112208152,14550
2007,092300,9993.619811943478,4395
2008,111110,32357.85175,10150
2009,039610,5660.584991931146,7800
2010,002460,33673.281957785846,12200
2011,061250,7148.092634834755,5120
2012,010660,6218.637954545455,2565
2013,000850,61017.24545454545,34650
2014,016580,9211.067861572565,18000
2015,094280,41632.59720371684,20200
2016,298040,268613.4429250619,78400
2017,298050,161281.72648432528,380500
2018,298020,726319.5599861542,573000
2019,298000,515108.6693754416,309000
2020,192410,596.9495166927213,4510
2021,090710,239.85554866164543,1085
2022,205470,1539.101901492549,6760
2023,145020,42537.3368690195,178500
2024,024060,7656.249,7250
2025,003280,736.6741043536783,258
