,종목코드,수익률
0,060310,28.07486631016043
1,095570,58.07017543859649
2,006840,49.57983193277311
3,054620,53.96825396825397
4,265520,20.3781512605042
5,211270,173.5191637630662
6,027410,91.00817438692098
7,282330,23.92156862745098
8,138930,55.91274397244547
9,001460,84.75935828877004
10,001465,59.305993690851736
11,001040,51.12540192926045
12,079160,58.47457627118644
13,035760,45.05606523955148
14,00104K,79.35174069627851
15,000120,42.96875
16,011150,19.674185463659146
17,011155,1.1065006915629323
18,001045,76.21283255086072
19,097950,92.05607476635514
20,097955,104.21753607103219
21,051500,55.73248407643312
22,058820,21.974965229485395
23,023460,102.97397769516729
24,056000,-20.994475138121548
25,065770,50.136986301369866
26,083660,-54.196642685851316
27,000590,50.05834305717619
28,012030,56.65467625899281
31,016610,110.43478260869566
32,005830,46.21329211746523
33,000990,169.377990430622
34,000995,177.62803234501348
35,139130,91.81818181818183
36,001530,226.04562737642584
37,000210,28.487518355359764
38,000215,44.481054365733115
41,068790,166.2480376766091
42,004840,93.14285714285714
43,241520,196.7088607594937
44,155660,74.50076804915514
45,069730,80.06535947712419
46,017940,54.87364620938629
47,245620,-70.88235294117648
48,037370,79.78395061728395
49,079190,0.0
51,007700,41.352549889135254
52,130500,73.08248914616497
53,114090,31.10236220472441
54,900290,-25.11811023622047
55,078930,10.451977401129943
56,083450,96.3963963963964
57,006360,124.54308093994777
58,001250,98.4126984126984
59,007070,31.77892918825561
60,078935,19.62962962962963
61,028150,46.43902439024391
62,045890,-86.74033149171271
63,078150,48.24355971896955
64,012630,45.91439688715953
65,039570,45.0
66,089470,112.5
67,294870,86.94267515923568
68,011200,820.6349206349206
69,036640,219.34604904632153
70,082740,258.62068965517244
71,335870,7.94044665012407
75,003560,63.52459016393443
76,095340,134.88120950323975
77,099520,-15.737704918032788
78,175330,48.52607709750567
79,950170,25.0
80,234080,36.200716845878134
81,067290,45.784695201037614
82,001060,2.2413793103448274
83,001067,78.67036011080333
84,001065,36.75564681724846
85,096760,-2.5668449197860963
86,035900,105.18731988472622
87,024840,131.5470171890799
88,105560,77.84810126582279
89,024120,115.62156215621562
90,002380,85.546875
91,021320,90.61522419186653
92,036670,25.526315789473685
93,009070,240.21164021164023
94,009440,45.14637904468413
95,112190,-10.961538461538462
96,119650,165.84022038567494
97,044180,126.26262626262626
98,092220,258.7962962962963
99,151860,76.0
100,016380,124.01171303074669
101,016385,82.43243243243244
102,046440,115.46840958605664
103,035600,8.264462809917356
104,001390,166.00985221674878
105,060720,34.44108761329305
106,001940,82.48945147679325
107,122450,130.15075376884423
108,052900,164.9402390438247
109,058400,140.96385542168676
110,114450,66.53386454183267
111,025000,46.71280276816609
112,092230,51.44654088050314
113,000040,119.16666666666667
114,044450,64.66165413533834
115,030200,45.99483204134367
116,033780,14.647887323943662
117,030210,148.8372093023256
118,036030,152.22222222222223
119,058850,88.10289389067523
120,058860,97.05882352941177
121,060370,113.19444444444444
122,093050,54.24528301886793
123,003550,62.88288288288288
124,034220,114.62264150943395
125,001120,258.830146231721
126,051900,46.591970121381884
127,051905,11.021069692058347
128,003555,88.51174934725849
129,032640,16.113744075829384
130,011070,89.40092165898618
131,066570,211.85031185031184
132,066575,305.1724137931035
133,108670,138.7640449438202
134,108675,151.1326860841424
135,037560,60.78431372549019
136,051910,175.68493150684932
137,051915,174.28571428571428
138,079550,106.95876288659794
139,006260,128.7145242070117
140,010120,75.75757575757575
141,000680,89.26174496644296
142,229640,20.679012345679013
143,023150,8.198757763975156
144,065150,-31.93916349809886
145,219550,55.956112852664575
146,035420,131.2883435582822
147,160550,407.6923076923077
148,053290,305.4054054054054
149,181710,5.994152046783626
150,104200,66.66666666666666
151,060250,70.11884550084889
152,005940,38.525564803805
153,005945,34.55571227080395
154,338100,-7.2784810126582276
155,034310,-4.201680672268908
156,030190,98.046875
157,008260,153.33333333333334
158,004250,45.47038327526132
159,004255,29.608938547486037
160,010060,263.2286995515695
161,078590,66.59528907922912
162,178920,79.56777996070727
163,024940,214.97005988023955
164,005490,106.4516129032258
165,218410,-2.554278416347382
166,091340,-3.3962264150943398
167,010950,47.63636363636364
168,010955,45.800316957210775
169,019550,250.0
170,950110,29.271708683473392
171,034120,37.160120845921455
172,101060,14.40677966101695
173,046140,27.468581687612208
174,036120,147.0899470899471
175,099220,25.206611570247933
176,036540,67.77777777777779
177,255220,46.15384615384615
178,040610,165.4377880184332
179,049470,108.16326530612245
180,184230,134.86088379705402
181,224880,-1.0033444816053512
182,005090,51.434034416826
183,016250,-41.72043010752688
184,004060,42.88461538461538
185,001380,242.24598930481284
186,002360,33.52272727272727
187,009160,48.62385321100918
188,123700,91.35514018691589
189,025530,55.483870967741936
190,034730,75.15527950310559
191,307070,2.25
192,337450,5.012531328320802
193,340350,3.2663316582914574
194,011790,241.75531914893617
195,018670,66.14664586583463
196,001740,23.736263736263734
197,001745,55.49215406562055
198,006120,200.990099009901
199,006125,220.14652014652017
200,210980,53.98406374501992
201,068400,51.98863636363637
202,036490,142.77907884465262
205,03473K,95.48872180451127
206,096770,165.45454545454547
207,096775,154.83870967741936
208,001510,76.75350701402806
209,001515,147.61904761904762
210,285130,207.36196319018404
211,28513K,301.38408304498273
212,017670,57.14285714285714
213,000660,69.00510204081633
214,048550,78.43137254901961
215,063440,171.65991902834008
216,950180,91.24087591240875
217,064960,121.78571428571428
218,100840,37.7431906614786
219,003570,35.37906137184115
220,036530,48.99598393574297
221,005610,17.504051863857377
222,011810,21.485943775100402
223,077970,85.5813953488372
224,071970,156.1764705882353
225,289080,5.035128805620609
226,084870,50.390625
227,002710,217.6056338028169
228,089230,110.83172147001935
229,161570,13.084112149532709
230,032540,43.646408839779006
231,048770,80.5439330543933
232,246690,210.15873015873018
233,317240,-26.065162907268167
234,038340,-85.828025477707
235,073570,-80.94936708860759
236,024070,88.5204081632653
237,052300,42.05607476635514
238,057030,8.74811463046757
239,037270,477.6850886339937
240,040300,169.62457337883959
241,051390,51.446945337620576
242,052220,170.17543859649123
243,079940,62.65690376569037
244,078890,132.67326732673268
245,000500,116.18705035971225
246,192410,1005.3921568627452
247,000860,112.98245614035088
248,217730,-20.070011668611436
249,114190,-3.6608863198458574
250,035250,37.12737127371274
251,094480,225.63600782778863
252,011420,75.49019607843137
253,063080,154.00516795865633
254,044480,-47.735849056603776
255,039240,121.82539682539681
256,053950,4.154302670623145
257,223310,1395.4954954954956
258,002100,39.91769547325103
259,009450,67.43421052631578
260,267290,28.431372549019606
261,012320,77.68052516411379
262,011040,36.60220994475138
263,000050,65.0
264,214390,82.98192771084338
265,012610,32.27722772277228
266,009140,83.85093167701864
267,024910,302.11267605633805
268,013580,153.6
269,012200,98.39449541284404
270,012205,22.359154929577464
271,002140,115.18987341772151
272,198440,80.18433179723502
273,049720,44.04255319148936
274,010130,18.234442836468887
275,002240,58.08823529411765
276,014570,33.72781065088758
278,098460,50.523560209424076
279,038530,-44.66230936819172
280,900280,76.8
281,215000,142.20430107526883
282,121440,227.0642201834862
283,183410,-32.096069868995635
284,076340,30.663856691253947
285,009290,52.76292335115864
286,014200,2.4096385542168677
287,017040,67.59581881533101
288,017900,68.43971631205675
289,037710,26.96629213483146
290,026910,82.83433133732535
291,090150,100.93676814988291
293,331520,4.738154613466334
294,030610,37.45644599303136
296,329050,0.0
297,053270,329.0748898678414
298,007690,79.19375812743823
299,005320,123.9010989010989
300,001140,44.336569579288025
301,066620,71.25984251968504
302,043650,123.36578581363004
303,006050,-1.7241379310344827
304,060480,17.335058214747736
305,078130,16.0
306,307750,247.00000000000003
307,002720,32.11169284467714
308,243870,16.071428571428573
309,204020,72.6027397260274
310,083420,386.06271777003485
311,186230,63.38582677165354
312,014530,128.08988764044943
313,900070,188.0952380952381
314,204620,18.46435100548446
315,019660,158.88888888888889
316,014280,141.73228346456693
317,014285,73.18840579710145
318,053260,152.7075812274368
319,008870,48.30230010952902
320,001570,106.73076923076923
321,002990,53.677621283255085
322,002995,33.54430379746836
323,011780,330.89430894308947
324,011785,405.446623093682
325,214330,-29.67032967032967
326,001210,13.852813852813853
327,073240,24.509803921568626
328,036190,21.881390593047033
329,049080,143.97590361445782
330,035460,45.024875621890544
331,092440,112.41134751773049
332,000270,224.4618395303327
333,024110,27.932960893854748
334,013700,119.5
335,308100,48.333333333333336
336,004540,136.890243902439
337,004545,129.97118155619597
338,187790,27.310924369747898
339,286750,163.6986301369863
340,151910,128.343949044586
341,121600,180.59701492537314
343,039860,31.42329020332717
344,091970,16.31016042780749
345,244880,-15.689655172413794
346,288490,-42.086330935251794
347,051490,263.3699633699634
348,190510,-5.777777777777778
349,242040,-8.346972176759412
350,089600,78.35497835497836
351,293580,235.9621451104101
353,138610,287.81014023732473
354,130580,40.66852367688023
355,036800,35.07625272331155
356,267320,232.1033210332103
357,001260,60.32295271049596
358,008350,-20.525783619817997
359,008355,3.6111111111111107
360,004270,86.3849765258216
361,003920,1.3377926421404682
362,003925,96.79633867276888
363,025860,34.93253373313343
364,111710,-24.88372093023256
365,091590,-25.694444444444443
366,168330,0.0
367,094860,115.68627450980394
368,253590,198.72881355932205
369,212560,192.967409948542
370,095660,40.54054054054054
371,042420,170.8955223880597
373,311390,39.750445632798574
374,085910,32.56578947368421
375,092730,33.93213572854291
376,290660,-14.325842696629213
377,306620,143.7869822485207
378,153460,34.78260869565217
379,007390,13.295454545454547
380,086220,39.0
381,033640,31.07638888888889
383,005720,28.72777017783858
384,005725,26.80851063829787
385,002350,62.56684491978609
386,002355,53.76623376623376
387,089140,142.36111111111111
388,065170,-18.208955223880597
389,003580,28.333333333333332
390,137940,68.9873417721519
392,041140,229.3269230769231
393,217270,470.2127659574468
394,225570,113.70967741935485
395,251270,37.52665245202559
396,317860,88.33333333333333
397,104620,197.4296205630355
398,090350,83.63939899833055
399,090355,24.63054187192118
400,000320,67.1001300390117
401,000325,13.194444444444445
402,194700,87.06697459584296
403,285490,284.15841584158414
404,229500,-8.88888888888889
405,278650,64.24050632911393
406,006280,152.98245614035088
407,144510,204.80480480480477
408,031390,12.096774193548388
409,142280,82.72058823529412
410,234690,52.30582524271845
411,005250,65.95238095238095
412,005257,456.9620253164557
413,065560,4.909090909090909
414,004370,-2.2413793103448274
415,072710,7.052186177715091
416,054050,49.404761904761905
417,040160,53.44827586206896
418,069140,118.39762611275964
419,126870,7.990314769975787
420,060260,72.65353418308227
421,012340,92.07161125319693
422,214870,4.901960784313726
423,270870,63.96648044692738
424,144960,120.7017543859649
425,900100,0.0
426,085670,57.758620689655174
427,119860,44.58874458874459
428,064260,165.625
429,093640,21.8436873747495
430,039560,66.93548387096774
431,058730,3.8539553752535496
432,023590,85.27397260273972
433,032190,106.78513731825525
434,323350,26.756756756756754
435,068240,41.08527131782946
436,086080,22.112211221122113
437,271850,26.598465473145783
439,019680,-11.62551440329218
440,019685,10.0418410041841
441,006370,100.78740157480314
442,008060,-5.616438356164384
443,00806K,53.24165029469549
446,178600,-32.49158249158249
447,000490,153.78787878787878
448,020400,38.59397417503587
449,008830,92.9245283018868
450,048470,21.9672131147541
451,008110,60.49046321525886
452,004780,94.3801652892562
453,005750,126.4808362369338
454,001880,144.05594405594405
455,017650,788.8888888888889
456,006570,7.246376811594203
457,007720,46.96969696969697
458,317850,48.69565217391305
459,290670,56.58536585365853
460,078140,87.03703703703704
461,001680,44.126074498567334
462,001685,63.33333333333333
463,084690,104.15879017013232
464,084695,65.68047337278107
465,036480,78.24074074074075
466,128820,65.1685393258427
467,117580,25.348837209302328
468,025440,85.65400843881856
469,027830,180.86642599277977
470,104040,215.94036697247705
471,016710,220.99447513812157
472,332290,5.527638190954774
473,336570,4.761904761904762
475,020180,110.97954790096878
476,003540,91.40164899882215
477,003547,84.53188602442334
478,003545,84.14154652686763
479,045390,39.06040268456376
480,009190,98.2885085574572
481,108380,73.17574511819116
482,006580,22.78719397363465
483,014160,223.46491228070175
484,047040,139.4927536231884
485,009320,39.62264150943396
486,042660,114.3939393939394
487,003090,191.96428571428572
488,069620,59.30787589498807
489,007680,7.023411371237458
490,000430,71.1281070745698
491,048910,292.92035398230087
492,005710,93.60613810741688
493,006340,87.26355611601512
494,006345,-1.9047619047619049
495,003220,17.582417582417584
496,024890,169.96966632962588
497,290380,20.833333333333336
498,002880,61.940298507462686
499,290120,-8.735332464146023
500,000300,30.81967213114754
501,120240,105.62248995983936
502,003310,126.74418604651163
503,114920,-13.240418118466899
504,078600,254.27350427350427
505,012800,92.79661016949152
506,015230,-56.6579634464752
507,096350,61.32404181184668
508,140520,87.78135048231512
509,131220,186.84807256235828
510,010170,52.995391705069125
511,060900,207.6923076923077
512,054670,35.81730769230769
513,001070,119.5710455764075
514,023910,28.39506172839506
515,006650,262.0689655172414
516,001440,131.53692614770458
517,084010,248.27945776850888
518,001790,92.76729559748428
519,001795,135.5140186915888
520,001130,18.0
521,003490,44.297082228116714
522,003495,149.53271028037383
523,005880,-73.85496183206108
524,003830,98.95678092399403
525,016090,39.318885448916404
526,069460,35.1123595505618
527,021040,15.134370579915135
528,021045,2.380952380952381
529,067080,33.33333333333333
531,192080,42.41164241164241
532,299170,38.70967741935484
533,035290,-88.8936170212766
534,012510,22.75
535,302920,-26.851851851851855
536,213420,74.7104247104247
537,317330,83.79629629629629
538,077360,152.63157894736844
539,004830,1061.7312072892937
540,004835,235.9621451104101
541,090410,18.852459016393443
542,024900,277.8833107191316
543,263600,48.1216457960644
544,194480,1859.1141396933563
546,263800,106.4516129032258
547,199150,238.51851851851853
548,206560,67.78242677824268
549,261200,5.5
550,145720,100.62597809076684
551,227420,1708.219178082192
552,067990,20.238095238095237
553,002150,24.495677233429394
554,006620,-27.86885245901639
555,100130,300.0
556,005160,81.81818181818183
557,075970,247.11246200607903
558,001230,280.7531380753138
559,086450,-64.77987421383648
560,023450,112.5
561,004140,277.5280898876404
562,099410,36.36363636363637
563,007590,28.044280442804425
564,005960,92.14285714285714
565,005965,39.705882352941174
566,026960,104.8076923076923
567,002210,15.609756097560975
568,102260,93.63484087102178
569,033500,118.11023622047243
570,005190,21.768707482993197
571,025950,765.5030800821355
572,000640,31.5468940316687
573,170900,5.150753768844221
574,088130,45.094936708860764
575,028100,44.140625
576,282690,13.366336633663368
577,041930,250.72463768115944
578,001520,21.49122807017544
579,001527,47.09517923362176
580,001529,-9.363295880149813
581,084670,-3.2454361054766734
582,002900,94.47640966628308
583,082640,86.34361233480176
584,060380,9.409190371991247
585,001525,38.54389721627409
586,079960,97.39819004524887
587,008970,51.551312649164686
588,228340,184.0
589,092780,81.29032258064515
590,088910,27.798507462686565
591,094170,173.8537794299876
592,049770,10.951008645533141
593,013120,68.22429906542055
594,018500,142.85714285714286
595,006040,39.67391304347826
596,030720,11.237373737373737
597,014820,139.85148514851485
598,014825,65.01240694789082
599,163560,120.64825930372149
600,109860,16.037735849056602
601,032960,44.55231930960086
602,004890,75.52836484983315
603,002690,130.0
604,023790,139.2935982339956
605,005290,151.73745173745175
606,025900,285.4901960784314
607,000020,116.56534954407294
608,000150,42.714285714285715
609,000157,80.95238095238095
610,241560,100.47619047619048
611,000155,21.472392638036812
612,042670,217.92717086834733
613,034020,262.62203626220366
614,336260,869.7542533081286
615,33626K,484.46601941747576
616,33626L,181.01071975497703
617,016740,131.1512415349887
618,073190,135.75581395348837
619,176750,45.15625
620,030350,29.737609329446062
621,203650,150.72886297376093
623,060570,30.522088353413658
624,192650,107.00218818380745
625,217620,77.5
626,187870,222.12765957446808
627,066670,73.27433628318583
628,024090,76.0
629,003160,192.24318658280924
630,092200,171.24463519313304
631,110990,49.59481361426256
632,263690,74.7638326585695
633,214680,22.709163346613543
634,263720,93.45549738219894
635,109740,7.425742574257425
636,033430,0.0
637,131030,20.485584218512898
638,196490,627.4909963985594
639,066900,93.19148936170212
640,127120,21.447721179624665
641,092070,175.09293680297398
642,134580,97.96610169491525
643,039840,52.760736196319016
644,013570,55.374149659863946
645,210540,202.08333333333334
646,104460,239.88095238095238
647,079810,198.90510948905109
648,227100,43.14641744548287
649,113810,87.5
650,043360,114.81481481481481
651,197140,88.72785829307568
652,106520,-32.625
653,068930,9.93288590604027
654,033130,121.10726643598615
655,105740,116.05960264900664
656,263020,93.24181626187962
657,290550,167.70538243626063
658,007340,23.41269841269841
659,187220,45.56574923547401
660,026890,94.48698315467074
661,163430,48.62068965517241
662,131180,43.6
663,317120,108.33333333333333
664,042510,112.97297297297297
665,232680,299.1179713340684
666,300120,71.47651006711409
667,050120,751.9134775374376
668,171120,19.746121297602258
669,069540,0.0
670,285770,-13.333333333333334
672,214260,143.37899543378995
673,115390,62.98342541436463
674,200350,371.27659574468083
675,171010,30.905306971904267
676,084650,-13.784461152882205
677,217500,359.2885375494071
678,092590,382.1683309557775
679,033600,0.0
680,141080,30.162412993039446
681,060300,200.0
682,038390,86.52173913043478
683,294140,-9.266802443991853
684,228670,60.371517027863774
685,228850,33.947939262472886
686,281740,158.9928057553957
688,179720,2001.522842639594
689,215100,97.73584905660377
690,090360,139.3939393939394
691,238500,186.4963503649635
692,108490,104.63078848560701
693,900260,1.6233766233766231
694,067730,367.2489082969432
695,071280,55.61224489795919
696,032350,122.8843861740167
697,330590,4.2
698,000400,45.8498023715415
699,023530,76.96629213483146
700,004000,99.32088285229203
701,286940,44.866920152091254
702,280360,24.299065420560748
703,004990,46.868250539956804
704,00499K,46.766169154228855
705,005300,55.821917808219176
706,005305,62.25000000000001
707,011170,64.48087431693989
708,002270,28.08798646362098
709,071840,152.40963855421688
710,038060,10.830324909747292
711,162120,35.16666666666667
713,085370,105.64516129032258
714,08537M,90.3448275862069
715,060240,60.79545454545454
716,058470,111.48648648648648
717,039980,9.1324200913242
718,019570,81.83673469387756
719,016100,11.251980982567353
720,012700,78.17817817817819
721,302550,15.421686746987953
722,029480,16.820702402957487
723,277070,114.49814126394051
724,042500,51.76613885505481
725,219420,47.13493530499076
726,027740,-3.2564450474898234
727,195500,9.516616314199396
728,222810,0.5607476635514018
729,305090,1.9230769230769231
730,098120,105.33807829181494
731,147760,217.92975970425138
732,038290,-17.441860465116278
733,204320,211.84834123222748
734,001080,84.0909090909091
735,267980,9.878419452887538
736,005990,30.22284122562674
737,127160,-36.054421768707485
738,093520,80.53691275167785
739,141070,-52.064516129032256
740,088980,8.372093023255815
741,094800,11.5
742,100590,36.0
743,067280,3.1847133757961785
744,072870,21.865596790371114
745,215200,65.54621848739495
746,133750,5.134788189987163
747,235980,78.33500501504514
748,200580,51.204188481675395
749,041920,8.679245283018867
750,233250,17.073170731707318
751,014100,47.794994040524436
752,236340,-9.6
753,054180,40.95238095238095
754,086900,1.56165858912224
755,078160,30.377358490566035
756,065650,42.82868525896414
757,138040,70.29702970297029
758,008560,72.01492537313433
759,000060,61.25000000000001
760,021880,153.57142857142858
761,140410,23.793949304987734
762,241770,33.15217391304348
763,090370,36.627906976744185
764,059210,11.11111111111111
765,327260,33.33333333333333
766,058110,-48.62204724409449
767,096640,112.88659793814433
768,017180,6.014271151885831
769,257370,-1.1802575107296138
771,267060,-30.05464480874317
772,012690,-4.036697247706423
773,005360,96.98681732580037
774,080420,68.44547563805105
775,080160,125.2803261977574
776,204210,28.78787878787879
777,100030,65.34296028880865
778,087260,101.73160173160174
779,101330,95.47038327526133
780,012860,172.9957805907173
782,250060,63.793103448275865
783,033200,106.3157894736842
784,009680,100.0
785,118990,90.06410256410257
786,006920,88.0701754385965
787,009580,74.16520210896309
788,001810,126.44376899696049
789,009200,58.58310626702997
791,033920,40.40816326530612
792,008420,150.625
793,279600,215.71815718157183
794,028040,0.0
795,095500,120.91836734693877
796,025560,2895.3703703703704
797,218150,110.06036217303823
798,007120,39.892183288409704
799,006800,101.43003064351379
800,00680K,58.362989323843415
802,328380,4.761904761904762
803,333430,62.15538847117794
804,006805,59.67741935483871
806,100790,295.92760180995475
807,085620,39.0728476821192
808,208890,366.66666666666663
809,049950,78.84615384615384
810,213090,37.27714748784441
811,207760,45.27503526093089
812,225850,-85.85000000000001
813,002840,227.82608695652175
814,268280,127.76280323450135
815,107590,179.3017456359102
816,134380,111.2845138055222
817,003650,49.39759036144578
818,059090,38.164251207729464
819,214610,8.58050847457627
820,201490,29.98102466793169
822,214180,65.07177033492823
823,155900,-1.348747591522158
824,206640,-7.629427792915531
825,018700,3.610675039246468
826,035620,-26.442307692307693
827,064520,-16.94214876033058
828,053030,154.22885572139305
830,064550,3.8461538461538463
832,208710,97.32824427480917
833,142760,-34.748010610079575
834,086820,45.47945205479452
835,038460,34.49131513647642
836,281310,27.628865979381445
838,216400,273.972602739726
839,086040,30.60179257362356
840,199290,0.0
841,032980,48.205128205128204
842,222160,84.21052631578947
843,043150,48.536585365853654
845,003610,41.53846153846154
846,267790,24.650571791613725
847,001340,98.47494553376906
848,046310,50.58275058275058
849,035150,91.48936170212765
850,036620,50.43478260869565
851,066410,36.0
852,002410,39.0
853,206400,748.3290488431876
854,019010,65.23605150214593
855,177350,208.5
856,299910,192.806484295846
857,096300,-18.439716312056735
858,007210,160.9090909090909
859,225530,72.95918367346938
860,250000,127.60115606936415
861,002760,44.44444444444444
862,003850,83.25991189427313
863,006910,72.44897959183673
864,000890,48.88010540184453
865,226340,47.4835886214442
866,206950,-26.857142857142858
867,003000,0.21231422505307856
868,001270,44.904458598726116
869,001275,35.57046979865772
870,026940,10.756972111553784
871,014470,170.05988023952096
872,015350,88.52459016393442
873,011390,29.5
874,005030,114.51104100946372
875,008470,61.282051282051285
877,100120,23.458904109589042
879,064480,101.41176470588236
880,288330,-62.58790436005626
881,251630,84.95575221238938
882,018290,-10.43956043956044
883,263920,13.875000000000002
884,033560,145.52845528455285
885,126340,147.71428571428572
886,121800,197.18004338394795
887,148140,-7.483870967741936
888,082800,23.983739837398375
890,002070,302.18642117376294
891,100220,-5.212620027434842
892,200780,-28.723404255319153
893,141000,72.3076923076923
894,090460,18.092105263157894
895,083650,187.58620689655172
896,215050,-2.912621359223301
897,086670,172.05882352941177
898,335890,8.45771144278607
899,138580,104.5045045045045
900,082920,4.98220640569395
901,054220,1122.680412371134
902,042370,123.21428571428572
903,030790,220.25316455696205
904,032850,67.71799628942486
905,148780,733.3333333333333
906,238200,45.74780058651026
907,093190,22.962962962962962
908,065450,244.34389140271495
909,210120,126.21359223300972
911,005180,-4.313099041533546
912,072950,80.52631578947368
913,266170,133.9331619537275
914,143240,58.20224719101124
915,003960,45.2
916,008040,66.46039603960396
917,007160,99.79959919839679
918,014710,49.23076923076923
919,006090,51.599443671766345
920,100090,739.2156862745098
921,122350,187.68115942028984
922,014970,33.5
923,018310,147.32142857142858
924,053700,107.39644970414201
925,009620,116.8141592920354
926,023600,121.2518195050946
927,111870,-19.41747572815534
928,001470,539.8390342052313
929,006400,185.71428571428572
930,006405,244.27480916030535
931,006660,78.18181818181819
932,028260,46.64310954063604
933,02826K,88.18897637795276
934,207940,65.30386740331492
935,032830,91.42156862745098
936,291230,9.273182957393484
937,018260,37.234042553191486
938,028050,41.843971631205676
939,009150,96.33507853403141
940,009155,166.984505363528
941,005930,77.72925764192141
942,005935,87.17948717948718
943,001360,33.56242840778923
944,010140,102.87206266318537
945,010145,751.508120649652
946,016360,44.77064220183487
947,068290,116.47058823529413
948,029780,23.035714285714285
949,000810,26.666666666666668
950,000815,31.69642857142857
951,006110,184.09785932721712
952,009300,14.34108527131783
953,145990,82.53968253968253
954,145995,89.26940639269407
955,003230,-5.319148936170213
956,225190,8.666666666666668
957,002170,53.50877192982456
958,272550,81.15942028985508
959,000070,126.60217654171706
960,000075,97.7124183006536
961,002810,18.57707509881423
962,054540,89.5104895104895
963,065570,71.69421487603306
964,005680,59.883720930232556
965,003720,192.95624332977587
966,023000,94.5945945945946
967,004380,41.68490153172866
968,002450,28.799999999999997
969,032280,40.74074074074074
970,002290,125.85034013605443
971,004440,251.6597510373444
972,000520,20.783132530120483
973,009770,33.55855855855856
974,037460,84.17462482946793
975,032750,55.73770491803278
976,054090,123.52941176470588
977,005500,17.391304347826086
978,000250,65.85365853658537
979,004690,16.666666666666664
980,024950,202.75229357798165
981,038500,141.84100418410043
982,017480,74.36762225969646
983,010960,37.03703703703704
984,046390,331.62393162393164
985,004450,0.922266139657444
986,009470,126.66666666666666
987,011230,107.77479892761394
988,001820,72.25725094577552
989,000390,176.8729641693811
990,027580,160.2836879432624
991,038540,7.99347471451876
992,307870,6.0
993,329560,2.512562814070352
994,101000,29.559748427672954
995,001290,9.58904109589041
996,041650,69.77687626774848
997,091580,168.99383983572895
998,263810,97.15447154471545
999,089980,416.6666666666667
1000,042940,13.008130081300814
1001,042600,342.62295081967216
1002,075180,79.39393939393939
1003,263540,0.0
1004,007540,72.3916532905297
1005,248170,93.11740890688259
1006,294630,19.35483870967742
1007,038070,24.109867751780264
1008,006730,60.36772216547498
1009,079650,26.41509433962264
1010,100660,90.96573208722741
1011,007860,654.0453074433657
1012,200880,268.9981096408318
1013,019770,621.9101123595506
1014,017390,43.225806451612904
1015,043710,0.0
1016,092190,109.33333333333333
1017,046890,60.86956521739131
1018,004410,129.14285714285714
1019,004415,48.81656804733728
1020,063170,379.10863509749305
1021,027040,33.993902439024396
1022,018680,0.22753128555176336
1023,021050,-18.0327868852459
1024,093920,89.10411622276028
1025,189860,41.37931034482759
1026,178320,73.23420074349443
1027,122690,131.85483870967744
1028,140070,253.06122448979593
1029,011370,99.375
1030,065710,20.62146892655367
1031,008490,38.482384823848236
1032,035890,110.05154639175258
1034,003100,128.29457364341087
1035,123420,32.13213213213213
1036,007610,58.620689655172406
1037,067370,94.09722222222221
1038,171090,188.67924528301887
1039,136490,168.68044515103338
1041,002820,77.08333333333334
1042,014620,59.33852140077821
1043,037350,107.77385159010602
1044,014910,38.63636363636363
1045,014915,-21.53846153846154
1046,003080,76.75159235668791
1047,004980,105.76923076923077
1048,004985,124.73604826546003
1049,011300,116.80440771349862
1050,081580,94.44444444444444
1051,045300,93.81818181818183
1052,015750,147.36842105263156
1053,000180,90.4
1054,080470,88.57715430861724
1055,043260,287.5
1056,148150,-0.46511627906976744
1057,002420,28.333333333333332
1058,053060,372.1189591078067
1059,017510,44.73684210526316
1060,214310,36.13613613613614
1061,004360,75.2988047808765
1062,004365,50.63559322033898
1063,004490,203.11284046692606
1064,011560,51.99063231850117
1065,001430,145.69536423841058
1066,306200,164.71408647140865
1067,003030,122.62626262626262
1068,019440,47.81216648879402
1069,058650,61.99616122840691
1070,013000,60.3896103896104
1071,100700,54.72
1072,234100,265.5367231638418
1073,024830,0.0
1074,091090,-6.75
1075,021820,0.0
1076,067830,70.65727699530517
1077,033530,203.3557046979866
1078,258830,85.66493955094991
1079,036630,283.2618025751073
1080,039310,39.189189189189186
1081,075580,151.6504854368932
1082,067770,157.85536159600997
1083,053450,50.99648300117233
1084,234340,60.24691358024692
1085,027970,8.683473389355742
1086,145210,-77.92642140468227
1087,252500,101.29533678756476
1089,308170,16.23246492985972
1090,051980,293.05555555555554
1091,012600,58.59872611464968
1093,049180,10.367892976588628
1094,299660,130.0
1095,268600,67.54270696452038
1096,108860,-11.904761904761903
1097,208370,11.283185840707963
1098,258250,81.49038461538461
1099,068270,63.888888888888886
1100,068760,129.00763358778627
1101,091990,72.15189873417721
1103,053110,-39.130434782608695
1105,032680,39.688715953307394
1106,032685,7.021276595744681
1107,258790,170.32520325203254
1108,066910,65.74074074074075
1109,043100,180.0
1110,336370,142.4164524421594
1111,33637K,102.86885245901641
1112,33637L,40.058479532163744
1113,154040,140.28985507246375
1115,035610,272.03065134099614
1117,036830,-30.944625407166125
1119,004430,114.21052631578948
1120,086980,117.63392857142858
1121,050960,573.8660907127429
1122,017550,262.9032258064516
1123,084180,94.66666666666667
1124,253840,-50.25466893039049
1125,185190,-0.2631578947368421
1126,058530,686.4077669902913
1127,236200,0.7619047619047619
1128,317770,40.24896265560166
1129,094840,131.83568677792042
1130,192440,89.96865203761756
1131,099440,21.830985915492956
1132,053210,41.63934426229508
1133,033790,0.0
1134,131100,-0.30120481927710846
1135,159910,-6.405693950177936
1136,158310,0.0
1137,115570,10.338345864661653
1138,258540,36.462093862815884
1139,253450,27.586206896551722
1140,204630,14.285714285714285
1141,013810,320.8067940552017
1142,039670,702.6172300981461
1143,049830,171.10157367668097
1144,020710,22.02688728024819
1145,033170,106.21931260229131
1146,260870,384.55598455598454
1147,048870,83.4920634920635
1148,025320,45.45454545454545
1149,134790,80.02894356005788
1150,269620,7.4074074074074066
1151,131090,42.28855721393035
1152,232830,-62.28855721393035
1153,139050,95.87426326129666
1154,016590,55.047619047619044
1156,029530,34.831460674157306
1157,004970,18.96551724137931
1158,001000,95.55555555555556
1159,025870,146.8354430379747
1160,215600,-7.633587786259542
1161,065350,296.7667436489607
1162,011930,286.15023474178406
1163,005390,79.7872340425532
1164,004170,33.80952380952381
1165,035510,55.085599194360526
1166,034300,167.42857142857144
1167,031430,10.655737704918032
1168,031440,51.26903553299492
1169,006880,60.821484992101105
1170,002800,-1.5151515151515151
1171,323280,6.265664160401002
1172,344050,4.271356783919598
1173,005800,35.69444444444444
1174,001720,24.53653217011996
1175,001725,22.722283205268933
1176,009270,11.194029850746269
1177,009275,4.545454545454546
1178,017000,253.23590814196245
1179,002700,40.0
1180,012790,103.73134328358209
1181,138070,64.06685236768801
1182,226330,85.39976825028968
1183,019170,600.4115226337449
1184,019175,436.27760252365937
1185,002870,299.0049751243781
1186,293940,11.061946902654867
1187,333050,4.785894206549118
1189,055550,40.0
1190,001770,45.370370370370374
1191,056700,71.75
1192,187270,64.11483253588517
1193,004080,30.434782608695656
1194,243840,93.30543933054393
1195,108320,180.5194805194805
1196,222800,168.7116564417178
1197,036710,145.97156398104266
1198,160980,190.08152173913044
1200,217330,599.8813760379596
1201,102280,-23.850931677018632
1202,003410,74.54545454545455
1203,010280,9.84251968503937
1204,003620,94.38596491228071
1205,004770,0.14513788098693758
1206,217320,-47.699999999999996
1207,208640,694.2583732057417
1208,222420,102.7027027027027
1209,037760,30.175438596491226
1210,136510,33.33333333333333
1211,099320,267.85714285714283
1212,015540,12.456140350877194
1213,049960,36.162361623616235
1214,050890,71.5370018975332
1215,066790,100.0
1216,222080,405.2631578947368
1217,004920,25.31645569620253
1218,236030,-44.54545454545455
1219,103660,361.2403100775194
1220,245450,31.926121372031663
1221,264660,119.63394342762064
1223,297090,471.3028169014085
1224,112610,183.3644859813084
1226,115530,0.0
1227,225330,52.054794520547944
1228,115480,-23.395445134575567
1229,189330,127.75000000000001
1230,096530,37.38120380147835
1231,900120,85.71428571428571
1232,101240,26.406249999999996
1233,060590,23.0188679245283
1234,260930,-15.423728813559324
1235,013990,22.782608695652172
1236,123860,66.77631578947368
1237,025980,22.479338842975206
1238,008700,119.36619718309859
1239,050320,-28.51985559566787
1240,058220,0.0
1241,125210,55.44871794871795
1242,002790,28.26086956521739
1243,00279K,23.853211009174313
1244,002795,26.956521739130434
1245,090430,63.60759493670886
1246,090435,46.49122807017544
1247,052710,97.12643678160919
1248,074430,65.33333333333333
1249,092040,127.24550898203593
1250,083930,174.59459459459458
1251,149950,180.99173553719007
1252,036010,85.35911602209944
1253,002030,61.98125836680054
1254,183190,147.3460721868365
1255,002310,77.31397459165154
1256,050860,3.2305433186490458
1257,246720,45.28301886792453
1258,067390,65.11627906976744
1259,127710,102.24215246636771
1260,267850,87.82608695652175
1261,020560,346.24447717231226
1262,154030,64.19098143236074
1263,227610,-54.0386803185438
1264,143160,58.10055865921788
1265,054800,34.35897435897436
1267,122900,0.5543237250554324
1268,339950,-15.789473684210526
1269,099190,24.873096446700508
1270,289010,-20.62062062062062
1271,214430,18.233618233618234
1272,040910,21.673003802281368
1273,068940,98.01980198019803
1274,052860,42.16478190630048
1275,010780,163.72093023255815
1276,069920,3.6269430051813467
1277,038880,339.57703927492446
1278,123010,-46.52278177458034
1279,307180,93.15476190476191
1280,101390,96.92307692307692
1281,090740,13.631022326674499
1282,226350,-42.93333333333334
1283,078860,53.24074074074075
1284,114810,78.18599311136624
1285,031310,52.666666666666664
1286,185490,142.5531914893617
1287,059100,80.12048192771084
1288,149010,43.77777777777778
1290,175250,121.48337595907928
1291,052460,187.5486381322957
1292,119830,85.86956521739131
1293,052770,-28.699551569506728
1294,124500,18.651685393258425
1295,084850,7.18562874251497
1296,223220,24.609375
1297,027360,512.5
1298,032080,76.36986301369863
1299,013310,114.73988439306358
1300,059120,43.4
1301,158430,32.417582417582416
1302,149300,93.30543933054393
1303,067160,56.99999999999999
1304,001540,47.38598442714127
1305,053800,20.626151012891345
1306,251280,-26.764705882352942
1307,065660,40.94827586206897
1308,297570,224.50980392156862
1309,001780,205.31561461794018
1310,260660,-15.942028985507244
1311,131370,66.52977412731006
1312,140670,64.41005802707932
1313,096610,59.103641456582636
1314,061040,45.96622889305816
1315,148250,90.96045197740112
1317,196170,16.212710765239947
1318,123750,355.1724137931035
1319,085810,102.98047276464544
1320,117670,-2.885682574916759
1322,293780,205.55555555555554
1323,267810,20.714285714285715
1324,018250,9.734513274336283
1325,161000,99.65576592082617
1326,196300,99.29078014184397
1327,310200,10.273972602739725
1328,179530,39.75155279503105
1329,205500,122.67206477732793
1330,052790,27.158774373259053
1331,131400,7.249712313003452
1332,290740,20.35928143712575
1333,238090,8.921438082556591
1334,092600,188.50931677018633
1336,174900,-29.294117647058826
1337,255440,32.86004056795132
1338,030960,46.65841584158416
1339,102120,105.00782472613459
1340,238120,-34.940711462450594
1341,224810,-21.062992125984252
1342,019990,217.09233791748525
1343,011090,193.61979166666669
1344,041440,108.40336134453781
1345,270660,475.7142857142857
1346,038680,60.21276595744681
1347,217480,33.994334277620396
1348,121890,0.0
1349,097780,38.862559241706165
1350,042110,91.50246305418719
1352,065420,0.0
1353,270210,-14.064362336114423
1354,103230,31.496062992125985
1355,260970,-55.97667638483965
1356,900080,0.0
1357,101490,102.51572327044025
1358,095910,162.4203821656051
1359,275630,59.25
1360,031330,54.51977401129944
1361,060540,68.25938566552901
1362,158300,108.24742268041237
1363,056190,35.845896147403685
1364,080000,77.11864406779661
1365,086460,228.2828282828283
1366,005850,72.86821705426357
1367,246250,42.63233190271817
1368,041510,45.45454545454545
1369,299670,87.94117647058823
1370,007820,4.5769764216366156
1371,109610,-4.75
1372,012750,7.926023778071334
1373,306040,-37.03703703703704
1374,080440,0.0
1375,217910,37.65690376569037
1376,224020,107.93950850661626
1377,096630,55.218855218855225
1378,069510,30.408653846153843
1379,041910,30.357142857142854
1380,234300,114.73429951690821
1381,039440,58.56573705179283
1382,098660,54.46927374301676
1383,052020,2.4464831804281344
1384,237690,162.46153846153845
1385,050760,106.18181818181817
1386,288620,161.62790697674419
1387,317830,126.5625
1388,058610,104.54545454545455
1389,043340,-22.22222222222222
1390,023960,348.5294117647059
1391,298690,20.64516129032258
1392,054630,98.63013698630137
1393,200710,12.389380530973451
1394,096690,629.3729372937294
1395,140910,49.62264150943396
1396,078520,-5.7034220532319395
1397,298380,36.13707165109034
1398,203400,72.29129662522202
1399,195990,34.67741935483871
1400,003800,15.22911051212938
1402,088800,180.52126200274347
1403,241840,609.3525179856115
1404,138360,0.0
1405,039230,0.0
1406,312610,1.9450800915331807
1407,015260,594.3127962085308
1408,234070,91.30434782608695
1409,102210,0.0
1410,072990,57.738095238095234
1411,044990,224.9669749009247
1412,176440,0.0
1413,028300,-56.97036223929748
1414,067630,-40.75
1415,047920,281.27090301003346
1416,043220,-5.8558558558558556
1417,239610,-6.25
1420,044780,83.74384236453201
1421,071670,214.0
1422,045660,381.43564356435644
1423,224110,436.4285714285714
1424,230980,50.9719222462203
1425,021080,169.45454545454547
1426,089530,-26.033057851239672
1427,200470,29.08366533864542
1428,073070,260.8156028368794
1429,207490,73.97881996974282
1431,109960,10.9717868338558
1432,007460,8.900523560209423
1433,003060,-23.52941176470588
1435,089970,257.14285714285717
1436,230240,-23.137876386687797
1437,064510,-29.55665024630542
1438,230360,6.693711967545639
1439,038870,153.3132530120482
1440,128540,131.76795580110496
1441,086520,230.635838150289
1442,247540,163.32794830371566
1443,038110,218.09523809523807
1444,073540,39.94252873563218
1445,064850,229.81530343007915
1446,064090,-41.66666666666667
1447,036810,350.6369426751593
1448,173940,22.15447154471545
1449,083500,42.19114219114219
1450,054940,72.28260869565217
1451,950130,165.78411405295316
1452,205100,98.3157894736842
1453,070300,-54.19047619047619
1454,092870,146.5034965034965
1455,317870,98.96373056994818
1456,067570,142.99065420560748
1458,140610,124.11347517730495
1459,101400,238.40304182509504
1460,036570,41.262135922330096
1461,217820,113.25051759834368
1462,138250,82.52730109204369
1463,031860,-20.78239608801956
1464,238170,32.73542600896861
1465,224760,-94.34445768772348
1466,310840,4.477611940298507
1472,093510,32.212885154061624
1473,208860,33.86524822695036
1474,183490,132.75862068965517
1475,085310,86.57718120805369
1476,182400,79.1044776119403
1477,009810,11.964285714285715
1478,069410,8.3223249669749
1479,227950,2.1621621621621623
1480,198080,19.142419601837673
1481,048830,61.34453781512605
1482,096870,112.65508684863524
1483,276240,21.35135135135135
1484,900140,1.1378002528445006
1485,061970,125.7799671592775
1486,138690,-18.556701030927837
1487,290650,-32.66129032258064
1488,066970,351.87319884726224
1489,156100,425.67760342368047
1490,311060,-26.585365853658537
1491,073110,17.845117845117844
1492,083310,118.13403416557162
1494,037950,-15.217391304347828
1495,170920,99.24242424242425
1496,058630,208.0
1497,058970,546.4339908952959
1498,019590,1.293103448275862
1500,097520,115.11627906976744
1501,179290,62.430939226519335
1502,225860,-77.74480712166172
1503,009780,25.85987261146497
1504,123040,91.98931909212284
1505,323230,5.0
1506,032790,0.0
1507,033160,98.76325088339223
1509,033310,691.4438502673796
1510,259630,-7.216494845360824
1511,115960,58.82352941176471
1513,014440,87.86516853932585
1514,007530,181.3229571984436
1515,143540,76.28458498023716
1516,111770,84.33179723502305
1517,009970,35.3125
1518,003520,31.47751605995717
1519,000670,26.521739130434785
1520,036560,42.63431542461005
1521,006740,149.29078014184398
1522,012280,80.56872037914692
1523,265560,198.30747531734838
1524,012160,45.754119138149555
1525,036000,44.743276283618584
1526,250930,48.13753581661891
1527,053280,277.7506112469438
1528,015360,14.237288135593221
1529,122640,124.8062015503876
1530,900300,-25.731707317073173
1531,045060,-15.069686411149826
1532,080520,127.21712538226299
1533,007310,20.634920634920633
1534,039830,3.608247422680412
1536,046120,278.6407766990291
1537,014940,571.985815602837
1538,002630,182.64758497316637
1539,065500,379.3388429752066
1540,271560,19.090909090909093
1541,001800,22.317596566523605
1542,010470,81.20184899845917
1543,053980,-58.93416927899686
1544,052420,124.48453608247422
1545,241790,106.21118012422359
1547,039200,93.93203883495146
1548,226400,40.9660107334526
1549,031510,177.51004016064257
1550,048260,197.2027972027972
1551,138080,25.43978349120433
1552,080580,1074.2574257425742
1553,067170,32.26452905811623
1554,173130,-22.644628099173552
1555,049480,34.56221198156682
1556,309930,58.2089552238806
1557,244460,-23.703703703703706
1558,226950,23.696682464454977
1559,057540,39.869281045751634
1560,082210,122.9064039408867
1561,109080,77.60910815939279
1562,153710,77.90893760539629
1564,122990,46.16252821670429
1565,232140,171.19341563786008
1566,067900,93.58407079646017
1567,155650,26.68463611859838
1568,251370,12.98342541436464
1569,066430,59.136212624584715
1570,193250,72.54901960784314
1571,273060,-14.878048780487804
1572,019210,109.13838120104438
1573,122870,92.64069264069265
1575,079000,88.79618593563767
1576,070960,31.284153005464482
1577,114630,64.43148688046647
1578,316140,38.92709766162311
1579,033660,-9.205020920502092
1580,032820,85.23676880222841
1581,041190,467.64705882352945
1582,115440,32.870370370370374
1583,004720,11.75
1584,118000,-9.352517985611511
1585,046970,11.695906432748536
1586,082850,456.57894736842104
1587,215360,87.4538745387454
1588,072470,43.978349120433016
1589,073560,73.45454545454545
1590,153490,57.396449704142015
1591,037400,249.7506234413965
1592,010050,48.917748917748916
1593,101170,112.41217798594847
1594,006980,68.80165289256198
1595,066590,102.2653721682848
1596,017370,63.84180790960452
1597,103840,59.65559655596556
1598,046940,24.52173913043478
1599,215380,-10.775862068965516
1600,065680,187.11340206185568
1601,105840,50.0
1602,018620,43.455497382198956
1603,010400,35.689655172413794
1604,049800,162.43194192377496
1605,016880,195.43147208121826
1606,095720,40.85106382978723
1607,005820,50.33557046979866
1608,307280,27.832512315270936
1610,032940,125.0
1611,240810,118.14345991561181
1612,074600,112.88888888888889
1613,104830,102.13333333333334
1614,014190,289.4957983193277
1615,030530,76.03195739014647
1616,012620,58.246656760772666
1617,216280,80.25078369905955
1619,008370,75.57471264367817
1620,008290,-24.38563327032136
1621,101160,333.6823734729494
1622,095270,-67.2
1623,010600,40.547263681592035
1624,065950,-37.82771535580524
1625,076080,150.92250922509226
1626,196700,91.28440366972477
1627,069080,228.96825396825395
1628,053580,87.4180865006553
1629,071460,89.07363420427554
1630,044340,39.75535168195719
1633,112040,203.03030303030303
1634,065370,57.51789976133651
1635,140660,43.69747899159664
1636,038620,88.125
1637,299900,252.05479452054794
1638,036090,286.9047619047619
1639,136540,34.41295546558704
1640,320000,33.25301204819277
1641,097800,100.0
1642,192390,102.27272727272727
1643,313760,124.42748091603053
1644,008600,60.0
1645,900340,-5.357142857142857
1646,033270,186.3768115942029
1647,014830,97.9502196193265
1648,036200,199.65156794425087
1649,018000,463.8157894736843
1650,000910,294.60674157303373
1651,047400,173.8255033557047
1652,203450,123.25581395348837
1653,011330,31.512605042016805
1654,077500,143.61702127659575
1655,011320,93.54838709677419
1656,086390,100.0
1657,241690,-22.287735849056602
1658,142210,107.97720797720798
1659,121060,23.52941176470588
1660,048430,147.25274725274727
1661,206650,227.72435897435898
1662,089850,156.38297872340425
1663,084440,195.85798816568047
1664,032620,83.74558303886926
1665,264450,-3.3112582781456954
1666,078070,0.0
1667,002920,42.17687074829932
1668,024800,93.51351351351352
1669,000700,17.863720073664823
1670,054930,55.020080321285135
1671,069330,0.0
1672,049520,10.677083333333332
1673,313750,6.265664160401002
1674,336060,4.511278195488721
1675,340360,76.80798004987531
1677,003470,82.21649484536083
1678,003475,125.23076923076924
1679,056090,30.878186968838527
1680,011690,100.0
1681,263770,170.45951859956236
1682,337840,169.4736842105263
1683,072130,38.983050847457626
1684,000220,-10.980392156862745
1685,000225,34.02985074626866
1686,000227,34.54545454545455
1688,023410,78.75
1689,056080,122.40437158469946
1690,321260,6.7669172932330826
1691,331380,5.764411027568922
1692,084370,197.9933110367893
1693,001200,132.183908045977
1694,178780,-19.158878504672895
1695,221800,-20.161290322580644
1696,179900,89.81481481481481
1697,263050,-37.12241653418124
1698,000100,-71.93763919821826
1699,000105,-72.03703703703704
1700,003460,-75.99056603773585
1701,003465,-76.32286995515695
1702,191410,117.06484641638227
1703,008730,65.4471544715447
1704,072770,69.86301369863014
1705,008250,119.49541284403671
1706,039020,120.37037037037037
1707,025820,172.33009708737862
1708,060230,4.166666666666666
1709,067920,60.40353089533418
1710,044960,62.63959390862944
1711,302430,108.5650723025584
1712,279060,225.99999999999997
1713,214320,22.266401590457257
1714,073490,36.95652173913043
1715,086250,4.074074074074074
1716,215790,-17.463235294117645
1718,246960,137.5886524822695
1719,088390,194.96402877697844
1720,272290,68.8821752265861
1721,053350,42.215988779803645
1722,258610,-29.252336448598133
1723,336040,14.84593837535014
1724,215090,-33.72727272727273
1725,041520,340.9594095940959
1726,264850,44.31137724550898
1727,054210,145.0
1729,065440,-3.823529411764706
1730,088260,14.285714285714285
1731,139480,66.82926829268293
1732,115610,17.1875
1734,323210,4.534005037783375
1735,078020,90.09126466753585
1736,208850,91.42857142857143
1737,080010,32.29166666666667
1738,086890,201.04166666666666
1739,007660,26.062846580406656
1740,005950,68.84057971014492
1741,015020,166.19964973730296
1742,047560,85.28368794326241
1743,900110,-14.347826086956522
1744,270020,-20.930232558139537
1745,067010,116.99544764795145
1746,093230,117.83783783783784
1747,341310,79.6923076923077
1748,052190,2900.0
1749,226360,-8.65979381443299
1750,101360,405.0
1751,102710,86.15023474178403
1752,066980,1971.4285714285716
1753,074610,8.857808857808857
1754,063760,1.911764705882353
1755,087730,2300.0
1756,123570,72.64957264957265
1757,278990,22.22222222222222
1758,083470,-16.358839050131927
1759,095190,118.32993890020367
1760,091120,171.51799687010956
1761,232530,47.42857142857143
1762,102460,60.37735849056604
1763,039030,102.73504273504273
1765,088290,-4.761904761904762
1766,084680,-10.921052631578949
1767,181340,713.8195777351248
1771,090850,-2.1367521367521367
1772,099750,40.46692607003891
1773,035810,26.611796982167352
1774,160600,0.0
1775,092130,27.82608695652174
1776,096040,373.972602739726
1777,134060,81.09640831758034
1778,001840,122.22222222222223
1779,000760,100.42735042735043
1780,024810,60.273972602739725
1781,014990,-2.272727272727273
1782,041830,26.875
1784,101140,27.798507462686565
1785,079950,81.00358422939068
1786,277410,53.81679389312977
1787,060150,112.36133122028527
1788,033230,-27.82462057335582
1789,006490,34.05172413793103
1790,037330,158.77862595419847
1791,023800,367.741935483871
1792,034590,13.157894736842104
1793,211050,126.26728110599079
1794,083640,125.1231527093596
1795,216050,246.55172413793105
1796,049070,218.65284974093265
1797,119610,0.8988764044943821
1798,017250,-21.813725490196077
1799,129260,232.55813953488374
1800,240340,-49.92481203007519
1801,035080,267.1698113207547
1802,051370,35.13513513513514
1803,064290,264.6153846153846
1804,189300,273.18435754189943
1805,150840,-24.74576271186441
1806,048530,96.1977186311787
1807,023810,129.66666666666666
1808,175140,44.13793103448276
1809,115310,6.852791878172589
1810,039290,76.51515151515152
1811,041020,163.3228840125392
1812,071200,50.62240663900415
1813,101930,195.83333333333331
1814,249420,26.693227091633464
1815,000230,89.56406869220608
1816,013360,75.18248175182481
1817,003120,0.984009840098401
1818,068330,199.6987951807229
1819,003200,101.92307692307692
1820,007110,11.976047904191617
1821,058450,-32.51231527093596
1822,007570,-4.202898550724638
1823,007575,60.0
1824,008500,62.589194699286445
1825,019540,84.48275862068965
1826,081000,160.6451612903226
1827,020760,78.52882703777337
1828,020150,120.097244732577
1829,103590,120.74927953890491
1830,094820,40.67796610169492
1831,015860,87.68656716417911
1832,226320,163.76811594202897
1833,950140,108.55784469096672
1834,049550,173.91304347826087
1835,254120,54.18181818181819
1836,221610,-97.4965034965035
1837,043910,-1.948051948051948
1838,234920,40.50179211469534
1840,317400,202.90456431535267
1841,033240,187.93103448275863
1842,174880,-43.29479768786127
1843,049630,27.925531914893615
1844,000950,242.54385964912282
1845,120780,0.0
1846,110020,159.74025974025975
1847,065530,53.125
1848,208140,114.82558139534885
1849,022220,51.95729537366548
1850,040420,5.016181229773463
1851,045510,45.45454545454545
1852,065620,400.0
1853,217190,112.12121212121211
1854,095700,66.37630662020906
1855,072520,42.857142857142854
1856,122310,47.61194029850746
1858,066830,183.26848249027236
1859,187420,86.09756097560975
1860,225220,177.61904761904762
1861,123330,74.79806138933765
1862,159580,52.39477503628447
1863,147830,65.55023923444976
1864,033100,40.1766004415011
1865,079370,235.65989847715736
1866,054950,12.389380530973451
1867,090470,-7.82051282051282
1868,287410,98.75930521091811
1869,137950,59.68992248062015
1870,033320,159.90338164251207
1872,204270,21.882640586797066
1873,194370,196.15384615384613
1874,026040,13.94736842105263
1875,126880,146.32952691680262
1876,322510,90.41666666666667
1877,033050,-25.872093023255815
1878,094970,68.33333333333333
1879,058420,102.8169014084507
1880,025620,-22.421524663677133
1881,036420,96.53179190751445
1882,089790,68.84531590413944
1883,030000,38.88888888888889
1884,052670,2.3054755043227666
1885,271980,75.38461538461539
1886,001560,41.15523465703971
1888,023440,92.71356783919597
1889,038010,205.96491228070178
1890,002620,93.30453563714903
1891,080220,120.70240295748613
1892,006220,218.76288659793818
1893,089590,39.1044776119403
1894,216080,12.034383954154727
1895,229000,6.267029972752043
1896,082270,3.640256959314775
1897,064800,72.88135593220339
1898,041590,6.411837237977805
1899,044060,94.13612565445027
1900,004910,65.49295774647888
1901,004700,33.90663390663391
1902,001550,61.832061068702295
1903,000480,16.619318181818183
1904,120030,67.69801980198021
1905,034940,33.70253164556962
1906,101730,94.67084639498434
1907,067000,-0.6282722513089005
1908,018470,23.662551440329217
1909,002600,37.30769230769231
1910,185750,69.74169741697416
1911,063160,104.69314079422382
1912,001630,-5.47945205479452
1913,033340,-55.57894736842105
1914,036930,137.791932059448
1915,044380,51.58045977011494
1916,239340,56.67144906743186
1917,072020,25.0
1918,000440,40.02808988764045
1919,228760,-31.024930747922436
1920,314130,52.23880597014925
1921,013890,27.858293075684383
1922,043610,233.16831683168314
1923,263860,87.2286079182631
1924,303030,91.70984455958549
1925,036180,0.0
1926,208350,49.10394265232975
1927,114570,900.0
1928,299480,39.49579831932773
1929,051160,221.58920539730133
1930,053050,42.561983471074385
1931,119850,87.62214983713355
1932,270520,262.6794258373206
1933,065060,-29.025270758122744
1934,204840,82.8034682080925
1935,013870,123.24159021406729
1936,071320,23.70967741935484
1937,135160,-4.513888888888888
1938,111820,0.2028397565922921
1939,010580,0.0
1940,035000,35.76470588235294
1941,115450,-40.95477386934673
1942,219750,70.06993006993008
1943,088790,186.810551558753
1944,018120,23.37917485265226
1945,109820,1.8789144050104383
1946,086060,28.716904276985744
1947,036890,220.41884816753927
1948,003780,175.26132404181186
1949,007370,-0.1652892561983471
1950,010640,57.936507936507944
1951,100250,35.648148148148145
1952,051630,117.56756756756756
1953,272450,86.36363636363636
1954,011000,-11.363636363636363
1955,250030,140.0
1956,002780,92.47910863509749
1957,002787,-8.118081180811808
1958,002785,44.11134903640257
1959,233990,-28.668941979522184
1960,085660,28.767123287671232
1961,009310,38.05309734513274
1962,094850,164.19753086419752
1963,004650,0.7692307692307693
1964,311690,75.53191489361703
1965,278280,222.1782178217822
1966,000650,29.78723404255319
1967,140290,-16.296296296296298
1968,096240,86.64259927797833
1969,013720,605.1282051282051
1970,066360,9.82367758186398
1971,033250,-12.894736842105264
1972,047820,92.27467811158799
1973,094360,79.86425339366517
1974,016920,90.5511811023622
1975,284620,56.74044265593562
1976,035720,230.8970099667774
1978,042000,16.22103386809269
1979,006380,62.16768916155419
1980,317530,59.47046843177189
1981,071850,90.98591549295774
1982,180400,0.0
1983,050110,22.58064516129032
1984,109070,0.0
1985,900310,87.32394366197182
1986,078340,106.60146699266504
1987,307930,85.15497553017944
1988,263700,-26.95035460992908
1989,327970,95.76923076923077
1990,214370,-14.640522875816995
1991,221980,53.5
1992,043290,-45.05988023952096
1993,317030,4.75
1994,001620,74.1635687732342
1995,323940,3.7688442211055273
1996,330990,4.239401496259352
1997,342550,3.258145363408521
1998,192250,139.22902494331066
1999,029460,118.0
2000,344820,174.17582417582418
2001,115500,211.42857142857144
2002,281820,57.95795795795796
2003,089150,560.1449275362319
2004,025880,198.0456026058632
2005,093320,51.724137931034484
2006,073010,69.0909090909091
2007,105330,101.10192837465564
2008,272110,120.82585278276481
2009,039420,113.43283582089552
2010,083550,-22.340425531914892
2011,032500,18.065693430656935
2012,225430,11.134903640256958
2013,145270,99.3421052631579
2014,064820,72.75747508305648
2015,347140,3.007518796992481
2016,256940,-50.33557046979866
2017,024880,57.70609318996416
2018,042040,317.38505747126436
2019,054410,254.63137996219282
2020,274090,134.66003316749587
2021,217600,230.4123711340206
2022,089010,172.9591836734694
2023,220260,237.32970027247956
2024,052400,223.37164750957857
2025,033110,0.0
2026,046070,-43.96355353075171
2027,047770,49.700598802395206
2028,078940,-23.993288590604024
2029,080530,-44.428969359331475
2030,224060,-15.617128463476071
2032,078650,15.577889447236181
2033,104540,222.38010657193604
2034,027050,11.826697892271664
2035,290510,-16.213592233009706
2036,007815,106.04982206405693
2037,007810,81.35095447870778
2038,00781K,52.95536791314838
2039,190650,84.58574181117534
2040,101670,57.69712140175219
2041,123410,78.37837837837837
2042,003690,20.34139402560455
2043,036690,130.19607843137254
2044,049430,39.082058414464534
2045,183300,178.52494577006507
2046,041960,-57.291666666666664
2047,089890,68.51851851851852
2048,009730,140.053050397878
2049,189350,74.85875706214689
2050,082660,9.025270758122744
2051,192820,61.80371352785146
2052,044820,48.41628959276018
2053,222040,99.2874109263658
2054,241710,120.0
2055,005070,160.56338028169014
2056,005420,81.21911037891269
2057,069110,-41.36008918617614
2058,071950,22.89029535864979
2059,166480,51.1520737327189
2060,045970,102.72727272727273
2061,196450,455.4054054054054
2062,029960,15.038560411311053
2063,002020,93.33333333333333
2064,003070,213.23529411764704
2065,003075,65.59485530546624
2066,144620,182.87037037037038
2067,102940,18.263473053892216
2068,002025,111.65644171779141
2069,120110,112.43339253996447
2070,120115,85.6140350877193
2071,950160,0.0
2072,138490,135.75418994413408
2073,021240,18.65942028985507
2074,033290,35.44165757906216
2075,056360,16.49874055415617
2076,282880,30.362116991643457
2077,121850,683.3894500561167
2078,015710,90.25641025641026
2079,052330,25.748502994011975
2080,322780,24.5
2081,126600,130.95238095238096
2082,200130,149.4331065759637
2083,031820,35.11111111111111
2084,192400,72.2972972972973
2085,284740,31.28834355828221
2087,060280,133.24324324324323
2088,015590,-19.524405506883603
2089,040350,-48.554913294797686
2090,051780,-34.23312883435583
2091,115180,52.9126213592233
2092,043090,3.6945812807881775
2093,182360,54.043392504930964
2094,066310,57.345971563981045
2095,136660,32.8125
2096,016600,-2.727272727272727
2097,264900,43.83561643835616
2098,26490K,83.97887323943662
2099,005740,21.44638403990025
2100,005745,54.899894625922016
2101,215570,43.59375
2102,043590,25.16778523489933
2103,114120,274.251497005988
2104,110790,80.78078078078079
2105,900250,81.0
2106,083790,-0.6993006993006993
2107,045520,14.61864406779661
2108,036170,-0.7092198581560284
2109,214150,55.71120689655172
2111,237880,11.016949152542372
2112,139670,585.1119894598155
2113,020120,245.20884520884522
2114,311270,8.020050125313283
2115,039490,87.5
2116,012170,636.6666666666666
2117,054780,721.1009174311927
2118,219130,153.96825396825398
2119,180060,16.923076923076923
2120,065130,7.334109429569266
2121,014580,66.78635547576302
2122,015890,100.5044136191677
2123,006890,196.7741935483871
2124,023160,36.64596273291926
2125,003240,48.148148148148145
2126,011280,59.68750000000001
2127,053620,75.34456355283308
2128,004100,75.54347826086956
2129,004105,25.206611570247933
2130,116100,-31.2
2131,009410,9.58904109589041
2132,009415,107.61245674740485
2133,044490,223.41526520051747
2134,124560,85.39944903581267
2135,001420,40.849673202614376
2136,007980,39.05109489051095
2137,191420,80.82191780821918
2138,073640,31.147540983606557
2139,182690,-48.754448398576514
2140,066700,17.305151915455745
2141,095610,86.88524590163934
2142,131970,-13.461538461538462
2143,055490,271.7391304347826
2144,308700,-23.83419689119171
2145,089030,95.77464788732394
2146,258050,-26.666666666666668
2147,054450,140.5731523378582
2148,091440,17.77456647398844
2149,078000,-1.7094017094017095
2150,200230,-20.317460317460316
2151,214420,-1.6049382716049383
2152,215480,22.972972972972975
2153,051360,28.90262751159196
2154,045340,649.5029821073559
2155,108230,7.391304347826087
2156,079970,36.182336182336186
2157,199800,250.41322314049586
2158,105550,57.27002967359051
2159,026150,97.86096256684492
2160,322180,80.60021436227224
2161,117730,47.3919523099851
2162,033830,72.02380952380952
2163,057680,210.48034934497815
2164,064760,221.06164383561642
2165,246710,332.7586206896552
2167,277880,-38.03174603174603
2168,131290,434.313725490196
2169,019180,36.344086021505376
2171,062860,163.40326340326342
2174,321550,68.8376753507014
2175,091810,-4.778156996587031
2176,004870,57.714285714285715
2177,191600,4.733727810650888
2178,104480,71.84684684684684
2179,309900,-45.60669456066946
2180,081150,127.69230769230768
2181,130740,193.0232558139535
2182,217880,46.400000000000006
2183,084730,204.01529636711282
2184,046210,161.66666666666666
2185,034230,37.03703703703704
2186,033540,56.41025641025641
2187,043200,-33.99503722084367
2188,217950,82.79569892473118
2189,214450,80.16304347826086
2190,208340,-23.883495145631066
2191,005690,-14.971751412429379
2192,177830,54.09395973154363
2193,037070,200.63291139240508
2194,150900,133.33333333333331
2195,037030,125.95978062157221
2196,047310,39.719626168224295
2197,266870,-31.655172413793103
2198,170790,60.329531051964516
2199,049120,35.60606060606061
2200,038950,99.68102073365232
2201,106240,176.45788336933046
2202,131760,11.885245901639344
2203,065690,69.44444444444444
2204,140860,351.17845117845116
2205,091700,44.5945945945946
2206,038160,0.0
2207,202960,181.11111111111111
2208,032800,-3.755868544600939
2209,318010,-12.173913043478262
2210,036580,118.944099378882
2211,027710,141.50058616647127
2212,225590,100.0
2213,054300,27.55798090040928
2214,068050,138.34048640915591
2215,028670,121.14695340501794
2216,222110,31.710709318497916
2217,010820,83.10344827586206
2218,016800,7.078039927404718
2219,263750,72.99270072992701
2220,251970,54.958677685950406
2221,001020,130.80808080808083
2222,327610,73.29192546583852
2223,087010,19.12751677852349
2224,090080,17.395944503735326
2225,043370,96.96969696969697
2226,010770,52.52100840336135
2227,119500,137.96791443850267
2228,016670,-42.426035502958584
2229,056730,6.164383561643835
2230,022100,98.64864864864865
2231,058430,203.1413612565445
2232,009520,180.66666666666666
2233,047050,88.3177570093458
2234,003670,262.14953271028037
2235,189690,42.55725190839695
2237,256630,32.66533066132264
2238,141020,0.0
2240,007630,0.0
2241,290720,38.13333333333333
2242,005670,58.38509316770186
2243,094940,-0.48543689320388345
2244,007330,232.61802575107296
2245,017810,77.60416666666666
2246,093380,85.15981735159818
2247,023900,84.72222222222221
2248,103140,89.80169971671388
2249,005810,-5.360824742268041
2250,195440,-24.131627056672762
2251,214270,26.82926829268293
2252,220100,75.0
2253,035200,101.67714884696018
2256,203690,-22.81323877068558
2257,303360,6.306306306306306
2258,053610,110.98484848484848
2260,053160,265.8031088082902
2261,075130,70.52631578947368
2262,222670,-15.337423312883436
2263,237820,48.148148148148145
2264,023770,-32.53521126760563
2265,300080,71.3375796178344
2266,150440,10.192307692307692
2267,032580,64.13043478260869
2268,051380,37.43455497382199
2269,241820,176.0
2270,237750,109.19540229885058
2271,131390,138.55835240274598
2272,024850,123.99445214979194
2273,319660,143.36569579288025
2274,031980,36.62207357859531
2275,002230,102.61682242990655
2276,242350,28.084415584415584
2277,239890,-9.090909090909092
2279,137400,245.6973293768546
2280,128660,54.142011834319526
2281,006140,106.5
2283,062970,-11.251980982567353
2284,087600,155.7659208261618
2285,057880,21.082621082621085
2286,033180,-25.937834941050376
2287,161580,37.41721854304636
2290,332710,4.714640198511166
2291,341160,5.513784461152882
2294,086790,95.88100686498856
2296,067310,192.28855721393035
2298,307160,8.955223880597014
2299,166090,191.01123595505618
2300,293480,25.255102040816325
2301,039130,82.74932614555256
2302,136480,28.54077253218884
2303,003380,85.38538538538538
2304,172580,-4.932735426008969
2305,153360,6.854838709677419
2306,149980,94.3986820428336
2307,013030,58.85167464114832
2308,126700,81.46718146718148
2309,106080,-6.606606606606606
2310,071090,105.3763440860215
2311,340120,4.5
2312,221840,59.523809523809526
2313,106190,104.337899543379
2314,019490,258.5185185185185
2315,000080,36.734693877551024
2316,000087,55.00000000000001
2317,000140,66.17647058823529
2318,000145,44.285714285714285
2319,066130,139.23923923923925
2321,152550,-1.4705882352941175
2322,004590,90.22988505747126
2323,036460,59.71563981042654
2324,039340,79.27461139896373
2325,005430,62.62425447316103
2326,071050,90.22222222222223
2327,071055,121.99312714776633
2328,034950,48.65771812080537
2329,010040,62.57545271629779
2330,025540,187.82435129740517
2331,222980,187.95811518324606
2332,331660,1.662049861495845
2333,318000,88.34080717488789
2334,256840,354.82866043613706
2335,004090,218.88361045130642
2336,025550,69.58637469586375
2337,002200,55.23809523809524
2338,002960,3.7037037037037033
2339,023890,48.62604540023895
2340,017890,28.35820895522388
2341,000240,115.11627906976744
2342,080720,-21.712538226299692
2343,123890,146.05263157894737
2344,015760,21.842105263157897
2345,063570,39.38100320170758
2346,041460,121.66405023547881
2347,006200,220.0836820083682
2348,101680,-42.74353876739563
2349,039740,58.31381733021077
2350,053300,139.7887323943662
2351,025770,28.194444444444443
2352,310870,4.477611940298507
2353,009540,74.73821989528795
2354,023350,83.81201044386422
2355,025890,54.58333333333333
2356,000970,32.285714285714285
2357,104700,232.8149300155521
2358,017960,124.04371584699454
2359,023760,66.01466992665037
2360,054040,135.87786259541986
2361,050540,0.0
2362,161890,55.55555555555556
2363,024720,62.42937853107344
2364,021650,167.64705882352942
2365,161390,161.60000000000002
2366,053590,0.43103448275862066
2367,034830,49.22600619195047
2368,007280,58.52713178294574
2370,168490,1.3123359580052494
2371,037230,171.86629526462397
2372,010100,133.71647509578543
2373,047810,81.48148148148148
2374,123690,1.276595744680851
2375,003350,42.393509127789045
2376,030520,99.77426636568849
2377,052600,393.3920704845815
2378,011500,311.91709844559585
2379,002390,30.861244019138756
2380,256150,137.0503597122302
2381,014790,147.05882352941177
2382,092460,47.784200385356456
2383,060980,47.82608695652174
2384,053690,52.85714285714286
2385,042700,265.2694610778443
2386,008930,127.45098039215685
2387,128940,28.920570264765782
2388,047080,173.59667359667358
2389,009240,128.4313725490196
2390,020000,103.0
2391,003680,93.6969696969697
2392,105630,125.0280583613917
2393,069640,49.411764705882355
2394,016450,85.37682789651294
2395,010420,72.72727272727273
2396,009180,209.04977375565613
2397,070590,-23.026315789473685
2398,213500,38.64734299516908
2399,014680,219.20529801324503
2400,004710,111.42284569138276
2401,004150,48.65900383141762
2402,025750,205.88235294117646
2403,226440,85.02202643171806
2404,042520,-34.9869451697128
2405,004960,88.3177570093458
2406,011700,96.63865546218487
2407,078350,42.59501965923984
2408,045100,116.86746987951808
2409,001750,110.82089552238806
2410,001755,174.8815165876777
2411,018880,107.40305522914217
2412,009420,1.3274336283185841
2413,014130,53.67372353673724
2414,046110,74.46153846153845
2415,024740,86.7579908675799
2416,005860,35.19163763066202
2417,300720,171.84466019417474
2418,123840,67.70186335403726
2419,002220,78.2442748091603
2420,006390,102.29885057471265
2421,003300,-62.55506607929515
2422,007770,96.7948717948718
2423,051600,10.915492957746478
2424,052690,48.18481848184818
2425,130660,68.81720430107528
2426,107640,49.5
2427,002320,34.58528951486698
2428,097230,69.93166287015946
2429,003480,44.42379182156134
2430,180640,-29.1358024691358
2431,18064K,-22.54901960784314
2432,005110,-40.963855421686745
2433,079170,72.82229965156795
2434,009460,-36.376210235131396
2435,086960,97.83715012722645
2436,054920,360.1063829787234
2437,002680,-13.784461152882205
2438,066110,-3.225806451612903
2439,000880,109.53947368421053
2440,00088K,56.31808278867102
2441,088350,143.1818181818182
2442,000370,201.23456790123458
2443,009830,292.94117647058823
2444,009835,652.5510204081633
2445,272210,194.27430093209054
2446,317320,8.431372549019608
2447,012450,105.0125313283208
2448,000885,145.7142857142857
2449,003530,219.54887218045113
2450,003535,472.0754716981132
2451,340440,2.9850746268656714
2452,220630,50.21367521367522
2453,195870,146.66666666666666
2454,034810,100.12391573729865
2455,076610,6.140350877192982
2456,101530,-11.266094420600858
2457,220180,9.214501510574017
2458,143210,15.689655172413794
2459,008800,0.0
2460,900270,0.16806722689075632
2461,084990,-64.26592797783933
2462,000720,70.73643410852713
2463,267270,252.78688524590166
2464,000725,80.94218415417559
2465,170030,186.55834564254062
2466,005440,56.99404761904761
2467,086280,117.51740139211138
2468,064350,75.43103448275862
2469,079430,151.04022191400833
2470,012330,75.37537537537537
2471,319400,127.75000000000001
2472,010620,151.9774011299435
2473,048410,367.4267100977199
2474,052260,0.0
2475,069960,61.101243339254
2476,004560,186.41571194762685
2477,004565,108.77817319098457
2478,016790,55.60975609756098
2479,011760,86.19047619047619
2480,004310,92.07920792079209
2481,322000,96.7123287671233
2482,017800,-15.498154981549817
2483,307950,271.0691823899371
2484,011210,193.7142857142857
2485,267260,225.81648522550543
2486,004020,184.31952662721892
2487,267250,49.87146529562982
2488,005380,155.26932084309132
2489,005387,75.94254937163375
2490,005389,85.68627450980392
2491,005385,96.46365422396856
2492,001500,94.48584202682562
2493,227840,88.715953307393
2494,039010,110.42830540037242
2495,126560,49.92175273865415
2496,001450,16.113744075829384
2497,057050,40.94076655052265
2498,092300,93.6123348017621
2499,053660,-3.614457831325301
2500,011080,356.4102564102564
2501,093240,362.6068376068376
2502,003010,117.00288184438041
2503,111110,-7.727272727272727
2504,008770,28.550295857988168
2505,008775,82.17391304347827
2506,060560,4.477611940298507
2507,064240,17.509025270758123
2508,039610,86.37992831541219
2509,002460,63.758389261744966
2511,241590,71.02803738317756
2512,006060,14.918759231905465
2513,013520,24.91349480968858
2514,010690,180.0
2515,126640,179.04040404040404
2516,133820,93.04029304029304
2517,061250,-47.91454730417091
2518,010660,29.219143576826195
2519,000850,22.22222222222222
2520,016580,26.76056338028169
2521,032560,80.59071729957806
2522,004800,48.16666666666667
2523,094280,61.6
2524,097870,57.414448669201526
2525,298040,496.19771863117876
2526,298050,524.7947454844007
2527,298020,450.9615384615385
2528,298000,254.7646383467279
2529,093370,72.9818780889621
2530,050090,180.41237113402062
2531,081660,54.107142857142854
2532,290270,88.68501529051987
2533,005870,87.17391304347825
2534,284420,74.6384872080089
2535,090710,46.42375168690958
2536,205470,136.36363636363635
2537,115160,62.19512195121951
2538,028080,64.8590021691974
2539,032860,4923.923444976076
2540,200670,47.878787878787875
2541,212310,-41.45907473309609
2542,079980,115.1035322777101
2543,065510,22.59475218658892
2544,005010,99.0909090909091
2545,243070,31.074766355140188
2546,084110,21.021611001964637
2547,145020,-45.84344660194174
2548,069260,49.31506849315068
2549,024060,43.280632411067195
2550,010240,248.52941176470588
2551,189980,375.43859649122805
2552,000540,93.63207547169812
2553,000547,-28.771929824561404
2554,000545,77.491961414791
2555,003280,0.0
2556,037440,33.943661971830984
2557,238490,-9.655172413793103
