,종목코드,일일변동평균,샤프지수
0,000020,0.4480716446586049,21.871310605149727
1,000040,0.4633960687986752,21.853372278447324
2,000050,0.2722592032225261,18.307817076035004
3,000060,0.2101356761017587,28.33529887075286
4,000070,0.3872459373610103,37.74151624098063
5,000075,0.3452310943347294,25.218637519664288
6,000080,0.1532530256294458,16.037969903902162
7,000087,0.1856553603647059,29.21339032779308
8,000100,0.1786976458290964,18.045058594389605
9,000105,0.2032096756957781,14.210696114605552
10,000120,0.1440434788958315,19.32673084141619
11,000140,0.2381125629824867,28.644722468111723
12,000145,0.1945425738414517,17.514123461202306
13,000150,0.2329605922408233,10.898281014977938
14,000155,0.1413129894823199,5.667006347585632
15,000157,0.4644835974289034,11.491188421981498
16,000180,0.3026812758841156,29.90744371237394
17,000210,0.1652866229442884,12.339717809441108
18,000215,0.2151964540598505,23.66421756402196
19,000220,0.3101806619832787,16.146492977900852
20,000225,0.5820120815219177,26.55177101487187
21,000227,0.6012455830519754,25.13354154064785
22,000230,0.2839104255519972,35.91182620915858
23,000240,0.4065559271321348,25.743454753566706
24,000270,0.5247123227632431,68.55367111274734
25,000300,0.1612858666527482,8.466073844001963
26,000320,0.2155224348681848,43.58670186871299
27,000325,0.0782412564967207,5.467869416689717
28,000370,0.4886534522672083,57.9917106375153
29,000390,0.5227535791543457,34.42922140583494
30,000400,0.1706727362255466,17.740939129544966
31,000430,0.2249080790705235,27.370525038879123
32,000480,0.0675696673939732,12.399097939762717
33,000490,0.4117433508049529,51.073859278595
34,000500,0.3525846851938507,37.505306239407
35,000520,0.1020892810846623,7.201133763812829
36,000540,0.2932145831078287,29.20564489427161
37,000545,0.4440028856450147,10.877961456034267
38,000547,-0.0419716928319897,-6.088855126830774
39,000590,0.2478098108674515,14.060042269491674
40,000640,0.1546587324950768,10.545398751903804
41,000650,0.1441113156768803,10.022443012663343
42,000660,0.2170015423348241,28.45674726266286
43,000670,0.0981833356762052,13.684186216081176
44,000680,0.3534274504792007,21.28959831817748
45,000700,0.0821802032897041,9.818649996078856
46,000720,0.2212624295398914,28.917224636404896
47,000725,0.4056683810782138,12.745165551764693
48,000760,0.3109305314658874,37.12970589131973
49,000810,0.1102024935321141,11.393086859396288
50,000815,0.1244715398493986,19.348240128834952
51,000850,0.0774357751407538,17.755082449078014
52,000860,0.3267838472544487,56.970341676318505
53,000880,0.3490967283731603,33.20221403985565
54,000885,0.6168610475864548,19.450271124146155
55,00088K,0.1951886343279742,28.943723135037327
56,000890,0.2053878689183106,18.206515690385128
57,000910,0.7224411849232095,47.069639310829125
58,000950,0.626349109246958,44.84743251077339
59,000970,0.1331197753914372,16.132457905439075
60,000990,0.4451421570303656,49.648820281067145
61,000995,0.6412982914523205,25.21189220472486
62,001020,0.4643970588518848,23.6924519235432
63,001040,0.1807635750382391,21.02853140622091
64,001045,0.2496258090832193,35.07020185106626
65,00104K,0.2481877511950058,38.20172758213651
66,001060,0.0303495712002199,1.4065441955665654
67,001065,0.3326880676063978,5.898605333192066
68,001067,0.4661656603809901,11.6737198206371
69,001070,0.3236261755266635,83.27478607953383
70,001080,0.2821822008465376,29.439248236526904
71,001120,0.5655462770352356,73.53676030868311
72,001130,0.1340778855784323,7.654793020572559
73,001140,0.2428898742879992,9.472896981383364
74,001200,0.3938087850544363,35.669444261035586
75,001210,0.1027747439402932,3.554351056105351
76,001230,0.6063845693097628,72.38046092935046
77,001250,0.3175420966171194,36.35077813795824
78,001260,0.2718887280814168,13.801588332324512
79,001270,0.147439126396106,32.1349322061014
80,001275,0.1320565877366028,32.807662502424044
81,001290,0.0515864549887739,4.102934248243298
82,001340,0.3614162858096496,23.56581129207593
83,001360,0.2382198171533755,7.226109321832834
84,001380,0.5908191977691334,56.56217594861568
85,001390,0.431862145470149,45.89486994018932
86,001420,0.1428733894225899,18.94022191729336
87,001430,0.4242903493806802,42.29290485943817
88,001440,0.4420598880406153,27.91500641858311
89,001450,0.057027100901466,6.735681472929651
90,001460,0.260026831064065,45.57573162036544
91,001465,0.2075948518026188,31.119870753696667
92,001470,0.8673722049771021,111.96276931809476
93,001500,0.2792807467628927,40.28468859729025
94,001510,0.2901574050755217,19.501368897077064
95,001515,0.5569742864070671,22.942754367257475
96,001520,0.1747580704659238,6.702298711023995
97,001525,0.2696307998978079,8.179402433273724
98,001527,0.3288763042016621,8.196756456565028
99,001530,0.5509791695944891,63.16805284691173
100,001550,0.2901029876561528,16.012404980268748
101,001560,0.1942842501899104,24.658755140066678
102,001570,0.4136293374939263,21.99050812641647
103,001620,0.2588243129956212,28.960033661983037
104,001630,0.0588884148344565,-1.7288984034738828
105,001680,0.1816651499242546,20.80413755331194
106,001685,0.219309453745692,29.84738470801621
107,001720,0.094722959816994,19.445861220627293
108,001725,0.0885436961091376,22.110341990260192
109,001740,0.1120032027709054,9.898424135594034
110,001745,0.3936445658734074,8.000539082905204
111,001750,0.3258087268801036,54.60118985056031
112,001755,0.6460412440247433,25.317730529235945
113,001770,0.2104770532194592,13.373569264137236
114,001780,0.5810561121217185,39.0707945919775
115,001790,0.2913943504245901,44.81588586602779
116,001795,0.378198127421216,61.09700768363585
117,001800,0.0829414379739275,12.375029212594432
118,001820,0.242857823472148,29.084129713107675
119,001880,0.3934562467225995,46.984754180216285
120,001940,0.2467344673407324,52.244070413249744
121,002020,0.3279279725839213,23.83268664147389
122,002025,0.4070126304915236,23.68321715848136
123,002030,0.2094788197924126,36.475791709880674
124,002070,0.0846023306984614,-1.04534310451219
125,002100,0.1959503954052537,11.80813844379296
126,002140,0.4012201096905359,25.07038059646447
127,002150,0.0954025852786564,12.094368303360504
128,002170,0.1925541700317377,32.708015305080686
129,002200,0.1879839406562346,28.31320382948216
130,002210,0.0957270009188061,3.986700064102674
131,002220,0.2568735313899198,38.25508757835927
132,002240,0.2858314513121809,25.42853914067976
133,002310,0.2745049727226275,29.222507152629436
134,002320,0.2174599605593483,11.341556492174218
135,002350,0.229114571341253,24.381853946898783
136,002355,0.1868372587762957,32.749503838942424
137,002360,0.1667569824090397,10.246872391821366
138,002380,0.2798221332474085,32.697700424864806
139,002390,0.1342073734501645,10.883883790759144
140,002410,0.2165251984402671,8.212241804252951
141,002420,0.1447139607365263,9.279595671946018
142,002450,0.1103330392284052,15.020346050333805
143,002460,0.2239996943100961,28.832502522239697
144,002600,0.1537702779992946,20.63344955748574
145,002620,0.4241597698554107,14.949324661987786
146,002630,0.5734668146147547,30.95386893802572
147,002690,0.3820646218074044,40.64218992894885
148,002700,0.1538834814543161,17.931444063214926
149,002710,0.5925413174977915,44.46146082164681
150,002720,0.2467700086611879,7.175200045030151
151,002760,0.2205613886348378,12.605448253307486
152,002780,0.3064886588047006,25.28153299078105
153,002785,0.2998170711185658,7.505426500979879
154,002787,-0.0150142421412157,-3.346333051712913
155,002790,0.0924367603926018,11.469527601530876
156,002795,0.1273346231612544,7.665026043597167
157,00279K,0.0791744014131387,13.61525026506146
158,002810,0.0823606555645841,13.657231630739377
159,002820,0.2402633221448566,36.55886309436077
160,002840,0.5103854796424812,104.13483104283463
161,002870,0.7400114452534104,49.57437257277624
162,002880,0.2508137923476725,16.422903515419353
163,002900,0.3059671066701356,30.193116054806158
164,002920,0.1826953621047084,14.054095659476417
165,002960,0.0171366109971018,2.253227053049626
166,002990,0.2251194039639437,17.419240799331416
167,002995,0.2328688503811669,6.113112646088009
168,003000,0.130215382683074,1.696619811200872
169,003010,0.3721397528775563,32.73046637985467
170,003030,0.3571958330889644,55.20565411304116
171,003060,-0.04733957061114,-5.03920531179088
172,003070,0.5640861244922754,44.22023472914695
173,003075,0.4124698969226896,9.516241089171286
174,003080,0.2526225852530421,25.38378832404206
175,003090,0.6561855745090576,27.88163259062468
176,003120,0.013273840890261,4.480630605647769e-06
177,003160,0.4847003971921587,58.999170892886575
178,003200,0.3140094966621314,48.53863265893641
179,003220,0.1281590328604025,6.321521558684787
180,003230,0.001999798711539,-3.071664917705906
181,003240,0.1767911757464811,22.217011823449404
183,003300,0.2792008703273335,38.97220287322044
184,003350,0.1920452793064769,12.544237793594194
185,003410,0.1965602338363517,31.131712379187675
186,003460,0.0831659495739039,11.618973657553532
187,003465,0.0811037259265127,8.72444558568323
188,003470,0.2652211529991143,32.72115314738481
189,003475,0.3886389506764186,34.26607210780149
190,003480,0.2031281940538188,11.887901460756233
191,003490,0.3692916117016768,42.31895623021792
192,003495,0.689925459238486,50.37416186022168
193,003520,0.1789050407833964,7.2464811650385155
194,003530,0.5200416905078298,57.606669053886016
195,003535,0.9353570455254152,66.19798382091845
196,003540,0.2817795477955285,43.90565963457431
197,003545,0.2623172345238051,48.42462226016333
198,003547,0.2609319412365301,53.63657768164609
199,003550,0.2110651131318318,22.3967742001418
200,003555,0.2816401454233103,35.422550144350275
201,003560,0.2391256473800491,23.8519489265152
202,003570,0.1409167879418773,18.96484062931143
203,003580,0.1555438841992978,7.192165078864691
204,003610,0.1719993577108163,18.73429105608637
206,003650,0.1807355116546401,23.20912225494196
207,003670,0.5898033484709084,89.84137253741791
208,003680,0.4188226773609909,18.75826600783793
209,003690,0.0729919933141988,11.99040559734701
210,003720,0.498255227495173,54.257672400003145
211,003780,0.486482294239357,40.80010482566247
212,003830,0.2967553027263526,43.71966835991231
213,003850,0.3259265263968096,25.42461110313517
214,003920,0.0260743294151903,0.2114977715120111
215,003925,0.4183880262975158,17.301377736039658
216,003960,0.1862437623012972,19.875845334868902
217,004000,0.3041932676481119,32.22839830840758
218,004020,0.4514146222687553,57.21739754797437
219,004060,0.1852245294172314,13.493667443176184
220,004080,0.154455342391246,9.219491739104177
221,004090,0.5384299512090631,53.38142210929646
222,004100,0.2780809564303129,23.46141444151849
223,004105,0.1676292041814113,6.384946687112035
224,004140,0.7122935277042394,45.2553773443281
225,004150,0.1395208118196203,20.41215801380109
226,004170,0.1302584716666703,14.30474577911762
227,004250,0.1634574251698002,22.683778893923588
228,004255,0.1246356192212498,16.57986940455236
229,004270,0.3543534774120931,18.536408472143133
230,004310,0.3474409044244907,20.79218327288816
231,004360,0.2510179709980318,28.835975516199344
232,004365,0.2102331695489979,18.22630840509066
233,004370,0.0043539268691716,-2.118258355926405
234,004380,0.1590861195920238,16.81754389375775
235,004410,0.5715890135699043,21.830043729990724
236,004415,0.417318078044563,7.554763959011428
237,004430,0.37703332720767,34.87378446674903
238,004440,0.5971786947151021,64.15802312201117
239,004450,0.0143835079367364,-0.0441305454645125
240,004490,0.5378451360774835,45.78896529187297
241,004540,0.474643285835012,30.28246879959488
242,004545,0.4863112701374916,22.382121084584725
243,004560,0.5031091870488199,46.01047856393699
244,004565,0.4926056527950218,15.778829135660462
245,004690,0.0701830381583394,12.75179040532574
246,004700,0.1894409732018928,8.969750189103875
247,004710,0.3417812462071862,37.46782405636062
248,004720,0.3482430056997775,1.6423163568072143
249,004770,0.0445291294577393,-0.2371400736859078
250,004800,0.1784136464184919,20.35836183255075
251,004830,1.198829464429894,159.39726123139712
252,004835,0.7063966208218462,33.162650237879824
253,004840,0.366890317963515,21.67955545607411
254,004870,0.2292400163976672,17.37273581786721
255,004890,0.2273507732200398,90.54848097487722
256,004910,0.2326528787511704,27.21167041054421
257,004920,0.1587252675299505,8.88535550230756
258,004960,0.2884427795423622,31.794735562458023
259,004970,0.077183174515986,14.617859424211504
260,004980,0.3226194767184746,30.55452027551442
261,004985,0.5399839786973774,18.505844740961965
262,004990,0.1797912724914358,15.961251079200345
263,00499K,0.2206371907269647,11.486398284671742
264,005010,0.3001908874143661,48.42898081962019
265,005030,0.4024709736121734,23.539528577388847
266,005070,0.4713174575273446,43.599617479541806
267,005090,0.2147663326736083,16.240735899584045
268,005110,-0.0338081621901644,-6.003881537853304
269,005180,0.1163679881523381,-2.129535550535936
270,005250,0.3271963649575258,13.938516481933204
271,005257,1.1238084128530812,46.97154445291086
272,005300,0.2149009484907467,25.751880135413156
273,005305,0.2336919512940452,22.28348066481751
274,005320,0.511453861296745,23.705293044931093
275,005360,0.3686396069887527,20.8951393008821
276,005380,0.4109014375207665,50.55817778129333
277,005385,0.3051036930252155,34.9826879999367
278,005387,0.2597374035877508,26.66545105335313
279,005389,0.2800589028250109,34.746770653922475
280,005390,0.3344657369056765,17.445550559507268
281,005420,0.3159042866768998,20.550611317543392
282,005430,0.2397609053418073,19.154321778158877
283,005440,0.2151762207657442,25.88982812326652
284,005490,0.3062068226408135,45.52612626641047
285,005500,0.0559329224004398,7.80884821037664
286,005610,0.0904089342669026,8.962901919999583
287,005680,0.2095745134166226,25.86506438303499
288,005690,-0.0119250614012862,-3.2146619371186627
289,005720,0.1175431330918977,16.357584468710865
290,005725,0.1688651019516331,6.642062302177946
291,005740,0.1095009197229821,12.500753893080002
292,005745,0.260641615442401,14.257230077418232
293,005750,0.3745984474926264,60.13047336624143
294,005800,0.148108806817838,19.702582968343336
295,005810,0.149595319693505,14.467498695596731
296,005820,0.2130265583777087,27.0612901358358
297,005830,0.1524626887663154,19.35286561719654
298,005850,0.3661502093886439,32.15137898357822
299,005870,0.3668055052389424,17.528213476055427
300,005880,0.4688629143271449,37.0236997247033
301,005930,0.2333921389201348,42.20655418028719
302,005935,0.2552747961143225,56.69913221263894
303,005940,0.1304541507822491,16.69810566203306
304,005945,0.1194479138993414,25.944565326876805
305,005950,0.3425121628406065,19.129702155069893
306,005960,0.2865612070803282,41.70820937394495
307,005965,0.2198859932081762,8.218038647923287
308,006040,0.1856033833626944,17.720941467601506
309,006060,0.0806662412835714,5.787737511909051
310,006090,0.3006236431667542,14.8447297893517
311,006110,0.5745901916897765,31.80644136791872
312,006120,0.5321706644527454,42.451878330656925
313,006125,0.6828214546488368,32.49208379797726
314,006200,0.6558594321499188,35.4412315073254
315,006220,0.5404351175267559,56.15883773485514
316,006260,0.4048959261542207,38.66025407377135
317,006280,0.4900141580265772,33.29198061442712
318,006340,0.3040469118020425,25.605082838252898
319,006345,0.1207370488807344,-0.559444994382021
320,006360,0.335430866009978,47.08967570828838
321,006370,0.318470301771633,36.00494309485586
322,006380,0.2407663362473732,19.797712756896143
323,006390,0.3151866865439989,30.910467876140164
324,006400,0.4502643865142948,65.43298620401143
325,006405,0.5623822051216838,63.98631799984541
326,006490,0.1748272322129659,9.007054187009837
327,006570,0.0922071218302442,2.2576990154140377
328,006650,0.6158713885598448,63.67821129453315
329,006660,0.2681204757214429,29.07460958825777
330,006740,0.5100437724217911,29.49248385837752
331,006800,0.2857104865420642,40.30244987407679
332,006805,0.2069822176041131,25.089853053198627
333,00680K,0.1883707240738511,32.3860946831627
334,006840,0.2029653326104446,16.470180698138567
335,006880,0.2038989437894332,26.440166888780062
336,006890,0.5528327222795133,40.618948245580384
337,006980,0.2691722536681082,19.089648585285136
338,007070,0.1103491595007678,13.654515561459462
339,007110,0.0860593224445685,3.317943199704845
340,007120,0.2111917967587044,11.32537293221584
341,007160,0.3644264059198834,27.69109026119587
342,007210,0.4487579493262885,42.90314252136193
343,007280,0.2323508799028373,19.200217694296715
344,007310,0.0857955409261429,12.513916580657694
345,007340,0.0989879754871857,13.6588207199563
346,007460,0.1094858857142411,1.7204572489961982
347,007540,0.2884124192856889,21.59778697275759
348,007570,0.0935639909538567,-0.8281010387746714
349,007575,0.5500429061465182,6.273430730188236
350,007590,0.111962357317411,19.131915706960765
351,007610,0.2076178603630524,24.53386631092904
352,007660,0.1290535216947809,8.150229013742772
353,007690,0.261254062460082,33.54164895601606
354,007700,0.1754847153340064,13.209850173706732
355,007810,0.3001837000390204,21.15149087742128
356,007815,0.3300355001437089,33.4316443560796
357,00781K,0.2404578989562428,13.515552446605769
358,007860,1.0583469341971457,95.6630288360088
359,007980,0.1834911661025814,11.054598090308128
360,008040,0.2799382107054227,28.043253445837085
361,008060,-0.0056981506760831,-3.5960616796195235
362,00806K,0.2432312599154261,8.951813009011437
363,008110,0.2959737140487366,22.72818184228772
364,008250,0.367792339609923,33.912840710166584
365,008260,0.4298990633063446,48.02912502315044
366,008350,-0.0354509370537796,-6.228243130014096
367,008355,0.1727051160575271,0.4340566297312802
368,008420,0.4536708484197663,36.64703224682121
369,008490,0.1721552596384805,19.51833781589084
370,008500,0.3101591106061993,10.82120541930231
371,008560,0.2226970614347414,32.16034507733832
372,008600,0.2437988684101502,20.573754263266
373,008700,0.4429019316999888,26.997911482513206
374,008730,0.2576331878146557,19.686153212157404
375,008770,0.105041936919038,13.740312917252211
376,008775,0.3012519311721618,24.55128008425714
377,008870,0.2122606728612647,14.368770087297865
378,008930,0.4191804240624858,28.405957065560564
379,008970,0.1821866367803361,23.55805843598089
380,009070,0.6383627124473462,41.31160859362223
381,009140,0.312688953449413,21.81235808536813
382,009150,0.2909601401182876,41.86827896086346
383,009155,0.4302381108854354,62.21059544934168
384,009160,0.1743090136800122,27.341287139128383
385,009180,0.5619907160490654,43.61448264809261
386,009190,0.3948588813821944,19.6787942150682
387,009200,0.2033626448270414,23.212001509189065
388,009240,0.3856255806428061,42.56134838958436
389,009270,0.0569677269910407,3.78351842058366
390,009290,0.2293250033375725,14.105301590156037
391,009310,0.1772649570888757,14.612339685709255
392,009320,0.1838056263430944,13.27584125689181
393,009410,0.3373985585965,43.79031473033801
394,009415,0.7401062188588006,52.70676001020713
395,009420,0.0522554841809811,0.095024677465927
396,009440,0.1792206268300177,15.442433763614458
397,009450,0.2287354106313217,29.88838783963365
398,009460,-0.1455589089969203,-12.055409928130585
399,009470,0.3943494389485641,36.29661584091453
400,009540,0.2541189288910486,26.30579368104673
401,009580,0.241064147452035,31.97012712177385
402,009680,0.3520426809554538,23.06364735226487
403,009770,0.1173833132756565,19.2489188387057
404,009810,-0.1526657537352506,-11.342472448624356
405,009830,0.620988013796216,79.83822335167515
406,009835,1.1165021615521569,85.30746679734453
407,009970,0.128191283364389,16.33468820779752
408,010040,0.2231755396896468,21.39683774683949
409,010050,0.1897835425745497,22.60052034767679
410,010060,0.6040946057812523,58.857602211258026
411,010100,0.4754229515964495,25.66645138520473
412,010120,0.2747637297590949,25.00523459468932
413,010130,0.0783830226679053,8.037415835942092
414,010140,0.3293748629278097,31.897564985846472
415,010145,1.2403361556617023,82.46974683194918
416,010400,0.1294042997670662,18.38718886276254
417,010420,0.2521119734338681,25.507268091715535
419,010600,0.2010687757746108,10.288203734989237
420,010620,0.4133385151034831,49.43303559561094
421,010640,0.217866317412513,17.298690260522832
422,010660,0.1652857739023613,7.171112061320171
423,010690,0.5021587611396513,43.345313011331854
424,010770,0.2082575032435957,18.016961079123146
425,010780,0.4158968814836443,58.20990716338836
426,010820,0.3253257331700114,18.72641470246879
427,010950,0.1814342304082172,16.52094059475553
428,010955,0.1701365264707812,19.560884086967317
429,010960,0.1473914164610263,15.447336023326235
430,011000,0.208908237456907,-0.5970061765247526
431,011070,0.2868027930856133,28.560429388494327
432,011090,0.5503547978422694,43.31507444741016
433,011150,0.2554660756495641,4.68735072305373
434,011155,0.178611568727989,0.0284497846965476
435,011170,0.2280484642446469,20.48764569244251
436,011200,0.9911957212596187,204.45205697059816
437,011210,0.5158034155406059,45.09160297171677
438,011230,0.3623829244708412,34.12997496857852
439,011280,0.2733519514706268,14.383166201130228
440,011300,0.4763737599514446,20.296638432871625
441,011330,0.1341086178536299,12.557054736552512
442,011390,0.1328060388970333,7.846965916300282
443,011420,0.2658154262079721,22.86024547184386
444,011500,0.7103299647320738,55.33572729307374
446,011700,0.306175094093734,37.47108403952429
447,011760,0.2799696391462666,32.031996816523176
448,011780,0.6576190135232576,79.45611891579436
449,011785,0.7391565278635989,92.51439273052284
450,011790,0.5549435079209376,75.64513075580759
451,011810,0.1768994279168718,5.830821353849258
452,011930,0.669253780977096,51.50374320277091
453,012030,0.1969479165749534,26.58302162869481
454,012160,0.1988589031651187,13.908824011863834
456,012200,0.3445055765259464,26.54013076740489
457,012205,0.1220915417603596,6.696821268440646
458,012280,0.3496307186400541,17.232726200955785
459,012320,0.238408198864412,39.53446588135885
460,012330,0.2666828015031848,24.393016193650578
461,012450,0.3262906215655289,33.90179286823277
462,012510,0.1166777041223302,7.718373398889359
464,012610,0.1427868789636401,11.135314639209716
465,012630,0.1964376700460832,19.339934235270334
466,012690,0.0266154749173406,-1.502219179501015
467,012750,0.023835648996348,3.9438565616154375
468,012800,0.3194837388476803,27.4313319773933
469,013000,0.2651883884189371,13.488913035678516
470,013360,0.2734377834193111,24.630428132180477
471,013520,0.3289184331543189,33.775145391496565
472,013570,0.2337152440874698,20.9342104067389
473,013580,0.4250193908515008,41.29020232698704
474,013700,0.4125897830631448,24.67925017034249
475,013870,0.4161755044472825,30.722761413788383
476,013890,0.1713891605075523,14.599100929254163
477,014130,0.2572510614723362,13.32901186431685
478,014160,0.6380125900975491,39.259055877086446
479,014280,0.3923379996183407,52.81851363044917
480,014285,0.4017781244128391,11.217968414779872
481,014440,0.3056907832964634,27.350211469451885
482,014530,0.3822553062442916,36.836999189638746
483,014580,0.2399770559431437,23.810093705778225
484,014680,0.4993420743999658,72.74152032769364
485,014710,0.3282869946914455,11.040415792234418
486,014790,0.3791750560355054,52.57219316529147
487,014820,0.4413313546193414,37.03547377881552
488,014825,0.2773542013295237,18.536575314244637
489,014830,0.2997508102507787,48.22373664145686
490,014910,0.1482799893623052,15.25303761375426
491,014915,-0.049139703194944,-6.13185872354475
492,014990,0.0255533878445441,-0.9128507300449252
493,015020,0.5057887574123853,35.005773945783986
494,015230,0.341143924389142,48.98344244571717
495,015260,0.0674892223339513,-1.590512528923644
496,015360,0.0646484403713327,10.597082239636103
498,015590,0.0665386985521267,4.442937202555573
499,015760,0.0998415733817582,9.273174137172592
500,015860,0.3071529763467889,24.10770211502378
501,015890,0.3070165305226243,40.96682738085282
502,016090,0.1533600183734496,18.15480298969798
503,016360,0.1458508967266113,19.287121253362912
504,016380,0.4569882690741494,23.88981663842366
505,016450,0.2899296979907775,23.270271575367605
506,016580,0.1055139107159035,11.548340468270547
507,016590,0.2048402992268754,25.755967344642723
508,016610,0.3124908096092449,44.99288767169735
509,016710,0.5000934707998219,119.2801526282293
510,016740,0.4145156994876205,33.08478685044902
511,016800,0.0315103197649301,7.899380844477486
512,016880,0.4832413837690851,53.08417236367775
513,017040,0.2255825298347155,26.08791394730774
514,017180,0.153404897022434,2.4389502986000755
515,017370,0.2497595659419791,17.479315590551508
516,017390,0.1846310605944013,15.63143080162622
517,017550,0.6441957206428588,55.38145376327923
518,017670,0.1960575794043944,30.438357104240776
519,017800,0.1109951008735009,9.278012344234575
520,017810,0.2819820537127953,30.217551050399383
521,017900,0.2473138738230722,19.990121844171675
522,017940,0.2007481372296357,27.5132545653588
523,017960,0.3664375248610304,41.49924160709558
524,018250,0.0449042290454073,4.315768329709556
525,018260,0.1325493955207167,15.238647401326917
526,018470,0.1326281779769682,8.517278491497269
527,018500,0.4270257746642243,36.87486545230138
528,018670,0.2480176214811996,24.69710965036925
529,018880,0.3312061130551214,32.85060303679802
530,019170,1.0572277137430532,71.81064267857408
531,019175,1.0310969529881877,46.071068145584015
532,019180,0.1834359323325956,9.611610000299033
533,019440,0.1744529660912506,30.744027599776125
534,019490,0.7479401798058443,50.97040691660081
535,019680,-0.1086609815994195,-6.263123297790231
536,019685,0.0395560251423096,6.188184957107507
537,020000,0.3397702619387904,35.41341991120331
538,020120,0.5871685068465788,53.87269876639108
539,020150,0.3478096907008561,45.5155814016582
540,020560,0.08759717639896,0.9013222631548462
541,020760,0.3204231924884781,25.980291194352112
542,021050,-0.0191404854652455,-4.64774351061405
543,021240,0.0797715292170318,7.269885621988864
545,023000,0.3052515784137774,30.85122193650743
546,023150,0.0815867094282092,1.717932125914624
547,023350,0.2881706292354586,26.94435492606388
548,023450,0.3116910730045968,48.9141086959245
549,023530,0.2451304413537959,28.82154532798262
550,023590,0.2897852754104325,27.774766019349883
551,023800,0.7374839463630622,71.25275389201195
552,023810,0.3778969832828244,44.82033452290826
553,023960,0.7928203900763303,56.6928550083353
554,024070,0.3133569761180681,26.141393956085228
555,024090,0.2286131180145683,46.86274739592589
556,024110,0.0980442991454402,14.6513162952041
557,024720,0.2433400947467066,18.873442290402465
558,024890,0.4604820538429563,49.388241654003295
559,024900,0.6578001336616012,52.4847431088345
560,025000,0.1783757209835592,23.606115201268786
561,025530,0.1877670021954667,36.91228871497463
562,025540,0.5107949596105918,49.021560886037534
563,025560,-0.162433917744298,-13.193528694453144
564,025620,-0.0559045358489005,-7.183974278874256
565,025750,0.5523219334097929,44.55122188618223
566,025820,0.4708860246330454,45.61801772291138
567,025860,0.1258016175029928,15.774976508722816
568,025890,0.2334469177030102,16.790531088030864
569,026890,0.4275916423324467,18.24805026063349
570,026940,0.070145725025123,2.979944210107706
571,026960,0.3312594169967763,35.23335241506744
572,027410,0.2948366288108614,34.73847221578985
573,027740,0.0486156855266852,0.830248019227843
574,027970,0.1373212355077956,9.682476758668898
575,028050,0.1630494009520852,15.93403034604816
576,028100,0.1688180481547828,15.631586259726522
577,028260,0.1653296755386669,17.994518189170297
578,02826K,0.3103237597159002,25.01719945604513
579,028670,0.3562419241411261,35.1776770782855
580,029460,0.3452422934997822,44.15281057750908
581,029530,0.1426533216198995,15.975019536999676
582,029780,0.0718517277661842,13.025339887165234
583,030000,0.1445987697180805,16.746947787128146
584,030200,0.1546077183047223,30.068330113004624
585,030210,0.3940340848742567,49.04679964788637
586,030610,0.1346865037138058,19.23669642880668
587,030720,0.1092476105698429,5.360497485902598
588,030790,0.6358454345516836,36.99671657334739
589,031430,0.0603996565519866,4.000537755704478
590,031440,0.2029721957779365,26.53201954864211
591,031820,0.1995196016184118,9.968424566052825
592,032350,0.3614562745302366,41.30010266356524
593,032560,0.3321222541255214,36.720203050209605
594,032640,0.0681783179149989,8.153556862243887
595,032830,0.2847444073043011,30.63834129255415
596,033180,0.0413869039667469,-3.750351054012994
597,033240,0.4975806050032543,48.29164458782523
598,033250,0.09054661353432,-1.3801201793490177
599,033270,0.5952695439524015,26.93889999060778
600,033530,0.5458516287802588,45.918891867245485
601,033780,0.0451986236211043,9.49293875619334
602,033920,0.1711521742754967,16.529141929688087
603,034020,0.6842011638237816,61.77704467249221
604,034120,0.1597299597179689,13.009317980548072
605,034220,0.3268015783379548,42.73032619227429
606,034300,0.4642787254524889,41.430542664736784
607,034310,-0.0129992678175868,-3.0195239866257864
608,034590,0.0420505815250408,13.411743907480542
609,034730,0.2579551124237811,24.19479336202876
610,03473K,0.4471757543659922,18.416963734958568
611,034830,0.1711353769901228,26.903836349509877
612,035000,0.149425547176984,19.085371484315598
613,035150,0.3057914722213289,29.39338242040282
614,035250,0.1257041769213913,16.0486192508541
615,035420,0.3542088318067103,52.91277894116155
616,035510,0.2307817998815024,19.226189834740733
617,035720,0.5030371954664071,95.02687673234082
618,036420,0.3272901902910083,28.214851957267083
619,036460,0.21379741347535,23.41638409202904
620,036530,0.16087202175781,26.53052255229612
621,036570,0.1518800186801579,15.566822526895212
622,036580,0.3782901524043032,35.07770644947038
623,037270,0.8657936417454297,85.36375840469474
624,037560,0.2126971965320116,28.52221411982926
625,037710,0.111395216200395,16.145670930020593
626,039130,0.2746804605440212,33.52080258243628
627,039490,0.2868200872114677,27.73593910555465
628,039570,0.1794854803395664,22.897688765229635
629,041650,0.2918027412843955,18.300764458204632
630,042660,0.3489581560737024,36.98325341901694
631,042670,0.6098738081041003,50.02977704306564
632,042700,0.57173536036883,78.31055505177002
633,044380,-0.0929497719281348,-7.897844645664474
634,044450,0.2233630659587234,31.77297601895177
635,044820,0.2387998890770084,12.749186070186312
636,047040,0.369371634250388,48.7708244561412
637,047050,0.2835239574679672,27.197705163212184
638,047400,0.5493865183748603,31.446636034234853
639,047810,0.2586192310377792,32.621742665141284
640,049770,0.0731034932847689,5.893972073909484
641,049800,0.4121931489367402,55.04821167081455
642,051600,0.0447678843146127,6.4341200092902975
643,051630,0.421476605429506,24.21915981815792
644,051900,0.1573962642607412,22.60168009220209
645,051905,0.0396132151831714,6.470350076384958
646,051910,0.444568403721341,55.15646061656028
647,051915,0.4478042177997985,49.50148534301371
648,052690,0.1843011976521622,22.55435814352601
649,053210,0.1681729530118632,17.650656332194615
650,053690,0.2405087346782227,17.834967529363514
651,055490,0.5954185691402625,74.19694494386937
652,055550,0.1348040729963713,17.230394115620516
653,057050,0.1577373904320853,19.77273824231502
654,058430,0.5281061476999758,48.91891383019421
655,058650,0.2111150451168314,44.39735894053495
656,058730,0.044598194112925,1.1636368511324249
657,058850,0.3003977864977601,31.11571097013899
658,058860,0.3033116384763212,38.27989772768685
659,060980,0.1993667694311812,18.167983840373516
660,063160,0.4440970332281515,17.02311385754799
661,064350,0.2598459903657675,21.08170610354975
662,064960,0.3870498479257657,34.91017362565359
663,066570,0.5210463629694996,59.68744228958609
664,066575,0.6389192670235495,72.75828927490343
665,067830,0.2471867749233724,27.860801683161707
666,068270,0.1998125417438483,20.646043881270103
667,068290,0.4334647364020572,24.11669763827611
668,068400,0.1828328657282323,23.142500669859405
669,069260,0.2146412526154148,14.279095055622877
670,069460,0.1633730417158608,8.50018011874569
671,069620,0.3388880042081006,10.30745109461369
672,069640,0.1961639910065235,17.62007206397339
673,069730,0.275713414261986,30.46120652544563
674,069960,0.1998152125555542,27.588265805726294
675,070960,0.1406417622840426,11.119568944754429
676,071050,0.2673920390192638,28.848993627786484
677,071055,0.3522161454749444,40.09837245172261
678,071090,0.3247244689407441,34.299597772306086
679,071320,0.1040841802011372,12.031616152201709
680,071840,0.4440674571469842,50.4755777369605
681,071950,0.0957344662933312,9.604937921977983
682,071970,0.4938827603710779,32.68741991812037
683,072130,0.203446032653651,10.07462630065572
684,072710,0.0399947438699088,5.068302949570223
685,073240,0.1209142164867134,9.24299369517311
686,074610,0.0946861776932332,1.9779164136794176
687,075180,0.2456970492649194,34.25744861349214
688,075580,0.6537618475566409,52.10291784809997
689,077500,0.4511455370748454,35.43576690765423
690,077970,0.3146711659993758,22.13357475475542
691,078000,0.0089766224805059,-1.587678264970794
692,078520,-0.0033840047813256,-2.774873943252391
693,078930,0.0466613431839916,4.486988253641992
694,078935,0.0718345210910575,15.572268244435651
695,079160,0.2728057429435535,24.258806593248927
696,079430,0.4510841448888626,39.05336272944465
697,079550,0.3367189081217959,37.818074487328666
698,079980,0.3379922994471784,38.724009884907375
699,081000,0.4554876835696267,42.1934116158949
700,081660,0.2033052411668738,18.125851552874263
701,082640,0.269958760303885,33.898945743146015
702,082740,0.6078278695126377,65.80054030992584
703,083420,0.7386765599969315,82.66414085892252
704,084010,0.548192162024205,75.16693286359586
705,084670,0.0008509466722398,-3.1178697204848915
706,084680,-0.023085683111641,-3.764772343965269
707,084690,0.3323411247807392,37.06115129573478
708,084695,0.2248679559913696,32.016040459593924
709,084870,0.2495732731680454,12.021404491191989
710,085310,0.3062720144014477,23.695697441086413
711,085620,0.1538166073367266,15.323044268697856
712,086280,0.356668572959965,32.97023016537879
713,086790,0.2861894685447717,35.327204326084015
714,088260,0.0505329084708433,14.419554188975487
715,088350,0.4099944094485183,37.15784891920884
716,088790,0.5208076257176499,39.03150319136227
717,088980,0.0312455849623656,10.823826465481943
718,089470,0.3777628781165854,36.70265069196719
719,089590,0.2057085191447929,18.936562650825334
720,090080,0.0959868336838982,6.641850954495733
721,090350,0.2565522361574718,39.22722621837145
722,090355,0.1460268378219668,7.425319589328629
723,090370,0.1836214544516374,9.017961577305291
724,090430,0.2043675896414987,25.36147249131568
725,090435,0.1806320392601486,15.17475874106188
726,091090,0.0387751844315505,-2.024299573944854
727,091810,0.2669286426457605,16.2297546980512
728,092200,0.5490760666878355,30.47173818684005
729,092220,0.6730866843693544,45.08317291255397
730,092230,0.2486854614297017,12.185227255131158
731,092440,0.3329097828657741,41.69344100249282
732,092780,0.2915899677842344,22.15018157329058
733,093050,0.1986194888228556,22.34673046837126
734,093230,0.5175884878656671,17.67848350976313
735,093240,0.7469628592773383,67.34229223212326
736,093370,0.2635559079544297,23.03929574588392
737,094280,0.2226345416611661,21.623614134359475
738,094800,0.0329906059777326,13.105348467579455
739,095570,0.2100438266457417,20.39228016727055
740,095720,0.1598395860996868,16.380199841002934
741,096300,-0.0678977710749626,-11.910973892909183
742,096760,0.0104172500200613,-0.3508620081755059
743,096770,0.4523862843660949,41.10825504677047
744,096775,0.4742569669683008,33.65774835439901
745,097230,0.3030493142630265,18.45360641402597
746,097520,0.3528441387023435,36.976775212604245
747,097950,0.289312706221811,38.49725397258687
748,097955,0.3202881791537654,48.57284095547642
749,100220,-0.0731313243882293,-3.0998503428681965
750,100250,0.1262665476773591,31.478573088025477
751,100840,0.1310536658162468,21.178234567304067
752,101140,0.18881743716632,6.434827994208799
753,101530,0.1040860441638974,-3.930555126395689
754,102260,0.2848593079615903,54.102169678258186
755,102280,-0.002851967623398,-4.37857905020486
756,102460,0.2768159108897297,14.595869521527725
757,103140,0.2972064857906759,32.672398945906494
758,103590,0.3452819042321763,43.05585509380136
759,104700,0.5090494240643234,110.14059957341831
760,105560,0.2271669095108626,31.637295313983174
761,105630,0.3857300707817402,35.61789694308014
762,105840,0.204830470449614,16.709102091038808
763,107590,0.4560495595942063,61.300544200179694
764,108320,0.452796790773659,61.56379530885008
765,108670,0.3992005209886349,47.798638639896886
766,108675,0.4329883266607123,45.28920555854814
768,111110,-0.0161187239065874,-3.956150313236408
769,111770,0.2796750500146037,28.24891443150372
770,112610,0.8133978290939661,117.16185304061464
771,114090,0.1178657369047926,11.741366957684676
772,115390,0.2240322243716741,27.12099394622394
773,117580,0.0933138215611206,26.282890514682983
774,118000,0.2019755758890653,-1.898857047796844
775,119650,0.5194958557755002,34.92215467657719
776,120030,0.3224447351731723,14.703972782871988
777,120110,0.3306729142350503,34.79322139294572
778,120115,0.2893667346541155,24.75159833045841
779,122900,0.0175594717945132,-0.2351261658431795
780,123690,0.0389512817389167,0.0923733782295249
781,123700,0.2950211685420911,37.29103676229884
782,123890,0.3763611082980945,66.44014524624023
783,126560,0.202341604930905,13.44680259066234
784,128820,0.2372783928856255,24.61862200118687
785,128940,0.1396093644364192,8.901479283988571
786,129260,0.6462959661494635,47.01823505833431
787,130660,0.2300700447364209,27.38361171215118
788,133820,0.3235971207177325,26.88185094594177
789,134380,0.3225267978199327,60.56781802001201
790,134790,0.2821170174428321,28.480771736723064
791,136490,0.4494618941228515,56.66274891493445
792,138040,0.2243886217616924,38.92225889109946
793,138490,0.4125237662149038,36.98744161635163
794,138930,0.1933879489263016,27.247812941041666
795,139130,0.2721364581435398,40.99171009701901
796,139480,0.2215202829274213,27.12776776976795
797,140910,0.2154089518899146,39.087814957207726
798,143210,0.0869442974941515,5.458257305156195
799,145210,-0.3282445078464221,-16.986809587830088
800,145270,0.3327592297742354,28.98726282724673
801,145720,0.2959215040732914,34.885817615077606
802,145990,0.3130313346206989,24.648099443165552
803,145995,0.3549508103513992,20.5475226961239
804,152550,-0.0045460961775913,-4.515805323259625
805,155660,0.3220536217324727,21.39779623497444
806,155900,-0.0047478921365432,-4.195631985129861
807,161000,0.3215019554878527,36.51989842609299
808,161390,0.4333716318352516,48.27248776555761
809,161890,0.1951302323509375,26.26781707155897
810,163560,0.4380039507322995,24.4940214778507
811,168490,0.0050892921042553,0.7931068635080767
812,170900,0.0329835025436965,2.3099413832717683
813,175330,0.1699935296204737,27.355222219885384
814,178920,0.2649252503398687,28.447838511530968
815,180640,-0.0162035908700752,-7.100373677158842
816,18064K,-0.0330061684024316,-5.5141199087244805
817,181710,0.0407216081793487,2.6596986252973
818,183190,0.3978271077198252,60.22628639780716
819,185750,0.3328515721918937,15.55598044274242
820,192080,0.2217213655150431,15.293380582382635
821,192400,0.2366975514733546,36.86769055835796
822,192650,0.4415111151829541,19.04728756664212
823,192820,0.2205921755260246,21.162695323145638
824,194370,0.4699963980073094,65.40689953021567
825,195870,0.416092097641932,42.19264391357969
826,200880,0.6525006002553079,54.70847463109737
827,204210,0.1161556676906634,14.067496541031382
828,204320,0.5400178417566874,56.11558899554491
829,207940,0.2100780454927771,25.319147354304185
830,210540,0.5367467688940343,55.85237076865979
831,210980,0.2322604114167135,15.536484450594848
832,213500,0.1471299530878846,18.62119399060972
833,214320,0.0911055115605953,9.05666675551774
834,214330,0.4283279455118587,19.10642062992218
835,214390,0.3376231464035777,18.38247547461926
836,214420,0.024167999305135,-0.8269268764901871
837,226320,0.4864297048417201,34.408714269082665
838,227840,0.2867242388356577,36.46932995553557
839,229640,0.0713399832826677,10.869240119276371
840,234080,0.1512368005005524,13.03941236167718
841,241560,0.4091726474268344,27.724104819614453
842,241590,0.27561453002411,19.644195845494277
843,248170,0.3289368472419579,27.65658365124639
844,249420,0.1368205925744427,8.793683181667312
845,251270,0.1702893332231565,13.152872545161395
846,264900,0.1823918214525797,22.845153305900386
847,26490K,0.3754267018383427,17.74446357451191
848,267250,0.1889563053635943,19.678937619375706
849,267260,0.5537514515266305,55.40280472993272
850,267270,0.5898786668622062,66.52880093316314
851,267290,0.1191286610962671,14.615500807972186
852,267850,0.3806427135567021,18.326021593385875
853,268280,0.3683605288914,50.2826693801988
854,271560,0.0830729603220599,7.357662982051993
855,271980,0.4173268987053078,11.383679830380483
856,272210,0.5202653406998624,56.75077279929294
857,272450,0.3433325822053713,32.99267066495634
858,272550,0.2601077524010436,38.605641202526485
859,280360,0.1157362316280137,11.129369231448358
860,281820,0.2237034025805022,20.970493270942928
861,282330,0.1020541356146006,9.463181184264396
862,282690,0.0549785158916708,8.748042284328019
863,284740,0.1490295369262507,11.990459193027684
864,285130,0.5661473556412232,40.40323352290654
865,28513K,0.7710679296405032,44.05885411804985
866,286940,0.1634802765724856,21.649800776375468
867,293480,0.1131178505318579,9.059968858772407
868,293940,0.0458008501211914,12.398658926046656
869,294870,0.302264439018955,28.79529256059812
870,298000,0.6115595890596899,64.95716458412586
871,298020,0.7399561417156082,118.09753974498066
872,298040,0.8291153790853568,112.34942729075156
873,298050,0.8152211046153112,138.29454814940723
874,298690,0.1945063365971097,9.322299325012578
875,300720,0.439257702003983,69.71700069002198
876,306200,0.4582660985508017,51.27921347892823
877,307950,0.5986730257490447,77.04870621233638
878,308170,0.1656965960562771,3.044666493186675
879,316140,0.1314315906637659,19.67389453867102
880,317400,0.508071236226951,78.63938466209851
881,322000,0.3453316623335465,21.82754339970545
882,330590,0.0275832980064353,5.558143338369111
883,336260,1.11338618621716,145.7173488844958
884,33626K,0.947331597347187,76.53347052487278
885,33626L,0.6437906016886116,28.234341446098725
886,336370,0.4684917284047691,33.70615269549441
887,33637K,0.4315909708245937,18.494854758682365
888,33637L,0.284032164289358,6.608398593635513
889,338100,-0.0338831440288682,-13.222126412619916
890,344820,0.4608916134625507,52.05591470370214
891,900140,0.1152855744367368,5.684331182453775
892,100030,0.2834177094971157,19.88565037283074
893,100130,0.6817274981984262,59.38083265297978
894,101160,0.6386199404415557,100.2154907206417
895,101170,0.3858861232042774,26.59791562628604
896,101240,0.1133201223141543,12.6714091602135
897,101360,0.7359477786146477,77.86860918249128
898,101390,0.3877739772428081,21.039487883064748
899,101400,-0.1025417383095112,-7.347646478404193
900,101490,0.3605455703224544,26.70461901335246
901,101670,0.2168005403900881,19.894982258326525
903,101730,0.4029707787749402,27.638489797323288
904,101930,0.504099256014041,53.41296128287517
905,102120,0.3386061847949037,30.156613197885743
906,102710,0.2965399389203991,23.169976932835176
909,103840,0.2320768225277905,17.986317701040004
910,104040,0.6136325349117953,38.63128964965671
911,104200,0.2423087299246043,26.34155822350225
912,104480,0.2872686301616641,17.316853415490364
913,104540,0.4745770650748389,45.08306968574789
914,104620,0.5194991407058945,46.68835589446482
915,104830,0.3216777507209971,36.24465594737313
916,105330,0.4964482898141251,28.450040866163203
917,105550,0.2504064388020164,12.853283036831751
919,106190,0.3919866314764287,21.58250210395145
920,106240,0.4972020730670791,44.25424856868913
921,106520,-0.0900460567408603,-8.180549843520733
922,108230,0.0961897824683466,1.4487774441401453
923,108380,0.2720100173954551,22.051480696882297
924,109080,0.2636672463773842,30.42114700650138
925,109610,0.1915280429411106,3.41991130050663
926,109820,0.1974199360421256,0.1339639104681267
927,109860,0.0633680767906414,11.458784990467876
928,109960,0.132657915408862,1.9477673361353889
929,110020,0.5959891461525798,30.986607936418885
930,110790,0.2957542400002063,25.1804083109176
931,111710,-0.0904056157243589,-9.302831228304964
932,111870,-0.0199582313527095,-5.440924166880404
933,112040,0.514148205922137,53.46942534595391
935,114190,-0.0608522173780349,-6.2659419609829605
936,114450,0.3838112603083431,9.989915689294495
937,114630,0.2586107812800162,14.775764513363088
938,114810,0.5496675951212112,63.84302175090222
939,115160,0.2865897538717216,14.200616593376324
940,115180,0.191754035349575,14.637216762220795
941,115310,0.0192995807756445,4.038429173622476
942,115440,0.1771117878159645,10.497569932018152
943,115450,-0.1039013605150653,-9.328571021741627
944,115480,-0.0395992831334507,-4.665960915737794
945,115500,0.5648084898964464,44.3784200293151
947,115570,0.0981388429008861,1.7937246355842105
948,115610,0.1790906459423879,3.561479335738249
949,115960,0.2096928930725766,23.42318860693798
950,117670,0.0486914168029662,-0.968454049904394
951,117730,0.5145049758633368,52.35151046129365
952,119500,0.4409610813581178,32.49410753517016
953,119610,0.0323772549907159,1.7048322704443106
954,119830,0.3617138352808963,20.680809764968608
955,119850,0.3473034382525102,22.21000867764356
956,119860,0.1831326347277504,17.790198218487706
957,120240,0.4204733107306356,18.387621404177374
958,121440,0.5223800004089176,75.98582966000393
959,121600,0.4999020483243985,41.18237385583075
960,121850,0.9659702880703654,131.74816577126325
962,122310,0.187340350259455,15.825962436940625
963,122450,0.8231102498652094,55.84443442836199
964,122640,0.4057032877185818,32.8799959578377
965,122870,0.3053634839989788,27.439602731774407
966,122990,0.1865209964188718,15.795455238773426
967,123010,0.4917921250393131,37.88207249190107
968,123040,0.3599254240473817,20.313059590708534
969,123330,0.2597394822590319,24.90367090533192
970,123410,0.2790456112653434,23.288527071995095
971,123420,0.1846306797571733,10.756184050324244
972,123570,0.2493821191309908,29.49986501769226
973,123750,0.5763473428544607,63.60859338457726
974,123840,0.3081939178054684,10.805974451063532
975,123860,0.2424853502993112,20.581586861566358
976,124500,0.1044284930920759,6.52210608838029
977,124560,0.3216728852514026,19.824641633389884
978,125210,0.2432526254969376,16.077439945538327
979,126600,0.4046928825089638,37.14898449621028
980,126640,0.4893072572690281,46.35028613943502
981,126700,0.2952776867177994,24.55251780196011
982,126880,0.4414706822467996,37.72642429176484
983,127710,0.326297028179943,34.90063278918494
984,128540,0.4654403165835203,28.273687905710485
985,128660,0.1836559293693702,24.08062524204525
986,130500,0.353366899017496,12.357181737469649
987,130580,0.1541862365498546,18.932482047110504
988,130740,0.5281668285618453,46.27166159683251
989,131030,0.1005540546142129,10.436812328053952
990,131090,0.2710949221471136,13.008004403615612
991,131100,0.065916123702346,-0.3435761433913891
992,131220,0.5711232782108031,32.89399608751473
993,131290,0.7751476544548287,104.34660859128871
994,131370,0.2691080260945978,11.557500181402572
995,131390,0.4057793504164406,41.77606060201091
996,131400,0.0792031239487814,1.9285952667979287
997,131760,0.0762409177042929,3.968737696893347
998,131970,0.2723859206801419,21.22288509410681
999,134060,0.3608927435993539,14.748658520235294
1000,134580,0.3244820645321402,30.980047143880835
1001,136480,0.1408022430795587,14.362000937484414
1002,136510,0.1992449169656406,6.935949914613126
1003,136540,0.1465767219360755,14.49121750989304
1004,137400,0.5553359510556892,70.52407536916411
1005,137940,0.3062125324507576,15.223073029468654
1006,137950,0.2645532145168783,17.654077768403027
1007,138070,0.2481716852070811,20.90353630397681
1008,138080,0.1514668437778697,8.298650780348352
1010,138610,0.6626934317499771,55.42927722260404
1011,138690,0.0114389674933121,-4.504161187248161
1012,139050,0.3843023314481438,18.42916497115877
1013,139670,1.0235539975328125,86.19013378320918
1014,140520,0.2887127792546116,34.89031774347744
1015,140670,0.2509612501403374,20.809709404279825
1016,140860,0.6517196470265039,110.36502739797768
1017,142210,0.3618266433137552,31.410996798475963
1018,142280,0.4021421033611682,15.109920044127175
1019,143160,0.2612545193389414,17.675521837410642
1020,143540,0.2692574980194744,25.40660183965102
1021,144510,0.5219699591051458,42.023280135808925
1022,144960,0.3954951895456421,34.34926665243234
1023,145020,0.2357337039589911,17.079362850626033
1024,147830,0.2211693146297509,24.269638793410756
1025,148250,0.3691472664340799,21.583516414635763
1026,149950,0.4421231409655169,58.14788856041052
1027,149980,0.3360863161667771,25.863704443990944
1028,150840,-0.0520547272855652,-6.175609545000256
1029,150900,0.4173791426761296,29.778469578247407
1030,151860,0.2540434513892723,22.165307297782245
1031,151910,0.4257081889943889,29.271321954802065
1032,153460,0.1464637834593373,13.450360078743785
1033,153490,0.2090901988843781,17.532785914138397
1034,153710,0.3463370636180348,14.733122296870537
1035,154030,0.2808911123055416,16.151824832842372
1036,154040,0.4142681333493059,40.07658622710859
1037,155650,0.1882437087294613,6.500028775674182
1038,156100,0.9757995687447488,79.22034860605253
1039,158430,0.1622598644381599,10.163641743771466
1040,159580,0.2695388154613838,15.83656921691506
1041,159910,0.025683595372566,-2.18711386491296
1042,160550,0.7528947489093334,92.22514795162957
1044,160980,0.4968917624541228,51.0486430684822
1045,161570,0.1342362046679613,2.7135758820814955
1046,161580,0.1597863699142405,12.064965979154207
1047,166090,0.4790619746997999,54.92419823549448
1048,166480,0.2750068125219093,10.392624859880964
1050,170030,0.5541138912456981,36.33902761904792
1051,170790,0.2468326905818502,16.020785758785497
1052,170920,0.371481803726521,23.061598478332225
1053,173130,0.4069547041949628,34.247218348630824
1054,173940,0.1076578003585355,9.18763797684398
1055,174880,-0.0919043486000272,-8.381619620083331
1056,174900,0.1690920873021148,9.284446151172414
1058,175250,0.5208861199961164,30.51020422973834
1059,177830,0.2563421426901799,13.333825814096508
1061,179290,0.2398625036612901,22.530438334524824
1062,179530,0.2495644293339362,8.128837028935683
1063,179900,0.3619017162453817,24.68613765815625
1064,181340,0.9566608173425122,132.42610431292215
1065,182360,0.2497946979178951,15.360214843435708
1066,182400,0.3101045414931427,20.679704980381132
1067,183300,0.4498416953985434,55.538903068964935
1068,183490,0.4073463554526847,28.6233346494282
1069,184230,0.4357350139290005,33.40322566598121
1070,185490,0.4959809558541844,24.520436402591866
1071,186230,0.5448429107860474,62.250880225485936
1072,187270,0.2300645556602011,25.501922304239013
1073,187420,0.4057582772299632,14.55449375551292
1074,187790,0.1459360781961795,9.828460337973326
1075,189300,0.6110084834008651,65.73862222048602
1076,189330,0.2913091252961577,2.0972508090575377
1077,189690,0.2020767690902981,17.90708748481099
1078,189980,0.7704923101487057,78.23300362255942
1079,190510,0.3248386198214558,23.628064153209845
1080,190650,0.2646240337048917,31.81710058532716
1081,191410,0.4977466990169413,19.872923295742293
1082,191420,0.3242436530161932,20.299311460938505
1083,192250,0.4467318237066796,36.31272994445154
1084,192390,0.3363224896622344,34.33931977452471
1085,192410,-0.0045786134568909,-5.407447545568538
1086,192440,0.293212597059073,28.72235343318086
1087,193250,0.3040472341229375,18.471336253925365
1088,194480,1.397271288259643,305.4672857964977
1089,194700,0.2745286854359869,36.02540126833842
1090,195990,0.2503812122161702,5.613212337918538
1091,196170,0.624110409900905,45.82394122068548
1092,196300,0.3570443645122685,21.62172914975613
1093,196450,0.0480342502860059,5.187710702191956
1094,196700,0.2690052059715938,26.29328314912283
1095,198080,0.1078511737602406,6.4308839736319605
1096,198440,0.2948166044738328,23.26234092390252
1097,199800,0.5994323747284908,63.15511120997154
1098,200130,0.4109825309534822,42.67057500544141
1099,200230,0.0303081227990644,-4.116866831747216
1100,200470,0.1388431663180439,9.557615065550452
1101,200670,0.1936693942074694,14.10872579417732
1102,200710,0.1309501667780523,6.461707424875455
1103,203400,0.2928993072047601,19.706036332616208
1104,203450,0.4401067527624466,28.652196258005414
1105,203690,-0.0889990786174827,-7.820339624208241
1106,204020,0.2781012967877532,24.343166265159887
1107,204270,0.0990411981251433,6.7135956083703565
1108,204620,0.095825194169562,7.495290930091158
1109,204630,0.1838444191572855,2.627553445626423
1110,204840,0.3833995523857401,14.227436621826753
1111,205100,0.3157052428128664,32.62028972094744
1112,205470,0.5303057212966946,16.946579290362838
1113,205500,0.4002283403978112,34.165091986459416
1114,206560,0.2567330401174459,23.38449521923684
1115,206650,0.6528335038469033,39.60396252801562
1116,208140,0.4667312614743886,35.10706137600771
1117,208340,0.2241633467951548,11.942523274426913
1118,208350,0.1841655861441904,20.09055052618096
1119,208640,1.017217446779439,110.62792716621796
1121,211050,0.5528463826646959,16.51378403350071
1122,211270,0.4897296870694457,44.82281102725778
1123,212560,0.5163048090879638,47.13950945006836
1124,213420,0.2638071186154465,25.65297347571896
1125,214150,0.193502884556717,18.380829219298043
1126,214180,0.2245757049512407,27.72313233638825
1127,214270,0.1404921291486619,8.211261167175598
1128,214310,0.2784375680453436,6.061913513964768
1129,214370,0.062795734089596,2.0757275445243417
1130,214430,0.0756899490453235,5.833710932004657
1131,214450,0.2584293768033152,27.27203032952469
1132,214870,0.0846476866978995,1.0006292362952425
1133,215000,0.3830781361860755,47.08792321843075
1134,215090,-0.1171324036288162,-8.623207538620678
1135,215360,0.3126562452744232,24.06793829863078
1136,215380,0.0194510371277785,-2.849275124301313
1137,215480,0.2722607060857415,5.267168032149828
1138,215600,-0.0329499568743389,-9.72395983382206
1139,215790,0.0101667663800901,-4.140209328531409
1140,216050,0.5615805165076705,70.81342024238579
1141,216080,0.4025027922206847,27.22504338116983
1142,217190,0.3483043521120025,32.06360123396264
1143,217270,0.8942708403591029,81.15447019096378
1144,217330,0.8845612342079174,121.07173983500913
1145,217480,0.1813753170900403,8.942077785174233
1146,217600,0.6457764591295972,39.53744983907584
1147,217730,-0.0699264246184888,-6.5998128962166005
1148,217820,0.3860129701864178,25.42326533374313
1149,218410,0.0266166236189349,-1.3120193233000237
1150,219130,0.4669605007237434,34.32530244873811
1151,219750,0.3288423770980846,15.501321924671023
1152,220100,0.4562027065382724,33.073201786501926
1153,220180,0.0503365026292519,2.912105274982364
1154,220260,0.5868546698793965,50.1913447901033
1155,221840,0.2318389024181371,19.78976654401793
1156,221980,0.1809417246541932,30.513248001934063
1157,222040,0.3627485872342878,27.064203028218763
1158,222080,0.7695478718192466,83.66077518205778
1159,222110,0.1886685600116047,7.355783884715072
1160,222420,0.3759709412909108,23.49396646667373
1161,222800,0.4446340490679933,43.357118492052685
1162,222980,0.5185033697112407,45.77861721129676
1164,224060,0.0854610860089378,-2.7699573895856666
1165,224110,0.8325998433149012,76.12592269257937
1166,225220,0.5932583971077025,39.42641046579792
1167,225430,0.1326970249997976,3.618322950767436
1168,225570,0.4156325621991441,26.523170814718664
1169,225590,0.3298976808091078,34.09870609300507
1170,226330,0.3481960965137496,14.590239576711408
1171,226360,0.041561936107708,-2.31584287182958
1172,226400,0.4303723437398519,22.75995841851568
1173,226440,0.362572941783551,17.240863143306008
1174,226950,0.4230065395426192,35.55053202268531
1175,227100,0.2432187380642188,9.572886167706788
1176,227610,0.0255582354775561,-2.486100272724179
1177,227950,0.1924207465825832,0.1872554789115103
1178,228340,0.4569969491559779,51.81127508264522
1179,228760,-0.1691139874239902,-10.686462969334038
1180,229000,0.1080401315903874,1.0985507678393214
1181,230240,-0.0413405893207784,-6.8203472505193865
1182,230360,0.3450586891878585,36.82132119592548
1183,230980,0.2567875362491356,11.772355013346363
1184,232140,0.4805200368305369,46.46992569978653
1185,234100,0.6971331915220155,44.1061489340739
1186,234300,0.4963167805081772,44.854802840716594
1187,234340,0.2289744341941734,21.61460313860369
1188,234690,0.2507907591256495,11.840168464726052
1189,234920,0.2793298238725715,9.831468093670166
1190,236200,0.0203273617666886,-0.0909700898969428
1191,237690,0.5149349275564283,33.74538209499059
1192,237750,0.3590636066511202,30.89526353829637
1193,237820,0.3826091509918824,9.268400545522724
1194,237880,0.0560666361034847,3.778976592689405
1195,238090,0.1651965313561453,1.5061976788669549
1196,238120,0.1816607156970444,6.063490038600186
1197,238490,0.2858353458470047,22.49765460394956
1198,239340,0.2869977563016767,12.272423146289537
1199,239610,0.001814560172262,-1.0903319874516917
1200,239890,-0.0665078185733561,-8.963072929550588
1201,240810,0.3370140131625606,40.78741978456922
1202,241520,0.7109419895948248,75.12202918234216
1203,241690,0.2284695859518092,15.927522771408889
1204,241710,0.3680961548863366,37.59630207395063
1205,241790,0.3487940902776982,28.92958291647957
1206,241820,0.5319686749886957,28.19846115116481
1207,241840,0.9023099173720088,125.19175269697736
1208,242040,0.0073689240539995,-3.1000171818181914
1209,243070,0.1502903040494309,18.16391124338186
1210,243840,0.3011007883607035,32.25005458792263
1211,244460,0.1749544722254642,2.670667384579944
1212,245620,-0.15286679686472,-8.19851558179141
1213,246690,0.5391930584846926,46.1033073412773
1214,246710,0.6919060301535068,71.49709941332539
1215,246720,0.1958554051256799,11.56092383260431
1216,246960,0.4443294246585211,30.714586148545507
1217,247540,0.4438778690626845,53.08199543626719
1218,250930,0.2059864870843794,15.624923292065391
1219,251370,0.430299384317888,28.260700571331288
1220,251970,0.2166639981611257,21.33164243006691
1221,253450,0.1241856033939876,12.307495832219988
1222,253590,0.5142836013707067,49.761353520085
1223,253840,-0.1051456216725177,-7.615271372891351
1224,254120,0.2882965250168278,11.93113491918135
1225,255220,0.1825286211040966,15.11385845807076
1226,255440,0.1597832949179979,10.55114140096547
1227,256150,0.382399340387332,48.413359292637466
1228,256630,0.1604942017951494,9.536352288991353
1229,256840,0.7754752254090365,64.09973878488027
1230,256940,0.2953302142217048,8.86974174075175
1231,258610,-0.0246821200027429,-5.870428106768359
1232,258790,0.5649307147918478,30.022580885379774
1233,259630,0.3143256176302548,21.176515759701477
1234,260660,0.1240003786815216,-3.321732567741006
1235,260930,0.2289559038021151,23.45050811882348
1236,260970,0.5517987429847979,-5.709337359449168
1237,261200,0.1100660483985992,1.2088808840456575
1238,263050,0.1132090499538893,6.246938507204552
1240,263600,0.1928676414401431,15.353158214190222
1241,263700,0.185072728567429,13.077018797586769
1242,263750,0.2653409584477196,23.867891705309557
1243,263770,0.4945042261373087,39.47601303887537
1244,263800,0.3983829955497902,23.11195108837964
1245,263860,0.3774680693248025,23.48415837347688
1246,263920,0.1168791400965248,3.456664763446401
1247,264450,0.35025510803317,26.05266938272323
1248,264660,0.3440353756127675,44.93590073521516
1249,264850,0.1751468747016288,18.029936757886595
1250,265520,0.0899487560346934,8.429506229818845
1251,265560,0.5610460145679395,40.9396011527418
1252,267320,0.6039786716552235,44.09444801361761
1253,269620,0.7086230389384289,29.598616072934423
1254,270520,0.6309205693611142,56.09976021758785
1255,270660,1.1410349654629115,62.94278408456518
1256,270870,0.2246367379986679,22.318046147132897
1257,272110,0.4563716598858602,27.15197036936362
1258,272290,0.2515026014497663,27.88178251430066
1259,273060,-0.0603491749802076,-11.876972357556026
1260,274090,0.4550076590707788,27.31276089958966
1261,275630,0.2092201688551177,26.42629907017163
1262,277410,0.2125675731910244,21.929181764400948
1263,277880,0.3204778898508364,9.421033437552513
1264,278280,0.5214433895224991,65.57167333020449
1265,278650,0.2550202786227109,15.82788517172364
1266,282880,0.1596435938563643,11.339095130587715
1267,284620,0.3006223911617244,12.202011500899872
1268,285490,0.9652696097696768,120.0816689998514
1269,286750,0.4367340975940697,57.05495077597251
1270,287410,0.1703116023192257,11.693276023362415
1271,288620,0.506811867383519,35.74568239824996
1272,289010,-0.0975241952468005,-6.326671973877168
1273,289080,0.1423818367931676,0.7315505507013571
1274,290120,-0.0067421783885408,-3.91753683775441
1275,290270,0.3394546661991469,22.233042414512568
1276,290380,0.1108645708194061,6.206580903418717
1277,290510,0.4993269274901565,30.587657401122925
1278,290650,0.3586596701748856,24.27969373116981
1279,290660,0.0512770616611765,-0.918459844359214
1280,290670,0.2433991624791066,14.79483669710198
1281,290720,0.1685117316752334,13.309068454491946
1282,290740,0.1099528478369555,6.670669527923362
1283,291230,0.0361245299453946,17.623321034436994
1284,293580,0.6190028263492033,44.350913347351735
1285,293780,0.5581325019309096,41.02958467939915
1286,297090,0.8301879993189061,97.03405416740873
1287,297570,0.5883466058290925,45.843274757603375
1288,298380,0.208898786139133,7.476628105272596
1289,299170,0.1673181922734503,6.919833538131852
1290,299900,0.5616600692372777,76.85367572771447
1291,300080,0.2894829010836833,19.3367216561857
1292,302430,0.3917193237811284,26.28851492959017
1293,303030,0.3398548403101373,22.20938058620448
1294,306040,0.293111794904885,26.54290087233908
1295,306620,0.4385642873547984,31.008462987740334
1296,307180,0.3528859236469767,22.825919454337317
1297,307280,0.1346990447717125,5.265519871072415
1298,307750,0.6198123332662313,33.82512768244608
1299,307930,0.3949311817277857,19.522924657821992
1300,308100,0.2119441379892377,12.118727780847426
1301,309930,0.2129735289035914,17.81624387044036
1302,310200,0.1970416972972937,2.788910268928653
1303,311390,0.1936447754030802,11.169714338965212
1304,311690,0.2890940641056965,17.59294429383838
1305,312610,0.3851611288864544,21.70880939561401
1306,313760,0.4185071318471125,29.216234941838184
1307,314130,0.241336145584456,13.94106461465082
1308,317240,0.0738978005891505,5.16176684879093
1309,317330,0.2910984111162316,24.76795228386456
1310,317530,0.267058794522492,14.630537244262438
1311,317770,0.1643479869581152,15.92798789089975
1312,317830,0.4381573500477068,30.80306733781632
1313,317850,0.2162873673911845,13.39710984184906
1314,317870,0.33628572921082,28.083237825106465
1315,318000,0.3550181046259089,20.354761499800357
1316,318010,0.0154347542018336,-4.822380121881626
1317,319400,0.304488655815851,19.632187218677387
1318,319660,0.4120150555556818,41.0538215127342
1319,320000,0.1745748290473292,8.582159673875385
1320,321260,0.0250823809999627,18.3294279245225
1321,321550,0.2714414137850957,16.42575510295217
1322,322180,0.2964344004827032,25.213569461403385
1323,322510,0.2973642003176482,26.985922343658967
1324,322780,0.1342822543190931,7.782990084458723
1325,323230,0.0371094694274211,0.8290957894598255
1326,323280,0.0248263870334565,11.027483437375452
1327,327260,0.2126854683274851,8.13814426607597
1328,328380,0.0193869463472011,12.12948281703846
1329,331380,0.0243500698992445,15.331972967757736
1330,332290,0.0221150379372705,9.359858023264248
1331,333430,0.150382100317739,16.155024498724543
1332,335870,0.0418768734019699,18.876722724638498
1333,336060,0.0194692587660025,10.262837096403072
1334,336570,0.0193337481325695,12.554099282564852
1335,339950,-0.0903768711580269,-17.73616177466124
1336,340360,0.1546947300556553,15.128612080869772
1337,341160,0.020592508843637,10.584193553659055
1338,342550,0.0132931124340867,9.157687446370128
1339,344050,0.0160834528314716,7.25238959450005
1340,900070,0.5451627969143429,37.1182758383673
1342,900110,-0.1056547049295967,-9.387192629517124
1343,900120,0.3761833757295336,16.39621612994213
1344,900250,0.3001097703756136,21.865193806460464
1345,900270,0.0272931975075748,-0.3462447166591891
1346,900280,0.3003154771874989,19.20165016180381
1347,900290,-0.0547883544831024,-8.57083570207762
1348,900300,-0.0371705876737379,-6.373304712585032
1349,900310,0.3238126679991503,23.61448107381893
1350,900340,0.014453874879759,-2.453570627117412
1351,950110,0.1489886151491243,10.80607180609048
1352,950130,0.6502619500935195,21.05794347515038
1353,950140,0.3557695412797671,33.854301695391094
1355,950170,0.1166770332697415,8.522249513903965
1356,000250,0.2663551079729632,15.752951580904032
1357,001810,0.4018763271664802,32.492058281611925
1358,002290,0.3858858121044102,38.10272661466453
1359,003100,0.3438066813979085,75.52060997433918
1360,005990,0.1168228640163999,21.18896796677795
1361,006730,0.2274946538277007,22.61278269890429
1362,006910,0.2537960668407348,25.477469760257947
1363,006920,0.3035420167410221,24.94699642482807
1364,008470,0.2290364233042809,30.58050384547502
1365,009300,0.0758916792071907,4.475906958663378
1366,009620,0.4822699958340595,20.990769054519056
1367,011370,0.3309408034847719,29.928149624287297
1368,011560,0.1886814991123784,24.68146771502423
1369,012700,0.2781654487860763,31.985315886403495
1370,012860,0.5741803266361463,33.21843207319311
1371,014100,-0.1176717613869764,-27.164030232003
1372,014470,0.4788160599801066,43.05348217293979
1373,014620,0.2282363280634952,21.47911848189784
1374,014970,0.2139148270198982,7.6217347856868445
1375,015750,0.4336186061544411,37.49945823880884
1376,016100,0.0903000000833071,3.109049580295211
1377,016670,-0.0991741083568933,-8.769805829604152
1378,017480,0.2384511856269265,34.29151255354544
1379,017510,0.1587756098380666,18.73173423210941
1380,018290,-0.0104624018626742,-4.659020343245835
1381,018310,0.4058486785689543,47.11707468136068
1382,018680,0.0637075310931583,-0.1844490004206605
1383,018700,0.2177025392128942,0.5806892695210799
1384,019010,0.2342754276327146,29.876908533690223
1385,019570,0.3165373091200007,18.718986341099452
1386,019770,0.9945391604318162,94.78446860852534
1387,021880,0.4827636971601314,30.60066227081829
1388,023600,0.3609722123505703,41.94450178901676
1390,024950,0.5193872699797991,48.813004422232886
1391,027040,0.1754225176393498,9.35942419709641
1392,027580,0.522580111439852,34.26894444648975
1393,032280,0.164881001411796,19.94142570252043
1394,032680,0.1978742061352927,10.125158036254572
1395,032750,0.1907450154326653,22.362420516879
1396,032850,0.3083693486545448,13.231716624125449
1397,032980,0.2302064619317322,12.575602896184565
1398,033130,0.3924298572893074,31.16935246704941
1399,033200,0.5425086331886891,14.394832915946884
1400,033560,0.427336219910862,40.7740852303187
1401,035620,0.0390859696069719,-7.8530349546223235
1402,035890,0.3258285120966104,50.88590077561437
1403,036630,0.6458442617849623,61.670208169560674
1404,037350,0.315214774631519,45.65906649969984
1405,037460,0.3047662050507367,27.054727546679384
1406,038060,0.105805619487147,2.590973567806451
1407,038070,0.1581045394269284,6.188396788291841
1408,038290,-0.0699692494377283,-7.137633209200881
1409,038390,0.3108277809929171,23.31715656278012
1410,038460,0.2570988713485596,6.221608057264612
1411,038500,0.409230148286716,37.07997442501415
1412,038540,0.0700326885035292,2.572565722744657
1413,039310,0.1486275712037084,12.585095214750911
1414,039840,0.1876594147079728,21.05532191968765
1415,039980,0.0625893433908098,5.725677640248
1416,041920,0.0225007832296287,1.798256046851319
1417,042370,0.3996361679571683,30.73802148611959
1418,042500,0.2062830970371693,9.946301435436109
1419,042510,0.3785587722442699,31.75900533460502
1420,042600,0.722796833290788,63.85080932985165
1421,042940,0.1313260277273157,3.0282699473404247
1422,043150,0.1863833496941078,14.905021671758735
1423,043260,0.6374847941892314,65.20183528124295
1424,043360,0.3303037840677348,53.88448597295654
1425,043710,0.1125778037071422,-0.2037461423035715
1426,044480,-0.1926137228915709,-11.082050538642694
1427,045300,0.3410392538777045,27.17936603080288
1428,046310,0.2122880411950836,14.727217592934284
1429,046390,0.7140189146213712,67.63753897834145
1430,046890,0.2227071907305804,20.434386002797226
1431,049180,-0.0448751069658042,-12.224442191803687
1432,049950,0.354749888116693,17.004777586450928
1433,050090,0.5726759746863461,29.964961033859705
1434,053030,0.5256964306336109,25.59272374509969
1435,053060,0.5019141079555568,16.352159088963187
1436,053450,0.2455260781685371,12.027740187888275
1437,053700,0.3749022406334689,28.91955498934155
1438,054090,0.4381615278528727,25.234404049301563
1439,054180,0.3537914946338872,8.842117335057623
1441,054540,0.3196569317163745,25.77150170128556
1442,058110,0.3217300238547329,0.831449005335012
1443,058470,0.3314642227219747,43.58802627143756
1444,059090,0.1704593059056863,9.611449955444234
1445,059210,0.0784232819581507,4.110088417490144
1446,060230,0.0566986936109792,0.91252423238436
1447,060240,0.2405352306933774,21.165916787221324
1448,060570,0.1688787780960524,10.225356054062546
1449,063170,0.7063099133332988,92.30074995878512
1450,064480,0.3245183059093416,29.59582536320607
1452,064550,0.1316774972259459,0.5631719770174723
1453,065170,0.119946627006325,-4.229933529624431
1454,065450,0.6857166876041882,40.16775459522925
1455,065570,0.3026694663633971,18.844757769758985
1456,065650,0.2011442648969524,11.447211618042994
1457,065710,0.0933675760141913,8.677594653578693
1458,066410,0.1817892875515847,9.48421974244886
1459,066670,0.2642681421075913,24.008797110558856
1460,066900,0.3400739663523451,25.82932880779845
1461,067280,-0.0057377408782234,1.145808678447677
1462,067370,0.381479249712266,18.792814468517847
1463,067730,0.7651114657047902,70.7462575730707
1464,067770,0.4462635925242768,42.1555260404716
1465,068760,0.3594390710750578,29.795626531177252
1466,068930,0.0364782564286549,4.375350431959292
1467,068940,0.3924989673521165,23.821053031836374
1469,071280,0.2138053509595576,19.17402118269936
1470,072870,0.052300673383877,7.260694014289705
1471,072950,0.2726781297072277,30.08556030837337
1472,078160,0.1637808813490713,8.737779786074226
1474,079650,0.1244036180080298,9.677176626247537
1475,079810,0.5171916198159919,49.077508751079954
1476,080160,0.376356194598222,39.67564573578711
1477,080420,0.2898660074144873,17.071909279871534
1478,080470,0.3213031125462637,23.66765181788648
1479,081580,0.3337276350419927,25.782849132323097
1480,082800,0.1601177689378867,5.096874336815876
1481,082920,0.0496238412568393,1.7642710197985365
1482,083650,0.47639924159456,54.87703121233795
1483,084650,0.0488970845925112,-2.454377128479612
1484,085370,0.3784073334432308,23.02400693165994
1485,08537M,0.3472609150359774,18.819706215254303
1486,086040,0.1985476437819135,5.782551145396034
1487,086670,0.457810631513765,50.45657157268129
1488,086820,0.2016376820119952,13.05631372012778
1489,086900,0.2166725135623852,1.6091730814518217
1490,087260,0.3597980239841872,23.181523699308336
1491,089980,0.7600070172894795,96.66050123553164
1492,090360,0.4379342458290765,30.545107821467184
1493,090460,0.1110520925416407,4.943179366267231
1494,091580,0.4657437297713165,43.34626416256636
1495,091990,0.2346172543166616,22.00578054311331
1496,092070,0.4872286583888613,44.349767331482845
1497,092190,0.4018606845806337,20.28605495797557
1498,093190,0.0974604253366776,14.512115196961108
1499,093520,0.2756067201049498,24.84626791217637
1500,093920,0.2951036123681539,31.917045757711687
1501,095500,0.3756394758964247,32.80369605298584
1502,096640,0.4005304423462176,21.7463170136273
1503,098120,0.3432418401559591,26.507982382405103
1504,100090,1.0193055088482752,145.28173120866546
1505,100120,0.094279719856226,9.326268917811344
1506,100590,0.2238164080114101,12.4125223711628
1507,100660,0.3295600374989676,23.038179466366
1508,100700,0.2219616193764886,13.322208449226787
1509,100790,0.6140724429620493,76.58023459744287
1510,101000,0.1311734736363707,10.270461003521566
1511,101330,0.35429851651619,27.00904730835317
1512,104460,0.5463178778779155,73.75318442824215
1513,105740,0.3793249361972474,31.19783083598442
1514,108490,0.3623919344742537,29.78157698922665
1515,108860,-0.0591762553797627,-7.872784045736411
1516,109740,0.0513878351699347,2.2981708412313493
1517,110990,0.2017019533689216,15.213253830988515
1518,113810,0.3159546962416551,22.65231574217817
1519,118990,0.3352868297756528,19.06769087300368
1520,121800,0.5739392609409477,37.91541429884331
1521,122350,0.529489950493843,43.10170698666067
1522,122690,0.4650849401748826,26.30785262265861
1523,126340,0.5280627858236585,46.30166781331741
1524,127120,0.4011104610100058,3.38545571782282
1525,131180,0.1792090284819187,19.493208235845387
1526,133750,0.0464249339214555,0.941014352195902
1527,138580,0.3270660641276287,38.289484845982805
1528,140070,0.609709684889051,58.72528744169378
1529,140410,0.1390122191177043,5.78079670135998
1530,141000,0.2419334673965974,27.63075979599448
1532,141080,0.4813054632837644,29.518800398358565
1533,142760,-0.0820349042003298,-9.292549944509377
1534,143240,0.1774274417772376,27.939667113053936
1535,147760,0.5586918063721902,55.45384221009252
1536,148140,0.4348274705586004,4.720516796631806
1537,148150,0.0158280696078604,-0.5898259857933693
1538,148780,1.1394612522739918,109.78192040040304
1539,171010,0.139723733665992,10.617454350425197
1540,171090,0.5446722841790064,39.89497478636364
1541,171120,0.0971115109448102,11.957477204445183
1542,177350,0.5316101753726348,55.06880773071647
1543,178320,0.3054445891845217,19.61203667426502
1545,187220,0.1831822313904836,17.45333552001915
1546,187870,0.5442756846775487,53.85819510544672
1547,189860,0.1643019704046797,15.365466774073584
1548,195500,0.1355433348956445,2.433345866006697
1549,196490,0.2136763291211671,10.601328392428773
1550,197140,0.322294049616983,22.56915427280781
1551,200350,0.7050434092204385,97.04241602141543
1552,200780,-0.128193840178341,-7.160162866957216
1553,201490,0.1810425496202143,10.013267511168012
1554,206400,0.3103874131930567,16.218028366242574
1555,206640,0.0087392732206192,-1.7583084446828507
1556,207760,0.2007103675798851,12.999812581074996
1557,208370,0.107245860666539,2.5179411921088266
1558,208710,0.3316512048632353,30.14489428780136
1559,214260,0.4499301386487762,30.82159007791368
1560,214610,0.1952913146320585,1.3627467915769869
1561,214680,0.1261505706318001,7.638624494921932
1562,215100,0.3582335820021706,24.47174947781506
1563,215200,0.2195895973303373,24.993862289662385
1564,217500,0.7152033749892338,83.03202141068309
1565,217620,0.3439772398679161,16.96620947718483
1566,218150,0.4799377763464145,21.130648430616787
1567,219420,0.1957047594301961,16.717203195219156
1568,219550,0.3434307756847812,9.419243260445077
1569,222160,0.5744340081345454,11.25883312476475
1570,222810,0.1591120016118516,-0.0733843323005477
1571,225190,0.0397658419973665,5.426923314190264
1572,225530,0.2857661572263447,18.871250044014214
1573,226340,0.2034880505489645,14.405365657342928
1574,228670,0.2231514841856078,17.996907043188187
1575,228850,0.1525828734133574,12.430388342623443
1576,232680,0.7291857520580722,63.408765733096764
1577,235980,0.606535416206131,51.00361981213361
1578,238200,0.2094760734467239,14.197817588981628
1579,241770,0.1694007867651794,10.036683784104593
1580,250000,0.4438722785442228,24.91860949855852
1581,250060,0.2973620119754993,19.49831702471579
1582,251630,0.2991830948610846,26.803770933873416
1583,252500,0.338485478467686,26.976205690225264
1585,258830,0.3252182283176648,19.34984057650234
1586,263020,0.3414262638740556,23.76590883378733
1587,263690,0.2959050435293066,17.783557842508714
1588,263720,0.3121958920256664,27.647537147975925
1589,263810,0.3516149181579329,24.802483046029824
1590,267790,0.1094871591061827,9.612251661711424
1591,267980,0.0302097762223364,6.255247134167965
1592,268600,0.6216802525741554,41.35832916466479
1593,277070,0.3896961063676051,27.72391479989623
1594,279600,0.53921625946991,58.71805126120505
1595,281740,0.3932149936602036,40.55603358434879
1596,288330,0.1132392140386516,2.6825839102250324
1597,290550,0.4812652730237061,41.52191821560304
1598,294140,0.0622346403929899,-2.306890862309479
1599,294630,0.0938051927279602,5.609307611261992
1600,299660,0.4158933548155172,28.42519187480433
1602,300120,0.2560098015525394,21.80353217873008
1603,302550,0.0783607941231411,4.223645837146915
1604,305090,0.5099222775238076,20.155042083317863
1605,307870,0.0240530667573345,18.555874459203324
1606,310870,0.0206131666040906,5.792627471168588
1607,317120,0.3793274782038021,23.3288476788567
1608,331520,0.0215824922199894,10.806090295334972
1609,333050,0.0178382267764395,10.139528207772797
1610,335890,0.0153275516666308,-0.7697196907585871
1611,340440,0.0133749160571172,7.150877117338083
1612,900260,0.068847052441457,0.1675430512914396
