,종목코드,시장구분
0,060310,KOSDAQ
1,054620,KOSDAQ
2,265520,KOSDAQ
3,211270,KOSDAQ
4,013720,KOSDAQ
5,035760,KOSDAQ
6,051500,KOSDAQ
7,058820,KOSDAQ
8,023460,KOSDAQ
9,056730,KOSDAQ
10,056000,KOSDAQ
11,065770,KOSDAQ
12,083660,KOSDAQ
13,367340,KOSDAQ
14,367360,KOSDAQ
15,068790,KOSDAQ
16,241520,KOSDAQ
17,245620,KOSDAQ
18,037370,KOSDAQ
19,079190,KOSDAQ
20,050120,KOSDAQ
21,214270,KOSDAQ
22,130500,KOSDAQ
23,900290,KOSDAQ
24,083450,KOSDAQ
25,045890,KOSDAQ
26,297890,KOSDAQ
27,078150,KOSDAQ
28,195940,KOSDAQ
29,036640,KOSDAQ
30,335870,KOSDAQ
31,351340,KOSDAQ
32,351320,KOSDAQ
33,373200,KOSDAQ
34,388790,KOSDAQ
35,095340,KOSDAQ
36,099520,KOSDAQ
37,950170,KOSDAQ
38,067290,KOSDAQ
39,035900,KOSDAQ
40,024840,KOSDAQ
41,024120,KOSDAQ
42,021320,KOSDAQ
43,036670,KOSDAQ
44,044180,KOSDAQ
45,151860,KOSDAQ
46,046440,KOSDAQ
47,035600,KOSDAQ
48,226360,KOSDAQ
49,111870,KOSDAQ
50,060720,KOSDAQ
51,122450,KOSDAQ
52,052900,KOSDAQ
53,058400,KOSDAQ
54,114450,KOSDAQ
55,060370,KOSDAQ
56,108320,KOSDAQ
57,160550,KOSDAQ
58,053290,KOSDAQ
59,104200,KOSDAQ
60,060250,KOSDAQ
61,030190,KOSDAQ
62,078590,KOSDAQ
63,024940,KOSDAQ
64,218410,KOSDAQ
65,327260,KOSDAQ
66,091340,KOSDAQ
67,019550,KOSDAQ
68,950110,KOSDAQ
69,046140,KOSDAQ
70,036120,KOSDAQ
71,099220,KOSDAQ
72,036540,KOSDAQ
73,255220,KOSDAQ
74,040610,KOSDAQ
75,049470,KOSDAQ
76,184230,KOSDAQ
77,016250,KOSDAQ
78,337450,KOSDAQ
79,340350,KOSDAQ
80,036490,KOSDAQ
81,048550,KOSDAQ
82,063440,KOSDAQ
83,950180,KOSDAQ
84,289080,KOSDAQ
85,089230,KOSDAQ
86,161570,KOSDAQ
87,192410,KOSDAQ
88,032540,KOSDAQ
89,048770,KOSDAQ
90,246690,KOSDAQ
91,317240,KOSDAQ
92,038340,KOSDAQ
93,073570,KOSDAQ
94,057030,KOSDAQ
95,040300,KOSDAQ
96,051390,KOSDAQ
97,052220,KOSDAQ
98,079940,KOSDAQ
99,078890,KOSDAQ
100,036620,KOSDAQ
101,217730,KOSDAQ
102,114190,KOSDAQ
103,094480,KOSDAQ
104,063080,KOSDAQ
105,039240,KOSDAQ
106,053950,KOSDAQ
107,223310,KOSDAQ
108,011040,KOSDAQ
109,024910,KOSDAQ
110,198440,KOSDAQ
111,049720,KOSDAQ
112,014570,KOSDAQ
113,348150,KOSDAQ
114,098460,KOSDAQ
115,035290,KOSDAQ
116,038530,KOSDAQ
117,900280,KOSDAQ
118,215000,KOSDAQ
119,121440,KOSDAQ
120,014200,KOSDAQ
121,026910,KOSDAQ
122,090150,KOSDAQ
123,355150,KOSDAQ
124,331520,KOSDAQ
125,053270,KOSDAQ
126,066620,KOSDAQ
127,043650,KOSDAQ
128,006050,KOSDAQ
129,060480,KOSDAQ
130,078130,KOSDAQ
131,307750,KOSDAQ
132,204020,KOSDAQ
133,186230,KOSDAQ
134,900070,KOSDAQ
135,204620,KOSDAQ
136,019660,KOSDAQ
137,053260,KOSDAQ
138,036190,KOSDAQ
139,049080,KOSDAQ
140,035460,KOSDAQ
141,308100,KOSDAQ
142,187790,KOSDAQ
143,286750,KOSDAQ
144,151910,KOSDAQ
145,121600,KOSDAQ
146,247660,KOSDAQ
147,039860,KOSDAQ
148,091970,KOSDAQ
149,051490,KOSDAQ
150,190510,KOSDAQ
151,242040,KOSDAQ
152,089600,KOSDAQ
153,293580,KOSDAQ
154,138610,KOSDAQ
155,130580,KOSDAQ
156,036800,KOSDAQ
157,267320,KOSDAQ
158,111710,KOSDAQ
159,091590,KOSDAQ
160,168330,KOSDAQ
161,094860,KOSDAQ
162,253590,KOSDAQ
163,212560,KOSDAQ
164,095660,KOSDAQ
165,042420,KOSDAQ
166,950220,KOSDAQ
167,311390,KOSDAQ
168,085910,KOSDAQ
169,092730,KOSDAQ
170,290660,KOSDAQ
171,306620,KOSDAQ
172,153460,KOSDAQ
173,007390,KOSDAQ
174,033640,KOSDAQ
175,330860,KOSDAQ
176,089140,KOSDAQ
177,065170,KOSDAQ
178,137940,KOSDAQ
179,348210,KOSDAQ
180,041140,KOSDAQ
181,217270,KOSDAQ
182,225570,KOSDAQ
183,104620,KOSDAQ
184,194700,KOSDAQ
185,285490,KOSDAQ
186,278650,KOSDAQ
187,144510,KOSDAQ
188,031390,KOSDAQ
189,142280,KOSDAQ
190,234690,KOSDAQ
191,065560,KOSDAQ
192,054050,KOSDAQ
193,069140,KOSDAQ
194,040160,KOSDAQ
195,126870,KOSDAQ
196,060260,KOSDAQ
197,012340,KOSDAQ
198,214870,KOSDAQ
199,270870,KOSDAQ
200,144960,KOSDAQ
201,085670,KOSDAQ
202,119860,KOSDAQ
203,064260,KOSDAQ
204,093640,KOSDAQ
205,340360,KOSDAQ
206,039560,KOSDAQ
207,032190,KOSDAQ
208,068240,KOSDAQ
209,020400,KOSDAQ
210,008830,KOSDAQ
211,048470,KOSDAQ
212,004780,KOSDAQ
213,017650,KOSDAQ
214,007720,KOSDAQ
215,317850,KOSDAQ
216,290670,KOSDAQ
217,078140,KOSDAQ
218,036480,KOSDAQ
219,025440,KOSDAQ
220,027830,KOSDAQ
221,104040,KOSDAQ
222,387310,KOSDAQ
223,332290,KOSDAQ
224,336570,KOSDAQ
225,369370,KOSDAQ
226,020180,KOSDAQ
227,045390,KOSDAQ
228,108380,KOSDAQ
229,006580,KOSDAQ
230,007680,KOSDAQ
231,048910,KOSDAQ
232,005710,KOSDAQ
233,290380,KOSDAQ
234,290120,KOSDAQ
235,120240,KOSDAQ
236,003310,KOSDAQ
237,078600,KOSDAQ
238,096350,KOSDAQ
239,140520,KOSDAQ
240,131220,KOSDAQ
241,010170,KOSDAQ
242,060900,KOSDAQ
243,054670,KOSDAQ
244,023910,KOSDAQ
245,021040,KOSDAQ
246,021045,KOSDAQ
247,067080,KOSDAQ
248,298540,KOSDAQ
249,299170,KOSDAQ
250,213420,KOSDAQ
251,317330,KOSDAQ
252,077360,KOSDAQ
253,090410,KOSDAQ
254,263600,KOSDAQ
255,194480,KOSDAQ
256,263800,KOSDAQ
257,206560,KOSDAQ
258,261200,KOSDAQ
259,067990,KOSDAQ
260,006620,KOSDAQ
261,100130,KOSDAQ
262,005160,KOSDAQ
263,075970,KOSDAQ
264,086450,KOSDAQ
265,099410,KOSDAQ
266,033500,KOSDAQ
267,025950,KOSDAQ
268,088130,KOSDAQ
269,041930,KOSDAQ
270,060380,KOSDAQ
271,079960,KOSDAQ
272,228340,KOSDAQ
273,088910,KOSDAQ
274,094170,KOSDAQ
275,013120,KOSDAQ
276,109860,KOSDAQ
277,032960,KOSDAQ
278,023790,KOSDAQ
279,005290,KOSDAQ
280,025900,KOSDAQ
281,073190,KOSDAQ
282,030350,KOSDAQ
283,203650,KOSDAQ
284,223250,KOSDAQ
285,060570,KOSDAQ
286,217620,KOSDAQ
287,187870,KOSDAQ
288,066670,KOSDAQ
289,110990,KOSDAQ
290,263690,KOSDAQ
291,214680,KOSDAQ
292,263720,KOSDAQ
293,109740,KOSDAQ
294,131030,KOSDAQ
295,196490,KOSDAQ
296,066900,KOSDAQ
297,127120,KOSDAQ
298,092070,KOSDAQ
299,134580,KOSDAQ
300,039840,KOSDAQ
301,219550,KOSDAQ
302,104460,KOSDAQ
303,079810,KOSDAQ
304,113810,KOSDAQ
305,043360,KOSDAQ
306,197140,KOSDAQ
307,106520,KOSDAQ
308,068930,KOSDAQ
309,033130,KOSDAQ
310,105740,KOSDAQ
311,263020,KOSDAQ
312,290550,KOSDAQ
313,187220,KOSDAQ
314,131180,KOSDAQ
315,315640,KOSDAQ
316,317120,KOSDAQ
317,042510,KOSDAQ
318,232680,KOSDAQ
319,300120,KOSDAQ
320,171120,KOSDAQ
321,069540,KOSDAQ
322,347700,KOSDAQ
323,214260,KOSDAQ
324,171010,KOSDAQ
325,084650,KOSDAQ
326,217500,KOSDAQ
327,141080,KOSDAQ
328,060300,KOSDAQ
329,038390,KOSDAQ
330,294140,KOSDAQ
331,228670,KOSDAQ
332,228850,KOSDAQ
333,281740,KOSDAQ
334,277810,KOSDAQ
335,215100,KOSDAQ
336,090360,KOSDAQ
337,108490,KOSDAQ
338,900260,KOSDAQ
339,067730,KOSDAQ
340,071280,KOSDAQ
341,038060,KOSDAQ
342,085370,KOSDAQ
343,08537M,KOSDAQ
344,060240,KOSDAQ
345,058470,KOSDAQ
346,039980,KOSDAQ
347,019570,KOSDAQ
348,016100,KOSDAQ
349,012700,KOSDAQ
350,302550,KOSDAQ
351,377450,KOSDAQ
352,029480,KOSDAQ
353,277070,KOSDAQ
354,042500,KOSDAQ
355,219420,KOSDAQ
356,195500,KOSDAQ
357,222810,KOSDAQ
358,305090,KOSDAQ
359,098120,KOSDAQ
360,147760,KOSDAQ
361,038290,KOSDAQ
362,220630,KOSDAQ
363,267980,KOSDAQ
364,005990,KOSDAQ
365,127160,KOSDAQ
366,093520,KOSDAQ
367,377030,KOSDAQ
368,100590,KOSDAQ
369,067280,KOSDAQ
370,072870,KOSDAQ
371,215200,KOSDAQ
372,133750,KOSDAQ
373,235980,KOSDAQ
374,041920,KOSDAQ
375,014100,KOSDAQ
376,054180,KOSDAQ
377,086900,KOSDAQ
378,078160,KOSDAQ
379,065650,KOSDAQ
380,021880,KOSDAQ
381,140410,KOSDAQ
382,241770,KOSDAQ
383,059210,KOSDAQ
384,058110,KOSDAQ
385,096640,KOSDAQ
386,257370,KOSDAQ
387,080420,KOSDAQ
388,080160,KOSDAQ
389,100030,KOSDAQ
390,087260,KOSDAQ
391,101330,KOSDAQ
392,012860,KOSDAQ
393,348030,KOSDAQ
394,250060,KOSDAQ
395,033200,KOSDAQ
396,118990,KOSDAQ
397,006920,KOSDAQ
398,001810,KOSDAQ
399,279600,KOSDAQ
400,095500,KOSDAQ
401,218150,KOSDAQ
402,353490,KOSDAQ
403,328380,KOSDAQ
404,100790,KOSDAQ
405,049950,KOSDAQ
406,207760,KOSDAQ
407,059090,KOSDAQ
408,214610,KOSDAQ
409,201490,KOSDAQ
410,950190,KOSDAQ
411,214180,KOSDAQ
412,206640,KOSDAQ
413,018700,KOSDAQ
414,035620,KOSDAQ
415,064520,KOSDAQ
416,053030,KOSDAQ
417,301300,KOSDAQ
418,064550,KOSDAQ
419,314930,KOSDAQ
420,208710,KOSDAQ
421,142760,KOSDAQ
422,086820,KOSDAQ
423,038460,KOSDAQ
424,086040,KOSDAQ
425,099430,KOSDAQ
426,032980,KOSDAQ
427,308080,KOSDAQ
428,043150,KOSDAQ
429,323990,KOSDAQ
430,267790,KOSDAQ
431,046310,KOSDAQ
432,066410,KOSDAQ
433,206400,KOSDAQ
434,019010,KOSDAQ
435,177350,KOSDAQ
436,299910,KOSDAQ
437,225530,KOSDAQ
438,250000,KOSDAQ
439,006910,KOSDAQ
440,226340,KOSDAQ
441,014470,KOSDAQ
442,008470,KOSDAQ
443,338220,KOSDAQ
444,100120,KOSDAQ
445,337930,KOSDAQ
446,099390,KOSDAQ
447,064480,KOSDAQ
448,288330,KOSDAQ
449,251630,KOSDAQ
450,018290,KOSDAQ
451,044480,KOSDAQ
452,033560,KOSDAQ
453,126340,KOSDAQ
454,121800,KOSDAQ
455,148140,KOSDAQ
456,082800,KOSDAQ
457,318410,KOSDAQ
458,200780,KOSDAQ
459,141000,KOSDAQ
460,090460,KOSDAQ
461,083650,KOSDAQ
462,086670,KOSDAQ
463,335890,KOSDAQ
464,138580,KOSDAQ
465,082920,KOSDAQ
466,054220,KOSDAQ
467,042370,KOSDAQ
468,032850,KOSDAQ
469,238200,KOSDAQ
470,093190,KOSDAQ
471,065450,KOSDAQ
472,072950,KOSDAQ
473,143240,KOSDAQ
474,100090,KOSDAQ
475,122350,KOSDAQ
476,014970,KOSDAQ
477,018310,KOSDAQ
478,053700,KOSDAQ
479,009620,KOSDAQ
480,023600,KOSDAQ
481,380320,KOSDAQ
482,377630,KOSDAQ
483,009300,KOSDAQ
484,225190,KOSDAQ
485,361670,KOSDAQ
486,054540,KOSDAQ
487,065570,KOSDAQ
488,032280,KOSDAQ
489,002290,KOSDAQ
490,037460,KOSDAQ
491,032750,KOSDAQ
492,054090,KOSDAQ
493,000250,KOSDAQ
494,024950,KOSDAQ
495,038500,KOSDAQ
496,017480,KOSDAQ
497,046390,KOSDAQ
498,027580,KOSDAQ
499,038540,KOSDAQ
500,307870,KOSDAQ
501,329560,KOSDAQ
502,101000,KOSDAQ
503,091580,KOSDAQ
504,263810,KOSDAQ
505,089980,KOSDAQ
506,042940,KOSDAQ
507,042600,KOSDAQ
508,252990,KOSDAQ
509,263540,KOSDAQ
510,294630,KOSDAQ
511,038070,KOSDAQ
512,006730,KOSDAQ
513,079650,KOSDAQ
514,100660,KOSDAQ
515,019770,KOSDAQ
516,043710,KOSDAQ
517,092190,KOSDAQ
518,046890,KOSDAQ
519,063170,KOSDAQ
520,027040,KOSDAQ
521,018680,KOSDAQ
522,093920,KOSDAQ
523,189860,KOSDAQ
524,178320,KOSDAQ
525,122690,KOSDAQ
526,140070,KOSDAQ
527,011370,KOSDAQ
528,065710,KOSDAQ
529,035890,KOSDAQ
530,357550,KOSDAQ
531,003100,KOSDAQ
532,123420,KOSDAQ
533,171090,KOSDAQ
534,086710,KOSDAQ
535,014620,KOSDAQ
536,037350,KOSDAQ
537,081580,KOSDAQ
538,045300,KOSDAQ
539,015750,KOSDAQ
540,080470,KOSDAQ
541,043260,KOSDAQ
542,148150,KOSDAQ
543,053060,KOSDAQ
544,017510,KOSDAQ
545,011560,KOSDAQ
546,052190,KOSDAQ
547,100700,KOSDAQ
548,234100,KOSDAQ
549,024830,KOSDAQ
550,258830,KOSDAQ
551,036630,KOSDAQ
552,039310,KOSDAQ
553,067770,KOSDAQ
554,053450,KOSDAQ
555,234340,KOSDAQ
556,252500,KOSDAQ
557,347000,KOSDAQ
558,331920,KOSDAQ
559,049180,KOSDAQ
560,299660,KOSDAQ
561,268600,KOSDAQ
562,108860,KOSDAQ
563,208370,KOSDAQ
564,068760,KOSDAQ
565,091990,KOSDAQ
566,290690,KOSDAQ
567,053110,KOSDAQ
568,950200,KOSDAQ
569,032680,KOSDAQ
570,032685,KOSDAQ
571,258790,KOSDAQ
572,066910,KOSDAQ
573,043100,KOSDAQ
574,154040,KOSDAQ
575,035610,KOSDAQ
576,357780,KOSDAQ
577,036830,KOSDAQ
578,304100,KOSDAQ
579,086980,KOSDAQ
580,050960,KOSDAQ
581,084180,KOSDAQ
582,253840,KOSDAQ
583,058530,KOSDAQ
584,236200,KOSDAQ
585,317770,KOSDAQ
586,094840,KOSDAQ
587,192440,KOSDAQ
588,099440,KOSDAQ
589,033790,KOSDAQ
590,131100,KOSDAQ
591,159910,KOSDAQ
592,115570,KOSDAQ
593,253450,KOSDAQ
594,204630,KOSDAQ
595,013810,KOSDAQ
596,039670,KOSDAQ
597,049830,KOSDAQ
598,020710,KOSDAQ
599,033170,KOSDAQ
600,048870,KOSDAQ
601,025320,KOSDAQ
602,269620,KOSDAQ
603,131090,KOSDAQ
604,139050,KOSDAQ
605,290520,KOSDAQ
606,001000,KOSDAQ
607,025870,KOSDAQ
608,215600,KOSDAQ
609,065350,KOSDAQ
610,002800,KOSDAQ
611,323280,KOSDAQ
612,344050,KOSDAQ
613,017000,KOSDAQ
614,012790,KOSDAQ
615,138070,KOSDAQ
616,226330,KOSDAQ
617,333050,KOSDAQ
618,366330,KOSDAQ
619,393360,KOSDAQ
620,056700,KOSDAQ
621,187270,KOSDAQ
622,243840,KOSDAQ
623,257720,KOSDAQ
624,222800,KOSDAQ
625,036710,KOSDAQ
626,160980,KOSDAQ
627,356890,KOSDAQ
628,217330,KOSDAQ
629,010280,KOSDAQ
630,208640,KOSDAQ
631,222420,KOSDAQ
632,037760,KOSDAQ
633,136510,KOSDAQ
634,099320,KOSDAQ
635,049960,KOSDAQ
636,050890,KOSDAQ
637,066790,KOSDAQ
638,222080,KOSDAQ
639,352480,KOSDAQ
640,264660,KOSDAQ
641,352700,KOSDAQ
642,297090,KOSDAQ
643,115530,KOSDAQ
644,225330,KOSDAQ
645,115480,KOSDAQ
646,376290,KOSDAQ
647,189330,KOSDAQ
648,096530,KOSDAQ
649,900120,KOSDAQ
650,101240,KOSDAQ
651,060590,KOSDAQ
652,260930,KOSDAQ
653,013990,KOSDAQ
654,123860,KOSDAQ
655,025980,KOSDAQ
656,050320,KOSDAQ
657,058220,KOSDAQ
658,125210,KOSDAQ
659,357580,KOSDAQ
660,052710,KOSDAQ
661,074430,KOSDAQ
662,092040,KOSDAQ
663,083930,KOSDAQ
664,149950,KOSDAQ
665,036010,KOSDAQ
666,050860,KOSDAQ
667,246720,KOSDAQ
668,067390,KOSDAQ
669,159010,KOSDAQ
670,127710,KOSDAQ
671,154030,KOSDAQ
672,227610,KOSDAQ
673,143160,KOSDAQ
674,054800,KOSDAQ
675,332370,KOSDAQ
676,339950,KOSDAQ
677,099190,KOSDAQ
678,289010,KOSDAQ
679,214430,KOSDAQ
680,040910,KOSDAQ
681,068940,KOSDAQ
682,052860,KOSDAQ
683,069920,KOSDAQ
684,038880,KOSDAQ
685,307180,KOSDAQ
686,101390,KOSDAQ
687,078860,KOSDAQ
688,114810,KOSDAQ
689,031310,KOSDAQ
690,185490,KOSDAQ
691,059100,KOSDAQ
692,262840,KOSDAQ
693,175250,KOSDAQ
694,052460,KOSDAQ
695,119830,KOSDAQ
696,052770,KOSDAQ
697,124500,KOSDAQ
698,084850,KOSDAQ
699,114840,KOSDAQ
700,027360,KOSDAQ
701,032080,KOSDAQ
702,013310,KOSDAQ
703,059120,KOSDAQ
704,158430,KOSDAQ
705,067160,KOSDAQ
706,001540,KOSDAQ
707,053800,KOSDAQ
708,065660,KOSDAQ
709,297570,KOSDAQ
710,260660,KOSDAQ
711,131370,KOSDAQ
712,140670,KOSDAQ
713,096610,KOSDAQ
714,061040,KOSDAQ
715,148250,KOSDAQ
716,347860,KOSDAQ
717,196170,KOSDAQ
718,123750,KOSDAQ
719,085810,KOSDAQ
720,117670,KOSDAQ
721,291650,KOSDAQ
722,293780,KOSDAQ
723,196300,KOSDAQ
724,310200,KOSDAQ
725,900100,KOSDAQ
726,205500,KOSDAQ
727,052790,KOSDAQ
728,290740,KOSDAQ
729,238090,KOSDAQ
730,092600,KOSDAQ
731,129890,KOSDAQ
732,174900,KOSDAQ
733,255440,KOSDAQ
734,060230,KOSDAQ
735,030960,KOSDAQ
736,102120,KOSDAQ
737,238120,KOSDAQ
738,019990,KOSDAQ
739,270660,KOSDAQ
740,038680,KOSDAQ
741,217480,KOSDAQ
742,121890,KOSDAQ
743,097780,KOSDAQ
744,042110,KOSDAQ
745,298060,KOSDAQ
746,065420,KOSDAQ
747,103230,KOSDAQ
748,260970,KOSDAQ
749,101490,KOSDAQ
750,095910,KOSDAQ
751,275630,KOSDAQ
752,031330,KOSDAQ
753,060540,KOSDAQ
754,056190,KOSDAQ
755,080000,KOSDAQ
756,214310,KOSDAQ
757,041510,KOSDAQ
758,007820,KOSDAQ
759,109610,KOSDAQ
760,306040,KOSDAQ
761,096630,KOSDAQ
762,069510,KOSDAQ
763,041910,KOSDAQ
764,234300,KOSDAQ
765,039440,KOSDAQ
766,098660,KOSDAQ
767,052020,KOSDAQ
768,237690,KOSDAQ
769,050760,KOSDAQ
770,288620,KOSDAQ
771,317830,KOSDAQ
772,058610,KOSDAQ
773,043340,KOSDAQ
774,187660,KOSDAQ
775,054630,KOSDAQ
776,200710,KOSDAQ
777,096690,KOSDAQ
778,298380,KOSDAQ
779,203400,KOSDAQ
780,195990,KOSDAQ
781,003800,KOSDAQ
782,088800,KOSDAQ
783,241840,KOSDAQ
784,312610,KOSDAQ
785,072990,KOSDAQ
786,227100,KOSDAQ
787,176440,KOSDAQ
788,028300,KOSDAQ
789,067630,KOSDAQ
790,047920,KOSDAQ
791,043220,KOSDAQ
792,239610,KOSDAQ
793,353070,KOSDAQ
794,353060,KOSDAQ
795,044780,KOSDAQ
796,357230,KOSDAQ
797,071670,KOSDAQ
798,045660,KOSDAQ
799,224110,KOSDAQ
800,230980,KOSDAQ
801,021080,KOSDAQ
802,089530,KOSDAQ
803,200470,KOSDAQ
804,262260,KOSDAQ
805,109960,KOSDAQ
806,089970,KOSDAQ
807,230240,KOSDAQ
808,064510,KOSDAQ
809,230360,KOSDAQ
810,038870,KOSDAQ
811,128540,KOSDAQ
812,086520,KOSDAQ
813,247540,KOSDAQ
814,383310,KOSDAQ
815,038110,KOSDAQ
816,073540,KOSDAQ
817,064850,KOSDAQ
818,064090,KOSDAQ
819,036810,KOSDAQ
820,173940,KOSDAQ
821,083500,KOSDAQ
822,054940,KOSDAQ
823,950130,KOSDAQ
824,205100,KOSDAQ
825,070300,KOSDAQ
826,092870,KOSDAQ
827,317870,KOSDAQ
828,067570,KOSDAQ
829,236810,KOSDAQ
830,333620,KOSDAQ
831,101400,KOSDAQ
832,217820,KOSDAQ
833,031860,KOSDAQ
834,359090,KOSDAQ
835,365590,KOSDAQ
836,391060,KOSDAQ
837,391710,KOSDAQ
838,265740,KOSDAQ
839,354200,KOSDAQ
840,208860,KOSDAQ
841,183490,KOSDAQ
842,182400,KOSDAQ
843,348370,KOSDAQ
844,069410,KOSDAQ
845,227950,KOSDAQ
846,291230,KOSDAQ
847,198080,KOSDAQ
848,048830,KOSDAQ
849,096870,KOSDAQ
850,376190,KOSDAQ
851,061970,KOSDAQ
852,138690,KOSDAQ
853,290650,KOSDAQ
854,066970,KOSDAQ
855,156100,KOSDAQ
856,073110,KOSDAQ
857,083310,KOSDAQ
858,037950,KOSDAQ
859,170920,KOSDAQ
860,058630,KOSDAQ
861,058970,KOSDAQ
862,019590,KOSDAQ
863,169330,KOSDAQ
864,179290,KOSDAQ
865,009780,KOSDAQ
866,123040,KOSDAQ
867,323230,KOSDAQ
868,032790,KOSDAQ
869,033160,KOSDAQ
870,347890,KOSDAQ
871,033310,KOSDAQ
872,259630,KOSDAQ
873,065150,KOSDAQ
874,115960,KOSDAQ
875,090740,KOSDAQ
876,060850,KOSDAQ
877,007530,KOSDAQ
878,143540,KOSDAQ
879,036560,KOSDAQ
880,265560,KOSDAQ
881,036000,KOSDAQ
882,250930,KOSDAQ
883,053280,KOSDAQ
884,122640,KOSDAQ
885,900300,KOSDAQ
886,045060,KOSDAQ
887,080520,KOSDAQ
888,039830,KOSDAQ
889,322310,KOSDAQ
890,046120,KOSDAQ
891,014940,KOSDAQ
892,065500,KOSDAQ
893,010470,KOSDAQ
894,352910,KOSDAQ
895,053980,KOSDAQ
896,052420,KOSDAQ
897,241790,KOSDAQ
898,039200,KOSDAQ
899,226400,KOSDAQ
900,031510,KOSDAQ
901,048260,KOSDAQ
902,138080,KOSDAQ
903,080580,KOSDAQ
904,067170,KOSDAQ
905,173130,KOSDAQ
906,049480,KOSDAQ
907,309930,KOSDAQ
908,244460,KOSDAQ
909,226950,KOSDAQ
910,057540,KOSDAQ
911,082210,KOSDAQ
912,109080,KOSDAQ
913,153710,KOSDAQ
914,321820,KOSDAQ
915,122990,KOSDAQ
916,232140,KOSDAQ
917,065530,KOSDAQ
918,067900,KOSDAQ
919,155650,KOSDAQ
920,273640,KOSDAQ
921,251370,KOSDAQ
922,066430,KOSDAQ
923,193250,KOSDAQ
924,273060,KOSDAQ
925,019210,KOSDAQ
926,122870,KOSDAQ
927,332570,KOSDAQ
928,079000,KOSDAQ
929,032820,KOSDAQ
930,041190,KOSDAQ
931,115440,KOSDAQ
932,046970,KOSDAQ
933,082850,KOSDAQ
934,215360,KOSDAQ
935,072470,KOSDAQ
936,073560,KOSDAQ
937,153490,KOSDAQ
938,037400,KOSDAQ
939,101170,KOSDAQ
940,066590,KOSDAQ
941,103840,KOSDAQ
942,046940,KOSDAQ
943,215380,KOSDAQ
944,065680,KOSDAQ
945,018620,KOSDAQ
946,307280,KOSDAQ
947,053080,KOSDAQ
948,032940,KOSDAQ
949,240810,KOSDAQ
950,074600,KOSDAQ
951,104830,KOSDAQ
952,014190,KOSDAQ
953,131390,KOSDAQ
954,030530,KOSDAQ
955,012620,KOSDAQ
956,382840,KOSDAQ
957,376980,KOSDAQ
958,008370,KOSDAQ
959,008290,KOSDAQ
960,101160,KOSDAQ
961,095270,KOSDAQ
962,065950,KOSDAQ
963,076080,KOSDAQ
964,196700,KOSDAQ
965,069080,KOSDAQ
966,053580,KOSDAQ
967,071460,KOSDAQ
968,044340,KOSDAQ
969,330350,KOSDAQ
970,348350,KOSDAQ
971,112040,KOSDAQ
972,101730,KOSDAQ
973,065370,KOSDAQ
974,038620,KOSDAQ
975,299900,KOSDAQ
976,036090,KOSDAQ
977,136540,KOSDAQ
978,320000,KOSDAQ
979,097800,KOSDAQ
980,192390,KOSDAQ
981,313760,KOSDAQ
982,900340,KOSDAQ
983,036200,KOSDAQ
984,018000,KOSDAQ
985,203450,KOSDAQ
986,011320,KOSDAQ
987,086390,KOSDAQ
988,241690,KOSDAQ
989,142210,KOSDAQ
990,048430,KOSDAQ
991,206650,KOSDAQ
992,089850,KOSDAQ
993,032620,KOSDAQ
994,264450,KOSDAQ
995,078070,KOSDAQ
996,024800,KOSDAQ
997,054930,KOSDAQ
998,069330,KOSDAQ
999,049520,KOSDAQ
1000,313750,KOSDAQ
1001,336060,KOSDAQ
1002,367460,KOSDAQ
1003,367480,KOSDAQ
1004,056090,KOSDAQ
1005,263770,KOSDAQ
1006,340930,KOSDAQ
1007,023410,KOSDAQ
1008,056080,KOSDAQ
1009,373340,KOSDAQ
1010,388800,KOSDAQ
1011,084370,KOSDAQ
1012,178780,KOSDAQ
1013,179900,KOSDAQ
1014,263050,KOSDAQ
1015,191410,KOSDAQ
1016,072770,KOSDAQ
1017,039020,KOSDAQ
1018,067920,KOSDAQ
1019,044960,KOSDAQ
1020,303530,KOSDAQ
1021,302430,KOSDAQ
1022,073490,KOSDAQ
1023,215790,KOSDAQ
1024,246960,KOSDAQ
1025,088390,KOSDAQ
1026,272290,KOSDAQ
1027,053350,KOSDAQ
1028,258610,KOSDAQ
1029,041520,KOSDAQ
1030,264850,KOSDAQ
1031,054210,KOSDAQ
1032,164060,KOSDAQ
1033,065440,KOSDAQ
1034,115610,KOSDAQ
1035,349720,KOSDAQ
1036,323210,KOSDAQ
1037,078020,KOSDAQ
1038,131400,KOSDAQ
1039,351330,KOSDAQ
1040,080010,KOSDAQ
1041,086890,KOSDAQ
1042,047560,KOSDAQ
1043,900110,KOSDAQ
1044,067010,KOSDAQ
1045,101360,KOSDAQ
1046,102710,KOSDAQ
1047,066980,KOSDAQ
1048,063760,KOSDAQ
1049,123570,KOSDAQ
1050,083470,KOSDAQ
1051,095190,KOSDAQ
1052,091120,KOSDAQ
1053,039030,KOSDAQ
1054,294090,KOSDAQ
1055,088290,KOSDAQ
1056,181340,KOSDAQ
1057,353810,KOSDAQ
1058,099750,KOSDAQ
1059,035810,KOSDAQ
1060,160600,KOSDAQ
1061,092130,KOSDAQ
1062,096040,KOSDAQ
1063,134060,KOSDAQ
1064,001840,KOSDAQ
1065,024810,KOSDAQ
1066,041830,KOSDAQ
1067,352940,KOSDAQ
1068,079950,KOSDAQ
1069,277410,KOSDAQ
1070,060150,KOSDAQ
1071,033230,KOSDAQ
1072,037330,KOSDAQ
1073,083640,KOSDAQ
1074,216050,KOSDAQ
1075,049070,KOSDAQ
1076,119610,KOSDAQ
1077,017250,KOSDAQ
1078,035080,KOSDAQ
1079,051370,KOSDAQ
1080,064290,KOSDAQ
1081,189300,KOSDAQ
1082,150840,KOSDAQ
1083,048530,KOSDAQ
1084,175140,KOSDAQ
1085,115310,KOSDAQ
1086,039290,KOSDAQ
1087,071200,KOSDAQ
1088,016670,KOSDAQ
1089,101930,KOSDAQ
1090,333430,KOSDAQ
1091,068330,KOSDAQ
1092,058450,KOSDAQ
1093,019540,KOSDAQ
1094,094820,KOSDAQ
1095,950140,KOSDAQ
1096,049550,KOSDAQ
1097,254120,KOSDAQ
1098,221610,KOSDAQ
1099,043910,KOSDAQ
1100,234920,KOSDAQ
1101,289220,KOSDAQ
1102,174880,KOSDAQ
1103,049630,KOSDAQ
1104,110020,KOSDAQ
1105,208140,KOSDAQ
1106,022220,KOSDAQ
1107,040420,KOSDAQ
1108,045510,KOSDAQ
1109,217190,KOSDAQ
1110,095700,KOSDAQ
1111,072520,KOSDAQ
1112,122310,KOSDAQ
1113,361390,KOSDAQ
1114,187420,KOSDAQ
1115,225220,KOSDAQ
1116,123330,KOSDAQ
1117,159580,KOSDAQ
1118,147830,KOSDAQ
1119,033100,KOSDAQ
1120,079370,KOSDAQ
1121,054950,KOSDAQ
1122,090470,KOSDAQ
1123,287410,KOSDAQ
1124,137950,KOSDAQ
1125,033320,KOSDAQ
1126,204270,KOSDAQ
1127,026040,KOSDAQ
1128,126880,KOSDAQ
1129,322510,KOSDAQ
1130,033050,KOSDAQ
1131,094970,KOSDAQ
1132,058420,KOSDAQ
1133,089790,KOSDAQ
1134,052670,KOSDAQ
1135,199820,KOSDAQ
1136,023440,KOSDAQ
1137,038010,KOSDAQ
1138,276730,KOSDAQ
1139,080220,KOSDAQ
1140,216080,KOSDAQ
1141,229000,KOSDAQ
1142,082270,KOSDAQ
1143,064800,KOSDAQ
1144,041590,KOSDAQ
1145,044060,KOSDAQ
1146,034940,KOSDAQ
1147,067000,KOSDAQ
1148,033340,KOSDAQ
1149,036930,KOSDAQ
1150,239340,KOSDAQ
1151,051980,KOSDAQ
1152,072020,KOSDAQ
1153,000440,KOSDAQ
1154,078650,KOSDAQ
1155,228760,KOSDAQ
1156,314130,KOSDAQ
1157,043610,KOSDAQ
1158,263860,KOSDAQ
1159,303030,KOSDAQ
1160,036180,KOSDAQ
1161,208350,KOSDAQ
1162,114570,KOSDAQ
1163,382480,KOSDAQ
1164,382800,KOSDAQ
1165,051160,KOSDAQ
1166,053050,KOSDAQ
1167,119850,KOSDAQ
1168,270520,KOSDAQ
1169,065060,KOSDAQ
1170,204840,KOSDAQ
1171,115450,KOSDAQ
1172,219750,KOSDAQ
1173,018120,KOSDAQ
1174,109820,KOSDAQ
1175,086060,KOSDAQ
1176,036890,KOSDAQ
1177,363250,KOSDAQ
1178,007370,KOSDAQ
1179,085660,KOSDAQ
1180,261780,KOSDAQ
1181,158310,KOSDAQ
1182,094850,KOSDAQ
1183,004650,KOSDAQ
1184,311690,KOSDAQ
1185,278280,KOSDAQ
1186,096240,KOSDAQ
1187,066360,KOSDAQ
1188,047820,KOSDAQ
1189,052300,KOSDAQ
1190,094360,KOSDAQ
1191,016920,KOSDAQ
1192,284620,KOSDAQ
1193,293490,KOSDAQ
1194,042000,KOSDAQ
1195,317530,KOSDAQ
1196,071850,KOSDAQ
1197,180400,KOSDAQ
1198,050110,KOSDAQ
1199,900310,KOSDAQ
1200,078340,KOSDAQ
1201,307930,KOSDAQ
1202,263700,KOSDAQ
1203,214370,KOSDAQ
1204,221980,KOSDAQ
1205,317030,KOSDAQ
1206,323940,KOSDAQ
1207,330990,KOSDAQ
1208,342550,KOSDAQ
1209,192250,KOSDAQ
1210,115500,KOSDAQ
1211,089150,KOSDAQ
1212,025880,KOSDAQ
1213,093320,KOSDAQ
1214,073010,KOSDAQ
1215,105330,KOSDAQ
1216,272110,KOSDAQ
1217,039420,KOSDAQ
1218,083550,KOSDAQ
1219,032500,KOSDAQ
1220,225430,KOSDAQ
1221,036030,KOSDAQ
1222,064820,KOSDAQ
1223,347140,KOSDAQ
1224,256940,KOSDAQ
1225,024880,KOSDAQ
1226,042040,KOSDAQ
1227,054410,KOSDAQ
1228,274090,KOSDAQ
1229,217600,KOSDAQ
1230,089010,KOSDAQ
1231,220260,KOSDAQ
1232,052400,KOSDAQ
1233,046070,KOSDAQ
1234,047770,KOSDAQ
1235,078940,KOSDAQ
1236,080530,KOSDAQ
1237,224060,KOSDAQ
1238,104540,KOSDAQ
1239,027050,KOSDAQ
1240,290510,KOSDAQ
1241,190650,KOSDAQ
1242,101670,KOSDAQ
1243,123410,KOSDAQ
1244,036690,KOSDAQ
1245,049430,KOSDAQ
1246,183300,KOSDAQ
1247,041960,KOSDAQ
1248,089890,KOSDAQ
1249,009730,KOSDAQ
1250,082660,KOSDAQ
1251,222040,KOSDAQ
1252,241710,KOSDAQ
1253,069110,KOSDAQ
1254,166480,KOSDAQ
1255,045970,KOSDAQ
1256,196450,KOSDAQ
1257,029960,KOSDAQ
1258,102940,KOSDAQ
1259,950160,KOSDAQ
1260,033290,KOSDAQ
1261,056360,KOSDAQ
1262,282880,KOSDAQ
1263,121850,KOSDAQ
1264,015710,KOSDAQ
1265,052330,KOSDAQ
1266,322780,KOSDAQ
1267,126600,KOSDAQ
1268,200130,KOSDAQ
1269,294570,KOSDAQ
1270,317690,KOSDAQ
1271,365270,KOSDAQ
1272,060280,KOSDAQ
1273,040350,KOSDAQ
1274,051780,KOSDAQ
1275,115180,KOSDAQ
1276,182360,KOSDAQ
1277,066310,KOSDAQ
1278,016600,KOSDAQ
1279,043590,KOSDAQ
1280,114120,KOSDAQ
1281,110790,KOSDAQ
1282,900250,KOSDAQ
1283,083790,KOSDAQ
1284,045520,KOSDAQ
1285,036170,KOSDAQ
1286,214150,KOSDAQ
1287,352770,KOSDAQ
1288,237880,KOSDAQ
1289,139670,KOSDAQ
1290,054780,KOSDAQ
1291,219130,KOSDAQ
1292,065130,KOSDAQ
1293,023160,KOSDAQ
1294,053620,KOSDAQ
1295,044490,KOSDAQ
1296,124560,KOSDAQ
1297,191420,KOSDAQ
1298,073640,KOSDAQ
1299,182690,KOSDAQ
1300,066700,KOSDAQ
1301,095610,KOSDAQ
1302,131970,KOSDAQ
1303,089030,KOSDAQ
1304,054450,KOSDAQ
1305,091440,KOSDAQ
1306,200230,KOSDAQ
1307,215480,KOSDAQ
1308,051360,KOSDAQ
1309,045340,KOSDAQ
1310,108230,KOSDAQ
1311,079970,KOSDAQ
1312,105550,KOSDAQ
1313,026150,KOSDAQ
1314,322180,KOSDAQ
1315,117730,KOSDAQ
1316,033830,KOSDAQ
1317,057680,KOSDAQ
1318,064760,KOSDAQ
1319,246710,KOSDAQ
1320,340570,KOSDAQ
1321,277880,KOSDAQ
1322,131290,KOSDAQ
1323,356860,KOSDAQ
1324,062860,KOSDAQ
1325,321550,KOSDAQ
1326,104480,KOSDAQ
1327,081150,KOSDAQ
1328,130740,KOSDAQ
1329,084730,KOSDAQ
1330,046210,KOSDAQ
1331,034230,KOSDAQ
1332,033540,KOSDAQ
1333,043200,KOSDAQ
1334,214450,KOSDAQ
1335,208340,KOSDAQ
1336,177830,KOSDAQ
1337,037070,KOSDAQ
1338,150900,KOSDAQ
1339,037030,KOSDAQ
1340,047310,KOSDAQ
1341,170790,KOSDAQ
1342,049120,KOSDAQ
1343,038950,KOSDAQ
1344,106240,KOSDAQ
1345,131760,KOSDAQ
1346,065690,KOSDAQ
1347,140860,KOSDAQ
1348,091700,KOSDAQ
1349,032800,KOSDAQ
1350,318010,KOSDAQ
1351,027710,KOSDAQ
1352,225590,KOSDAQ
1353,054300,KOSDAQ
1354,068050,KOSDAQ
1355,222110,KOSDAQ
1356,263750,KOSDAQ
1357,251970,KOSDAQ
1358,087010,KOSDAQ
1359,119500,KOSDAQ
1360,022100,KOSDAQ
1361,009520,KOSDAQ
1362,189690,KOSDAQ
1363,318020,KOSDAQ
1364,256630,KOSDAQ
1365,331380,KOSDAQ
1366,141020,KOSDAQ
1367,041020,KOSDAQ
1368,114630,KOSDAQ
1369,123010,KOSDAQ
1370,290720,KOSDAQ
1371,005670,KOSDAQ
1372,094940,KOSDAQ
1373,007330,KOSDAQ
1374,093380,KOSDAQ
1375,023900,KOSDAQ
1376,220100,KOSDAQ
1377,035200,KOSDAQ
1378,334970,KOSDAQ
1379,203690,KOSDAQ
1380,321260,KOSDAQ
1381,053610,KOSDAQ
1382,377220,KOSDAQ
1383,335810,KOSDAQ
1384,053160,KOSDAQ
1385,367000,KOSDAQ
1386,075130,KOSDAQ
1387,237820,KOSDAQ
1388,023770,KOSDAQ
1389,300080,KOSDAQ
1390,032580,KOSDAQ
1391,051380,KOSDAQ
1392,241820,KOSDAQ
1393,237750,KOSDAQ
1394,024850,KOSDAQ
1395,319660,KOSDAQ
1396,031980,KOSDAQ
1397,002230,KOSDAQ
1398,057880,KOSDAQ
1399,043370,KOSDAQ
1400,239890,KOSDAQ
1401,347740,KOSDAQ
1402,137400,KOSDAQ
1403,128660,KOSDAQ
1404,006140,KOSDAQ
1405,376180,KOSDAQ
1406,304840,KOSDAQ
1407,062970,KOSDAQ
1408,087600,KOSDAQ
1409,161580,KOSDAQ
1410,347770,KOSDAQ
1411,163730,KOSDAQ
1412,332710,KOSDAQ
1413,341160,KOSDAQ
1414,343510,KOSDAQ
1415,363260,KOSDAQ
1416,388220,KOSDAQ
1417,299030,KOSDAQ
1418,067310,KOSDAQ
1419,372290,KOSDAQ
1420,166090,KOSDAQ
1421,136480,KOSDAQ
1422,003380,KOSDAQ
1423,149980,KOSDAQ
1424,013030,KOSDAQ
1425,126700,KOSDAQ
1426,106080,KOSDAQ
1427,340120,KOSDAQ
1428,377400,KOSDAQ
1429,221840,KOSDAQ
1430,106190,KOSDAQ
1431,066130,KOSDAQ
1432,368770,KOSDAQ
1433,004590,KOSDAQ
1434,039340,KOSDAQ
1435,034950,KOSDAQ
1436,222980,KOSDAQ
1437,318000,KOSDAQ
1438,256840,KOSDAQ
1439,025550,KOSDAQ
1440,017890,KOSDAQ
1441,080720,KOSDAQ
1442,063570,KOSDAQ
1443,041460,KOSDAQ
1444,101680,KOSDAQ
1445,039740,KOSDAQ
1446,053300,KOSDAQ
1447,025770,KOSDAQ
1448,310870,KOSDAQ
1449,023760,KOSDAQ
1450,054040,KOSDAQ
1451,050540,KOSDAQ
1452,021650,KOSDAQ
1453,053590,KOSDAQ
1454,032300,KOSDAQ
1455,037230,KOSDAQ
1456,030520,KOSDAQ
1457,052600,KOSDAQ
1458,256150,KOSDAQ
1459,092460,KOSDAQ
1460,047080,KOSDAQ
1461,070590,KOSDAQ
1462,226440,KOSDAQ
1463,042520,KOSDAQ
1464,078350,KOSDAQ
1465,045100,KOSDAQ
1466,046110,KOSDAQ
1467,024740,KOSDAQ
1468,005860,KOSDAQ
1469,123840,KOSDAQ
1470,007770,KOSDAQ
1471,043090,KOSDAQ
1472,079170,KOSDAQ
1473,086960,KOSDAQ
1474,054920,KOSDAQ
1475,002680,KOSDAQ
1476,066110,KOSDAQ
1477,317320,KOSDAQ
1478,340440,KOSDAQ
1479,386580,KOSDAQ
1480,034810,KOSDAQ
1481,076610,KOSDAQ
1482,059270,KOSDAQ
1483,220180,KOSDAQ
1484,900270,KOSDAQ
1485,084990,KOSDAQ
1486,170030,KOSDAQ
1487,319400,KOSDAQ
1488,048410,KOSDAQ
1489,052260,KOSDAQ
1490,016790,KOSDAQ
1491,041440,KOSDAQ
1492,039010,KOSDAQ
1493,090850,KOSDAQ
1494,092300,KOSDAQ
1495,053660,KOSDAQ
1496,138360,KOSDAQ
1497,011080,KOSDAQ
1498,060560,KOSDAQ
1499,064240,KOSDAQ
1500,039610,KOSDAQ
1501,126640,KOSDAQ
1502,061250,KOSDAQ
1503,097870,KOSDAQ
1504,050090,KOSDAQ
1505,290270,KOSDAQ
1506,353190,KOSDAQ
1507,090710,KOSDAQ
1508,205470,KOSDAQ
1509,115160,KOSDAQ
1510,028080,KOSDAQ
1511,032860,KOSDAQ
1512,200670,KOSDAQ
1513,065510,KOSDAQ
1514,215090,KOSDAQ
1515,243070,KOSDAQ
1516,084110,KOSDAQ
1517,263920,KOSDAQ
1518,145020,KOSDAQ
1519,024060,KOSDAQ
1520,010240,KOSDAQ
1521,189980,KOSDAQ
1522,037440,KOSDAQ
1523,238490,KOSDAQ
